{
  "article_url": "https://andylee.pro/wp/?p=4164",
  "title": "FM 96.1 : “The Happiest Entrepreneur”座談會  San Mateo, CA, 三月三十一日",
  "content": "<!--[if lt IE 9]><script>document.createElement('audio');</script><![endif]-->\n<audio class=\"wp-audio-shortcode\" controls=\"controls\" id=\"audio-4164-1\" preload=\"none\" style=\"width: 100%;\"><source src=\"https://andylee.pro/wp/wp-content/uploads/2017/02/drtalk-20170207-510-537pm-23m38s_S.mp3?_=1\" type=\"audio/mpeg\"/><a href=\"https://andylee.pro/wp/wp-content/uploads/2017/02/drtalk-20170207-510-537pm-23m38s_S.mp3\">https://andylee.pro/wp/wp-content/uploads/2017/02/drtalk-20170207-510-537pm-23m38s_S.mp3</a></audio>\n<p>想擁有一個成功而快樂的人生嗎？魚和熊掌不可兼得嗎？九位具有不同背景的成功企業家人士，包括善用中國元素的餐飲業設計師David Dodson、 昔日NFL球員、牧師等非高科技行業的成功人士，他們將和與會者分享他們如何開創自己嚮往的生活和事業。歡迎參加2017年3月31日在加州San Mateo 舉辦的“最快樂企業家”座談會！</p>\n<p>李宗恩醫師作為應邀演講嘉賓之一，他將從快樂與身體健康的關係為出發點，談中醫在幫助調節身心平衡發揮的作用。屆時李醫師還將分享為何他放棄了經營多年的風險投資基金，全心投身中醫事業並成為著名的中醫師的心路歷程。</p>\n<p><u>時間</u>：3/31/2017（週五），9:00am～6:00pm，</p>\n<p><u>地點</u>：Poplar Creek Event Center, San Mateo, CA</p>\n<p><u>主題</u><u>:</u> 最快樂的企業家</p>\n<p><u>演講嘉賓</u><u>:</u> 李宗恩博士, 以及其他企業家、成功人士：David Dodson (host), Cara France, Anthony Trucks, Kim Le, Rev. John Dodson, Phoebe Mroczek, and Danny Brassell.</p>\n<p><u>註冊</u><u>:</u> 請在主辦方網站<a href=\"http://happiest.club/\" target=\"_blank\">happiest.club</a> 購買入場券 （全價：$297，包括餐飲）。</p>",
  "article_time": "2017年02月07日 11:01",
  "comments": [],
  "page": 43,
  "order": 9,
  "filename": "data\\page43\\page43_order8_a5775a54eaf042b42ab6dcd523e4c926.json"
}