{
  "article_url": "https://andylee.pro/wp/?p=4678",
  "title": "關節炎",
  "content": "<p>關節炎，也是一個西醫只能減緩疼痛，而無法根治的疾病，甚至也無法避免骨節繼續腫脹變形。西醫把關節炎分成很多類，基本上有原發性及繼發性兩大類型，原發性通常指的是因為老化而造成的關節炎，繼發性的範圍比較廣，從運動受傷的後遺症、免疫系統不全或反應過度、基因問題、骨頭疾病、西藥副作用導致的骨頭壞死或化學不溶物進入關節等等。在這些各種關節炎分類之下，最普遍及最讓病人苦惱的，通常是免疫系統問題導致的關節炎，如慢性的類風濕性關節炎及急性的通風。</p>\n<p>在臨床治療上看到的關節炎，大多數可以對應到中醫所謂的「歷節」，在將近兩千年前的「傷寒雜病論」就已經有許多的闡述（宋朝把後半本分編為「金匱要略」），最簡單粗淺的解釋，是寒濕進入骨節，因此治療的方向在「去寒」、「去濕」，這一點是現在中醫師常常犯錯的地方。關節炎的症狀，大多是中醫所謂的「紅、腫、熱、痛」症狀。所以，非常多的中醫師在面對關節炎的時候，都是以「清熱」為主，那似乎最接近西醫的「消炎」。這種以寒涼藥為主的治療方法，在關節炎不嚴重時，或許可以暫時壓制關節炎的「紅、腫、熱、痛」現象，讓病人覺得有些效果，然而，往往讓潛在的關節炎問題變得更嚴重。我遇到過不少病人，告訴我幾年前發關節炎的時候，服用哪裡哪位中醫師開的藥方，那時候好像挺有效的，但是現在又發關節炎，變得比以前痛上好幾倍，骨節也變形了，服用原來的藥方卻一點用都沒有了，我看了一下那些藥方，全部都是以清熱、解毒為主，這樣的治療方法，比西醫的關節炎止痛藥好不到哪去。</p>\n<p>正確的中醫關節炎治療方法以「去寒」、「去濕」為主，聽起來很簡單，卻有兩個大問題：</p>\n<p>（1）骨節裡的寒濕，通常是累積很多年以後，病人才會覺得自己有關節炎的症狀。而既然是累積多年的寒濕，想要去掉它，也就不會是服藥兩三週的事情，醫師及病人都得有耐心。我自己臨床的經驗統計，通常病人開始服用中藥後，一兩週之內會有些改善的感覺，但是要完全不痛、活動完全沒問題，大概兩三個月逃不掉，如果骨節已經嚴重變形了，那恐怕就不是每一個病人都能夠運氣很好，變形的骨節還能變回原本正常的形狀，不過，有耐心慢慢服藥，做到不痛、活動自如、生活正常是可以的。</p>\n<p>（2）用熱藥去寒、用利水藥去濕，聽起來簡單，臨床治療卻是個藝術。除了每一個病人的症狀及身體其它問題都不一樣，關節炎的寒濕累積，是一個相對局部的現象，選擇什麼中藥、如何組合搭配、各個藥的劑量都重要，如果只是開大量的熱藥、利水藥，病人服藥後可能出現許多不好的反應，而局部的關節炎還是一點都沒有改善，藥力根本到不了想要治療的地方，或者藥性在該局部地方發揮不了作用。</p>\n<p>譬如，手指的關節炎，通常得借助於桂枝、烏頭蜜等，大熱的生附子及生硫磺反而不一定好用。膝關節、腳踝、腳背等的關節炎，除了去寒、去濕以外，常常還需要借助於麻黃的「發陽」，不然很難痊癒。大腳趾的痛風、腳底的關節炎，除了得多加藥材來引藥力下行以外，倚重炮附子可能是少不了的。而一般所謂的僵直性脊椎炎，也大多屬於中醫的「歷節」，這個時候，以生附子及生硫磺兩個要藥為大將，常常是打勝仗的關鍵。當然，無論是用哪些中藥來組合，更重要的是評估病人身體全面的情況，很多時候病人有其它的問題，不適合使用某些中藥，或者有控制局部性問題的全身性問題，醫師得特別考量如何繞路而行，不能直攻、猛攻。</p>\n<p>簡單的說，關節炎又是一個西醫束手無策，而中醫卻有很大幫助的疾病。其實，現在越來越多西醫研究人員開始注意到中醫在免疫系統問題上的優異性，我和許多世界頂尖的西醫學專家討論過，我們認為這很有可能是因為中醫在三焦水道運行上的深入理解，「三焦水道」似乎和一般所謂的淋巴液、組織液等等人體內液體運行有很大的關聯性，而這些液體的運作已經被認定是人體免疫系統功能是否能正常發揮的主要環節。當然，重點在於中醫師的功力是否足夠，不然，看到關節炎的紅、腫、熱、痛，就急急忙忙使用寒涼藥，還躲在西醫後面，沾沾自喜的跟著西醫大叫「消炎、消炎」，那麼想要治好各類關節炎，想要得到病人及西醫的尊重，是非常困難的。</p>",
  "article_time": "2018年01月19日 21:14",
  "comments": [
    {
      "id": "768f9e48eb5ecec7c0f86df448e2496f",
      "author": "魯豆腐",
      "time": "2018年01月19日 22:31",
      "content": "<p>昨天下午有位同事來討論工作事宜，看他走路怪怪的我就開問，說是左膝關節痛去打了針比較不痛了。我跟他說我阿嬤以前就是因為針打多了後來就不能走了，但他說沒辦法只能這樣才不痛，告訴他中醫藥可以治好也不會有副作用，也沒被接受。</p>\n<p>自己本身右膝早年不但酸痛也痛，趁著去學習跟診的機會讓倪師給治好了。回台後自己依樣畫葫蘆替自己下針同時也算複習倪師針法，不知不覺中早已醫好了。所以親身的經歷最真實，但現今最大的問題是沒幾個人能深信不疑，這才是中醫現今最大的難題困境，但還是感謝Dr.李的努力推文。</p>",
      "level": 0,
      "highlight": false,
      "children": [
        {
          "id": "8c72ebcdd1ad7c9d66c9c31036bf7b94",
          "author": "andy",
          "time": "2018年01月25日 20:26",
          "content": "<p>我想一部分人是先入為主的西醫觀念，另一部分人嘗試過中醫，卻對療效很失望。所以，在外力無法立即改變的情況下，或許應該大幅提升中醫自己的功力及審核制度，把那些似是而非的、假藉中醫之名卻無中醫之實的群體淘汰掉，重新贏回社會大眾的信心。</p>",
          "level": 1,
          "highlight": true,
          "children": []
        }
      ]
    },
    {
      "id": "4ea2e807b48ebe6e50562f82de6ced2d",
      "author": "Jonson Gu",
      "time": "2018年01月21日 15:31",
      "content": "<p>赞N个给李医师，把关节炎给说透了。另外请教一个问题，俺太太昨天说，中脘穴哪里疼了几秒，我按中脘穴哪里，无压痛，肌肉也是软的。平常偶尔痛，吃饭的时候痛几下。痛是有压力，是气结还是痰结，血结-暂时没想透。大便是通畅的，不适合大小承气汤症，用调胃承气汤似乎没那么严重，其他的就是睡觉打呼噜，应该是痰结在喉咙，同时摇晃脑袋，耳里有声响，但起身头不晕，请李医师指点。另外前些天说到我的尺脉左手有点浮，右手还正常，现在找到指证 耳鸣，偏向高频，是肾阴虚。倪师说针肾俞 京门，但是我又不能给自己扎针，想用艾灸的方式？六味地黄丸–改成汤剂，重用生地黄，三补三泄，再加慈石–得金水之气， 柴胡–疏通三焦，不知可否行。谢谢。</p>",
      "level": 0,
      "highlight": false,
      "children": [
        {
          "id": "a829b711d5d9b953f86323b8a2eb677b",
          "author": "andy",
          "time": "2018年01月25日 20:32",
          "content": "<p>你太太的症狀聽起來比較像是瀉心湯類，既然正好也有痰飲，不妨試一試半夏瀉心湯。 至於你的問題，如果不嚴重，你可以照自己的想法來治一治，看看身體的反應，是個很好的學習機會。不過，無論是你自己還是太太，真的想解決健康問題，還是應該去找專業中醫師，畢竟網上討論，頂多只是聊聊大方向而已。</p>",
          "level": 1,
          "highlight": true,
          "children": []
        }
      ]
    },
    {
      "id": "790267523ef93999b48cb9c66256fdff",
      "author": "山林霧靄",
      "time": "2018年01月23日 15:59",
      "content": "<p>谢谢老师的好文！我想请教：我们平时说的“拇趾外翻”也是关节炎的一种吗？</p>",
      "level": 0,
      "highlight": false,
      "children": [
        {
          "id": "604921a839a296057361f0cfa00a4029",
          "author": "andy",
          "time": "2018年01月25日 20:35",
          "content": "<p>拇趾外翻通常不是關節炎造成的，一部分是天生因素而慢慢讓拇趾長的角度出問題，另一部分是外力造成的。</p>",
          "level": 1,
          "highlight": true,
          "children": [
            {
              "id": "64f9b27f2ce9b3a6bf750c189ea3c2da",
              "author": "山林霧靄",
              "time": "2018年02月11日 18:21",
              "content": "<p>谢谢老师。</p>",
              "level": 2,
              "highlight": false,
              "children": []
            }
          ]
        }
      ]
    },
    {
      "id": "c256f790374dfd0221f0541d90f7e623",
      "author": "王彦强",
      "time": "2018年01月26日 17:28",
      "content": "<p>李医师:<br/>\n            有位男性患者，36岁建筑工程师，主诉八九年来每到冬季左侧后腰部（命门，肾俞，志室）酸冷用手按压就比较舒服。诊断:1.脉沉数，尺脉长。<br/>\n2睡眠差每晚都会做梦，凌晨3点左右会小便一次。<br/>\n3小便频数清白。4舌质红苔少白。5大便正常。<br/>\n自己服用桂附八味丸有一年多不能改善。我用肾著汤给予治疗，仍不能改善，我查太溪复溜穴无压痛。后仔细询问，有频繁自慰的习惯。像这样的情况应该怎么分析治疗哪？</p>",
      "level": 0,
      "highlight": false,
      "children": [
        {
          "id": "cfa0273f81cc259cafd9fce92614b800",
          "author": "andy",
          "time": "2018年01月29日 11:24",
          "content": "<p>腎陰陽兩虛，腎陽無法內收，導致容易性衝動，這用桂附地黃丸效果不好，當然也不是腎著證。我無法替你在網路上幫人看診，你應該請他就近去看功力夠的專業中醫師。</p>",
          "level": 1,
          "highlight": true,
          "children": [
            {
              "id": "73bb0a83c23d68d05258f8af61c7ab53",
              "author": "王彦强",
              "time": "2018年01月29日 16:03",
              "content": "<p>嗯！谢谢您的分析。学习的时候觉得自己都看懂了！临床上遇到太多疑难杂症，信心备受打击，就像裘老当年的心情一样，自己功力还差！</p>",
              "level": 2,
              "highlight": false,
              "children": []
            }
          ]
        }
      ]
    },
    {
      "id": "b82d5650b0997b28e75f32e0c7c273b7",
      "author": "容惜",
      "time": "2018年02月01日 18:07",
      "content": "<p>您对《内经》和经络的理解还是不够，没有形成中医生理的经络理论，要如倪师般通解《内经》，把经络对应上去才能想到中医治法。足部经络除了六经，两侧还有阴阳蹻脉，阴阳维脉，与六经有交会的，有实会有压痛。阿是穴。先解实症，经络通畅，再下膝五针，引正气入虚才能起到效果。用中药也是一样，所谓药引是为引经药，也是为了“去实”，经络通畅以后，一剂药下去剂量足够就会药到病除。内经里面说，陈病可治，痼疾可除，去结，如拔刺。</p>",
      "level": 0,
      "highlight": false,
      "children": [
        {
          "id": "8a5567b44c5668f9c6160fb200c41aa7",
          "author": "andy",
          "time": "2018年02月01日 20:50",
          "content": "<p>謝謝你的指教，我會在回去多研究。你說的方法，我也常常使用，然而，臨床上看過很多膝蓋受傷、膝蓋關節炎等等的病人，當膝蓋損傷嚴重時，譬如整個膝蓋都腫起來，每個地方都痛時，靠對應經絡上的穴位來解這個「實」，通常會花比較多時間，無法在短短一兩天內看到明顯效果的，膝五針還是效果最顯著的。所以，對病人，我會看病人的情況和對針的忍耐度而決定，對我自己膝蓋受傷，就直接使用膝五針，而倪老師大多數的情況下，也是直接以膝五針為主，再加其它穴位來輔助。</p>",
          "level": 1,
          "highlight": true,
          "children": []
        }
      ]
    },
    {
      "id": "6725ab59ca16c52ac5ab964da99cf741",
      "author": "Gordon",
      "time": "2018年02月03日 19:05",
      "content": "<p>女孩 16岁，基本上几年来 手脚都是冰冷，去年脚上有冻疮，今天没有。用了四逆汤，月经就来，吓死了，不敢再喝，用当归四逆汤 喝了 7剂，手脚依然是冷的 ，想请教下李医师，是不是药不对症？<br/>\n冬天，我自己手脚冰冷（脚趾感到有冷气往里钻），膝盖也感到冷，我喝了5剂的四逆汤，穿够衣服感到手变暖和了，但是脚还是冷，没什么改善，是怎么回事呢？  谢谢！</p>",
      "level": 0,
      "highlight": false,
      "children": [
        {
          "id": "35e9649d90447d8645121d9bf403a4c2",
          "author": "andy",
          "time": "2018年02月04日 21:16",
          "content": "<p>四逆湯為強心陽的重劑，不是說手腳冰冷就是服用四逆湯或當歸四逆湯。強心陽只是暫時，身體有其它問題，譬如肝血不足、下焦寒濕很重等等，當然無法只用四逆湯就可治癒。你應該找專業中醫師看診，而不是只看一兩個症狀就自己服用中藥。</p>",
          "level": 1,
          "highlight": true,
          "children": []
        }
      ]
    },
    {
      "id": "68920cac57640a576f6bf63b44845a0d",
      "author": "荣",
      "time": "2018年05月01日 02:18",
      "content": "<p>李医师你好!<br/>\n请教督脉的寒湿如何去，如何把药引到督脉，我该如何思想呢？谢谢！</p>",
      "level": 0,
      "highlight": false,
      "children": [
        {
          "id": "0b828a153b36cb0cbdf1a817b8610a0e",
          "author": "Jonson Gu",
          "time": "2018年05月01日 19:27",
          "content": "<p>督脉是诸阳之汇，如果寒湿在肌肉，麻杏薏甘汤+桂枝+炮附+白术，祛湿去寒，桂枝引麻黄去督脉</p>",
          "level": 1,
          "highlight": false,
          "children": []
        },
        {
          "id": "f59dbb86d3762c40a1169bb3280d33f1",
          "author": "andy",
          "time": "2018年05月01日 20:42",
          "content": "<p>那得看是怎麼樣的病症，譬如僵直性脊椎炎，那就得靠生硫磺，如果只是一般簡單的寒濕，葛根、桂枝等都有到達督脈的功效，不過，仍然得看你怎麼搭配其它藥材。</p>",
          "level": 1,
          "highlight": true,
          "children": [
            {
              "id": "b060bb2b7b846261a1467d944813c7ef",
              "author": "李阳",
              "time": "2022年02月26日 03:30",
              "content": "<p>您好李医师，我也姓李，叫李阳，河南商丘农村的一个男孩子，20年疫情刚来时无意间搜到了倪师和您，然后又看到您来过通许县人民医院，当时以为杨贞老师在，后来得知她已经不在这个医院了，失望了好久，因为我这个病被西医判为不死的癌症，我也失去人生的快乐，十岁左右得的强直性脊柱炎，今年31了，身体消瘦，吃饭不长肉，吃多了不运动就不知道饿，我的整个腰从脖子到屁股是个直板，而且皮包骨头，现在不疼了，没有动手术，十几岁时做过几次小针刀，喝中药，现在腰不疼了，就是特别瘦，干活不方便，走路一扭一扭的，我也喝过四逆汤，当归四逆汤，现在手脚冰凉，到脚腕手腕处，喜欢夏天，不喜欢冬天，如您看到请百忙之中回复我一下，替我指引一个方向，商丘的李阳15139711838</p>",
              "level": 2,
              "highlight": false,
              "children": [
                {
                  "id": "197dd6187099260ee5870e01d133aae4",
                  "author": "李宗恩",
                  "time": "2022年03月09日 16:13",
                  "content": "<p>我不在網上針對個案一一討論。</p>",
                  "level": 3,
                  "highlight": true,
                  "children": []
                }
              ]
            }
          ]
        }
      ]
    },
    {
      "id": "2bc12a54edac5d025e48cca03f385b6e",
      "author": "Steve kung",
      "time": "2018年05月02日 06:32",
      "content": "<p>李醫師你好，我是一位患了類風濕關節炎的病人。13年末發病到今，堅持服中藥没有服西藥。服用了桂枝、烏頭蜜後，基本達到了去寒的效果，再没有刺痛的感覺。但對於肩膀到手指的腫痛始終治愈不了，手指腫漲完全冇力。中醫師說是去不到濕，請問治理這病是否需要這麼久？和請問有没有其他方法？謝謝！</p>",
      "level": 0,
      "highlight": false,
      "children": [
        {
          "id": "694dedf48e5a3e700f98f7f54dbaa005",
          "author": "andy",
          "time": "2018年05月02日 10:56",
          "content": "<p>你的情況應該不只是單純的手指關節炎，只靠烏頭蜜是不行的，譬如如果是西醫所謂的多發性硬化症的前兆，那麼就複雜許多，當然，這裡只是借用西醫的病名來說明，中醫是不講多發性硬化症的。至於該如何治療，這得深入了解的你情況，你得和你的中醫師多討論。</p>",
          "level": 1,
          "highlight": true,
          "children": []
        },
        {
          "id": "ae74d5498b59f3ce1d9c04d4beaa045f",
          "author": "xje",
          "time": "2018年07月31日 07:40",
          "content": "<p>肿胀疼痛部位可以试试艾灸</p>",
          "level": 1,
          "highlight": false,
          "children": []
        }
      ]
    }
  ],
  "page": 39,
  "order": 8,
  "filename": "data\\page39\\page39_order7_c256f790374dfd0221f0541d90f7e623.json"
}