{
  "article_url": "https://andylee.pro/wp/?p=14220",
  "title": "Podcast 09 – 聊聊「男女」｜沉默的「他」和愛表達的「她」",
  "content": "<p>一位診所病人邀請我參與她製作的podcast，雖然我沒有太多時間花在社群媒體，她在看診時，問了許多有深度的非醫學問題，讓我覺得可以試一試不一樣的對話。目前沒有特定的題材，也沒有特定的時間表，隨性也隨時間，藉由主持人的提問，來和大家聊一聊。</p>\n<figure class=\"wp-block-image size-full\"><a href=\"https://andylee.pro/wp/wp-content/uploads/2025/10/Screen-Shot-2025-10-08-at-8.44.47-AM.png\"><img alt=\"\" class=\"wp-image-14224\" decoding=\"async\" fetchpriority=\"high\" height=\"622\" sizes=\"(max-width: 620px) 100vw, 620px\" src=\"https://andylee.pro/wp/wp-content/uploads/2025/10/Screen-Shot-2025-10-08-at-8.44.47-AM.png\" srcset=\"https://andylee.pro/wp/wp-content/uploads/2025/10/Screen-Shot-2025-10-08-at-8.44.47-AM.png 620w, https://andylee.pro/wp/wp-content/uploads/2025/10/Screen-Shot-2025-10-08-at-8.44.47-AM-300x300.png 300w, https://andylee.pro/wp/wp-content/uploads/2025/10/Screen-Shot-2025-10-08-at-8.44.47-AM-150x150.png 150w\" width=\"620\"/></a></figure>\n<p>錄音檔：</p>\n<div class=\"wp-block-file\"><a href=\"https://andylee.pro/wp/wp-content/uploads/2025/10/9.聊聊男女｜沉默的他和爱表达的她。.mp3\" id=\"wp-block-file--media-b04160db-6f7a-40cb-9938-08a02fd83ac5\">9. 聊聊“男女”｜沉默的“他”和爱表达的”她“。</a><a aria-describedby=\"wp-block-file--media-b04160db-6f7a-40cb-9938-08a02fd83ac5\" class=\"wp-block-file__button wp-element-button\" download=\"\" href=\"https://andylee.pro/wp/wp-content/uploads/2025/10/9.聊聊男女｜沉默的他和爱表达的她。.mp3\">下載</a></div>\n<p></p>\n<p>小宇宙：  <a href=\"https://www.xiaoyuzhoufm.com/episode/68e5d6918e321a0d6f43697d\" rel=\"noreferrer noopener\" target=\"_blank\">https://www.xiaoyuzhoufm.com/episode/68e5d6918e321a0d6f43697d</a></p>\n<p>Spotify:  <a href=\"https://open.spotify.com/episode/41h0FczCGyRACmQ8k7EwE1?si=n4mAj3wFTNCV1asIvbwr2w\" rel=\"noreferrer noopener\" target=\"_blank\">https://open.spotify.com/episode/41h0FczCGyRACmQ8k7EwE1?si=n4mAj3wFTNCV1asIvbwr2w</a></p>\n<p>蘋果播客：  <a href=\"https://podcasts.apple.com/us/podcast/%E9%96%80/id1808983975?i=1000730719835\" rel=\"noreferrer noopener\" target=\"_blank\">https://podcasts.apple.com/us/podcast/%E9%96%80/id1808983975?i=1000730719835</a></p>\n<p>喜馬拉雅： <a href=\"https://xima.tv/1_VngKQr?_sonic=0\" rel=\"noreferrer noopener\" target=\"_blank\">https://xima.tv/1_VngKQr?_sonic=0</a></p>",
  "article_time": "2025年10月08日 08:48",
  "comments": [
    {
      "id": "08edbe045299fd21ab2bf3e9e65a50c6",
      "author": "chr1234",
      "time": "2025年10月08日 19:20",
      "content": "<p>可以找一期来聊聊和爱情，婚姻，伴侣这方面的话题嘛</p>",
      "level": 0,
      "highlight": false,
      "children": []
    },
    {
      "id": "6352f56adf4da687334f5c43c6bc8448",
      "author": "aamunkoi",
      "time": "2025年10月09日 02:48",
      "content": "<p>李医生，请教一个问题，你在临证的过程中认为胰脏是属于三焦系统还是脾脏系统呢，我知道倪师说过他认为胰脏是归于脾脏，我想他应该也是基于自己多年的经验，但是我想到一方面我碰巧在法国吃过胰脏，它是一团白白的东西，没有血，和我们三焦油膜的样子看起来挺像的，另一个点是黄帝内经并没有把胰脏划入脏腑，会是因为默认胰脏是归于三焦吗（排除它不是心包的话）。</p>",
      "level": 0,
      "highlight": false,
      "children": [
        {
          "id": "a3ddb8959de7e5b06598a20842da87e5",
          "author": "light",
          "time": "2025年10月09日 22:17",
          "content": "<p>胰脏在中医看功能性是接近脾脏的，古代医家就是这样认为的，三焦是水道阳气的通道。而且李医生之前就说过，功能归于脾脏，治疗起来偏向于肝脏的治疗。有问题可以多查一下资料，都能找到答案</p>",
          "level": 1,
          "highlight": false,
          "children": [
            {
              "id": "db284710bc714bb0d340f7e1f568ead1",
              "author": "aamunkoi",
              "time": "2025年10月11日 08:06",
              "content": "<p>谢谢你的分享，特别是提到李医生在临床中治疗偏向于肝脏的信息，所谓闻道有先后，我想这也是交流的意义所在；资料是要查的，但有时尽信书又不如无书。既然你提到了李医生治疗偏向于肝脏的信息，我就可以进一步提出我的疑问了：我不知道李医生在治疗胰脏时的主药是否是柴胡，我之所以有“胰脏是否归于三焦”的疑问也在这里。很多中医爱好者都知道柴胡是一位半表半里的药，肝从位置来说在中膈，有半表半里的属性，而胰脏其实从解剖来说也在差不多在中膈的位置，既然是中膈，是否也应有半表半里的属性，再加上我曾经见过它的样子,所以出次下问；如果综合上面的信息，那应该如何理解李医生提到功能属于脾脏，但治疗起来偏肝脏呢，后面的归因到底是怎样。另外，李医生提到的治疗偏肝脏也和我最近的一个经历些许有重合的地方，我因为怀疑我的狗狗得了少阳症（主症是连续几天呕吐，很像胰腺炎的症状），在网上查资料时发现有不少宠主用小柴胡/清胰利胆（主药成分是柴胡）给治好了，而我的狗狗也在我用小柴胡两次后停止了呕吐，目前已经三天没有再吐了，胃口也已经恢复。当然除了小柴胡里还有半夏。所以我向向李医生请教这看似相关性背后的因果关系。</p>",
              "level": 2,
              "highlight": false,
              "children": []
            }
          ]
        },
        {
          "id": "2ba79db3cd526c29493447e995bbe51e",
          "author": "李宗恩",
          "time": "2025年10月22日 10:38",
          "content": "<p>胰臟屬於脾家，但臨床上很多胰臟問題偏向肝膽。</p>",
          "level": 1,
          "highlight": true,
          "children": []
        }
      ]
    },
    {
      "id": "ab81ad430e37cc92a2a0d4814bb86cc9",
      "author": "Tim",
      "time": "2025年10月09日 20:20",
      "content": "<p>應該屬於脾臟，記得李醫師說過胰臟臨床表現很多時候與肝膽家有關。</p>",
      "level": 0,
      "highlight": false,
      "children": [
        {
          "id": "e49feae31e172f27cc7c3168716c0271",
          "author": "aamunkoi",
          "time": "2025年10月11日 08:06",
          "content": "<p>谢谢分享！</p>",
          "level": 1,
          "highlight": false,
          "children": []
        }
      ]
    },
    {
      "id": "d745fdfb4177f336a823e0babdb6b41e",
      "author": "亲爱的周游",
      "time": "2025年10月10日 20:07",
      "content": "<p>你好，李医生，请问生附片在家用烤箱制成炮附片，建议在温度和时间应该怎么控制？</p>",
      "level": 0,
      "highlight": false,
      "children": [
        {
          "id": "698b77ecaa24c208fe79112ab122eb29",
          "author": "格洛米借给你",
          "time": "2025年10月11日 18:04",
          "content": "<p>下次记得先去查询一下，这个很容易查得到  </p>\n<p>朱强生<br/>\n2024年08月18日 20:05<br/>\n李老师您好，按您说的把生附子放进烤箱40度烘烤24小时后得到的炮附子，看起来和生附子好像没有什么不同，只是原本的气味变淡了许多，请问这种方式炮制出的附子就是这样的吗？有什么炮制“到位”的标准可以细说一下吗？</p>\n<p>李宗恩<br/>\n2024年08月19日 21:50<br/>\n130攝氏度，2～3小時。</p>",
          "level": 1,
          "highlight": false,
          "children": [
            {
              "id": "c9abd7abb46c9b25977fbf6c5ff0f2fd",
              "author": "亲爱的周游",
              "time": "2025年10月14日 12:49",
              "content": "<p>好的，感谢！</p>",
              "level": 2,
              "highlight": false,
              "children": []
            }
          ]
        }
      ]
    },
    {
      "id": "534fa754a98ee65803b4e91a7155fa96",
      "author": "大爱倪师",
      "time": "2025年10月16日 01:46",
      "content": "<p>尊敬的李宗恩医师，知道是否是我在B站一位UP主看到的他发布的四篇您和她的对话？我全部都听了，非常受到启发，在交谈中，无论是对学习方面，对人生方面，对中医方面，还有一些对师门方面的一些事情让让我豁然开朗，以前很多想不明白的地方，现在都想通了，非常感谢，在百忙之中这个博客主持人谈论对话。</p>",
      "level": 0,
      "highlight": false,
      "children": [
        {
          "id": "98ca2e636f6eebf6c3822fc6c52869b8",
          "author": "李宗恩",
          "time": "2025年10月22日 10:51",
          "content": "<p>謝謝你的反饋分享。</p>",
          "level": 1,
          "highlight": true,
          "children": []
        }
      ]
    },
    {
      "id": "a1c2370884d66c28c23f11f477bc8d6a",
      "author": "离中虚",
      "time": "2025年10月16日 20:28",
      "content": "<p>李医师您好<br/>\n我发现台湾教育家洪兰教授，语言表达和你一样快！（洪兰教授TED演讲中，有讲男女大脑思维的不同）以下是用DeepSeek搜索后的总结：有意识地培养自己思路清晰、表达流畅的习惯，就像每天把大脑送去健身房进行一次高强度的综合训练。它不仅能让你在工作和学习中更出色，更是对大脑健康的一项长期投资。**<br/>\n我想问的是普通人通过大量阅读（您推荐的书籍我正在看，并且在不打扰家人的情况下朗读）与实践，能让自己大脑思维扩展，对学习中医上有所帮助吗？除了阅读以外冥想打坐也对学习中医有帮助吧？（等时机到来，我会考虑学习冥想）</p>",
      "level": 0,
      "highlight": false,
      "children": [
        {
          "id": "511d91533db3568787ed3d94e3913f82",
          "author": "李宗恩",
          "time": "2025年10月22日 10:55",
          "content": "<p>大量閱讀有幫助，但重點在於是否有深入思考閱讀的內容，冥想也有幫助。</p>",
          "level": 1,
          "highlight": true,
          "children": [
            {
              "id": "950a92e93442c555e87beb86664a0054",
              "author": "离中虚",
              "time": "2025年10月22日 18:13",
              "content": "<p>谢谢：）</p>",
              "level": 2,
              "highlight": false,
              "children": []
            }
          ]
        }
      ]
    },
    {
      "id": "119166c6c866551d8f9b2f0ad1abd955",
      "author": "火火",
      "time": "2025年10月18日 05:08",
      "content": "<p>首先非常感恩李博士您在播客上的種種分享，給了我很多啓發。我從童年時期由於原生家庭的問題，憤怒、抑鬱、焦慮常常困擾著我，直至大學畢業、工作、失業……等等重要的人生階段。經年下來一事無成，身體患有慢性病，這兩年喝中藥有得到緩解，但抑鬱焦慮的問題卻反復在發作。雖然我已經過了躲在黑暗房間、習慣性憋尿、無法動彈的半年時間，但目下幾乎每一天都是在處理自己的情緒、哭泣后筋疲力盡的度過，我似乎沒辦法學習，沒辦法專注，非常頹喪。後續的播客可以請您聊一下如何重新開始規劃、學習、培養專注力嗎？我目前有在嘗試拿起一本書，一個字一個字的讀過去了。</p>",
      "level": 0,
      "highlight": false,
      "children": [
        {
          "id": "f280f726c73303dbb3aaa475cd24f5ff",
          "author": "离中虚",
          "time": "2025年10月21日 16:39",
          "content": "<p>推荐你看吴雄志医师的【论语新解】</p>",
          "level": 1,
          "highlight": false,
          "children": []
        },
        {
          "id": "91d05c679f2835a642eac2013ecf6c34",
          "author": "李宗恩",
          "time": "2025年10月22日 11:00",
          "content": "<p>謝謝你的分享。</p>",
          "level": 1,
          "highlight": true,
          "children": []
        }
      ]
    }
  ],
  "timestamp": 1762669529.3461406,
  "page": 3,
  "order": 6,
  "filename": "data\\page3\\page3_order5_a24d22f26576e6eff176e4d83160049f.json"
}