{
  "article_url": "https://andylee.pro/wp/?p=14270",
  "title": "第十五屆國際經方班 – 廣東汕尾 12月6～7日",
  "content": "<p>廣州中醫藥大學舉辦的第十五屆國際經方班暨第二十五屆全國經方臨床運用高級培訓班，今年將在12月6～7日，於廣州中醫藥大學第一附屬醫院深汕醫院舉辦。今年的主題為「經方治療疑難病、危重症經驗分享」。一如往年，大會邀請許多位中國院士、國醫大師、知名教授、國際專家等來教學演講。詳細資料，等大會確定整個行程後，會在網頁上公佈。據瞭解，報名截止日期為11月20日，會務聯絡電郵為ssyykjb@163.com。大會工作同仁特意告訴我，雖然汕尾市離深圳機場約兩個小時的車程，高鐵可以直達汕尾市，交通非常方便。</p>\n<p>大會總負責人、廣州中醫藥大學李賽美教授邀請我參加國際經方班教學演講，已經超過十年了，新冠疫情期間改為線上，去年恢復線下，在新加坡舉辦。很快地一年又要過去了，這次得飛廣州參加大會，也正好大陸出版社要發行「養兒育女」的簡體版，為了配合他們的宣傳活動，也得走訪深圳和北京。</p>\n<p>廣州中醫藥大學這樣國家中醫藥管理局全力支持的正式中醫大型會議，從十多年前一開始邀請我教學演講以來，都是以「經方大師倪海厦學術傳人」來介紹我，一直都沒有什麼爭議性，畢竟長年在倪老師身邊的人，從倪師母、倪老師大姐、診所總管李大叔及夫人、長年學生及法律顧問徐律師，到長期跟診的學生們等等，都知道倪老師和我的關係及互動特殊，倪老師一直期望我幫他傳承。倪老師過世後，我幾次到台北，師母帶我上山祭拜老師，每次都會告訴我，我為老師傳承推展做得很好，老師天上有靈，一定非常欣慰。</p>\n<p>然而，倪老師過世後，在猖狂盜版的推展下，倪老師的名聲飆漲，成為中醫自學圈中最多人追尋的導師。這樣巨浪般的名聲，也讓許多人眼紅，希望利用倪老師廣大的粉絲群來賺錢，誇大宣稱、顛倒黑白地稱自己是倪老師的什麼學生、代理人等等，用來招攬生意。這樣的情況下，即使我不理會那些不肖之徒，我依然成為了他們的眼中釘，畢竟他們擔心我隨時會出面來揭穿他們的謊言，破壞了他們斂財的計劃。因此，近幾年來，不斷有人刻意詆毀我，抹黑倪老師和我的師生關係及傳承，硬說倪老師沒有要我正式傳承，我欺世盜名等等，而說這些話的人們，絕大多數根本沒有見過倪老師一面！</p>\n<p>這樣的抹黑，我本來不想去澄清，傳承是我答應倪老師要做的事情，跟其他人無關，想不想跟我學習倪老師的中醫思維，是學生們自己的決定，也跟其他人無關。然而。虛假的謠言滿天飛，我和診所前台常常被不知情的人詢問，不勝其煩，那我們就把一些事實擺在大家面前，讓大家自己去判斷。</p>\n<p>倪老師很早就在他自己網頁上提到我（<a href=\"https://hantang.com/chinese/ch_Articles/scientist.htm\">https://hantang.com/chinese/ch_Articles/scientist.htm</a>），他藉由我發給他的文章「中醫與科學」來介紹我，他用「中醫界有這位物理天才的認同與加入研究，絕對是如虎添翼」來形容我學習中醫一事。</p>\n<p>倪老師在中國大陸的成名作，為劉力紅教授在上海主辦的「扶陽論壇」(<a href=\"https://andylee.pro/wp/?p=104\">https://andylee.pro/wp/?p=104</a>)，倪老師主講了一整天，受到無數好評。倪老師參加那次重要的中醫大會，指定我從美國專程飛去上海全程陪伴，不但陪同他參加演講和前後活動，連倪老師會見來訪的貴賓，我都在倪老師的要求下一直陪同著。而我擔心我一個人應付不來，還特意請史丹佛大學孟懷縈教授一起前往去陪同倪老師。</p>\n<p>倪老師一生中最重大的演講，2010年的矽谷演講(<a href=\"https://andylee.pro/wp/?p=156\">https://andylee.pro/wp/?p=156</a>)，一千多人參加，不但轟動了灣區，連台灣知名的遠見雜誌也專文介紹(<a href=\"https://andylee.pro/wp/?p=125\">https://andylee.pro/wp/?p=125</a>)。那場大型演講是我和史丹佛大學孟懷縈教授共同主辦，台灣大學北加州校友會和美洲中國工程師學會協辦。我也是那場演講的主持人。</p>\n<p>當年倪老師突然過世，家屬沒有學生名單，很不方便聯絡各項事宜。我出面來號召學生們，建立「倪老師核心學生名單」，讓學生們可以了解情況，並配合家屬的後事處理及追思。大多數的學生都知道倪老師和我的關係，也非常配合來建立名單。這份名單，目前依然是最具有代表性的學生名單。</p>\n<p>倪老師過世後，倪師母舉辦了唯一一場的追思會，分為兩段，第一段闡述倪老師的音樂與家庭生活，主持人是倪師母的兒子，第二段闡述倪老師的中醫生涯，我是主持人。</p>\n<p>新冠疫情爆發前，在倪老師學生楊貞醫生的推動下，河南通許人民醫院成立「倪海廈中醫教學培訓基地」(<a href=\"https://andylee.pro/wp/?p=5117\">https://andylee.pro/wp/?p=5117</a>)。倪老師幾十年的老同學、診所總管李大叔夫婦，大力邀請我去參加培訓基地成立大會，並擔任其總指導。</p>\n<p>倪老師過世十週年時，倪師母號召學生寫文章來紀念老師。「大醫精誠 – 倪海厦醫師逝世十週年紀念文集」(<a href=\"https://andylee.pro/wp/?p=11082\">https://andylee.pro/wp/?p=11082</a>)， 由倪老師幾十年的學生、朋友、法律顧問徐光佑律師主編，其中的內容，當然也經過倪師母和徐律師的審核與認可。我寫了兩篇文章，一篇是關於我們成功對抗新冠疫情的事蹟(<a href=\"https://andylee.pro/wp/?p=11008\">https://andylee.pro/wp/?p=11008</a>)，另一篇是關於倪老師和我的私人互動(<a href=\"https://andylee.pro/wp/?p=11011\">https://andylee.pro/wp/?p=11011</a>)。其他人寫的文章中，也有幾篇提到我，不乏倪老師幾十年的朋友感謝我在世界各地推廣倪老師中醫教學內容等等。而我寫的內容，不但受到師母及徐律師的認可，也公開給所有學生來審視，其中我也不避諱地寫明，倪老師告訴我「你是老師最看好的一位」。</p>\n<p>還有很多人事物見證的事實，倪老師在其他學生面前對我的評價，倪老師和我多年在網上對話紀錄及電郵等等，不勝枚舉。真正和倪老師熟識的人，幾乎都知道倪老師對我的期許與傳承的交代，不會有所質疑。而那些倪老師根本不認識的人，說我欺世盜名，其實是為了自己斂財而掩人耳目、顛倒是非。何苦呢？如果臨床療效卓越，得到廣大病人群眾的支持，就算我真的想擋哪些人的財路，也是擋不了的。與其來抹黑我，還不如好好提升醫術和醫德，自己做得好，那還需要管我是不是倪老師的學術傳人。</p>\n<p></p>\n<p></p>\n<p></p>\n<p></p>\n<p></p>\n<p></p>",
  "article_time": "2025年10月30日 23:55",
  "comments": [
    {
      "id": "b994c61db83dd8f0afdd580f3e67a633",
      "author": "bonnie",
      "time": "2025年10月31日 01:08",
      "content": "<p>从来没有见过抹黑李老师的，期待跟李老师学习，爱您哦~~~</p>",
      "level": 0,
      "highlight": false,
      "children": [
        {
          "id": "90eafa439b4ad1f917d3c467b6e375fb",
          "author": "李宗恩",
          "time": "2025年11月09日 10:26",
          "content": "<p>謝謝你的支持及鼓勵</p>",
          "level": 1,
          "highlight": true,
          "children": []
        }
      ]
    },
    {
      "id": "01f1602d8c4b0431b5f000616d337c22",
      "author": "Dking",
      "time": "2025年10月31日 02:16",
      "content": "<p>李医生好：<br/>\n   期待李医生来北京，希望有机会能参加活动，到时候李医生一定要在网页告知哦。</p>",
      "level": 0,
      "highlight": false,
      "children": [
        {
          "id": "0b6f916eee9958a63c54494ad966de8c",
          "author": "李宗恩",
          "time": "2025年11月09日 10:27",
          "content": "<p>應該有線下簽書活動，會在網頁上公佈。</p>",
          "level": 1,
          "highlight": true,
          "children": []
        }
      ]
    },
    {
      "id": "9ac43a340239026af27d7059dc8653bc",
      "author": "过江之鲫",
      "time": "2025年10月31日 03:14",
      "content": "<p>李医师我相信你，当然有盲目的相信也有分析之后的相信。我看过您的文章和书，里面的思路有理有据且颇有几分倪海厦老师的思路。<br/>\n当然，从古自今，治好病的医生说话。无论什么人怎么说，治好病才是立命之本。<br/>\n俗话说，是骡子是马，拉出来遛一遛。</p>",
      "level": 0,
      "highlight": false,
      "children": [
        {
          "id": "5f60a2f0984464f4f211a6c17f2ed065",
          "author": "李宗恩",
          "time": "2025年11月09日 10:31",
          "content": "<p>謝謝你告訴我。</p>",
          "level": 1,
          "highlight": true,
          "children": []
        }
      ]
    },
    {
      "id": "fbbe73f8a0055511eceab05fa9c5e4b2",
      "author": "王悦晨",
      "time": "2025年10月31日 04:15",
      "content": "<p>时间会证明一切，世人都会明白，宗恩老师才是真正倪师肯定的指定学术传人。</p>",
      "level": 0,
      "highlight": false,
      "children": [
        {
          "id": "6bf63a7cdc7448211af0bc3aac93b5df",
          "author": "李宗恩",
          "time": "2025年11月09日 10:31",
          "content": "<p>謝謝你的支持及鼓勵。</p>",
          "level": 1,
          "highlight": true,
          "children": []
        }
      ]
    },
    {
      "id": "b2a010ad4378d950e8a3fd827872aeda",
      "author": "潘嘉乐",
      "time": "2025年10月31日 04:42",
      "content": "<p>期待李医师今年国际经方班的内容，坚持传承经方文化！！祝您身体健康，继续在深耕经方治病救人这条路上越走越远！！</p>",
      "level": 0,
      "highlight": false,
      "children": [
        {
          "id": "4814e19dc1c6948299f154130db8bfcf",
          "author": "李宗恩",
          "time": "2025年11月09日 10:31",
          "content": "<p>謝謝你的支持及鼓勵。</p>",
          "level": 1,
          "highlight": true,
          "children": []
        }
      ]
    },
    {
      "id": "078efddbcb8a60c45664c93d3cb5da06",
      "author": "文凯",
      "time": "2025年10月31日 04:45",
      "content": "<p>人红是非多，不招人妒是庸才，你终究无法让所有人都满意</p>",
      "level": 0,
      "highlight": false,
      "children": [
        {
          "id": "f37e3e64dcb2997cb890c2efab7d1ea2",
          "author": "李宗恩",
          "time": "2025年11月09日 10:31",
          "content": "<p>謝謝你的支持及鼓勵。</p>",
          "level": 1,
          "highlight": true,
          "children": []
        }
      ]
    },
    {
      "id": "1b481a619c3bfb90bd80795a97025002",
      "author": "小志",
      "time": "2025年10月31日 05:27",
      "content": "<p>李宗恩博士是倪师指定传承人是不争的事实，支持李宗恩博士！<br/>\n同时也非常期待李宗恩博士的中国行，您也是我们自学倪师经方中医者的偶像，希望有机会可以见到您，那将是我特别激动而幸福的一天。</p>",
      "level": 0,
      "highlight": false,
      "children": [
        {
          "id": "90837b9f3fee1831a9e1a36f0dbabd02",
          "author": "李宗恩",
          "time": "2025年11月09日 10:31",
          "content": "<p>謝謝你的支持及鼓勵。</p>",
          "level": 1,
          "highlight": true,
          "children": []
        }
      ]
    },
    {
      "id": "efbdb05682cc87517c0e669272a4a3f3",
      "author": "器皿",
      "time": "2025年10月31日 16:40",
      "content": "<p>李医生不仅医术高明，医德也十分高尚，完全是名副其实的倪师传承人。只是如今不思考的人太多，以致心术不正之人恶意抹黑李医生的言论能在网上横行。辛苦李医生费心费力地医治病人并推广经方!愿中国行平安顺利，收获满满!</p>",
      "level": 0,
      "highlight": false,
      "children": [
        {
          "id": "f7b84c9d9c2f8e4ab300e76eea40a009",
          "author": "李宗恩",
          "time": "2025年11月09日 10:35",
          "content": "<p>謝謝你的支持及鼓勵。</p>",
          "level": 1,
          "highlight": true,
          "children": []
        }
      ]
    },
    {
      "id": "c42aaa0e71acf1db939c1f37c11ae2d4",
      "author": "小宇宙",
      "time": "2025年10月31日 19:17",
      "content": "<p>冤枉抹黑你的人，比你自己还清楚你有多冤。如果不是担心大众被误导，以李博士的修为，想必都懒的去澄清什么。其实，有这个机缘能够跟随着李宗恩老师进入中医的世界，越来越有种自豪感，甚至能产生出一种优越感，不会再容易被外面的说法所迷惑，能更大限度对生命保持正确的认知。做一个也许并不恰当的说法，如果说倪师的教材是中医进门的2.0,那宗思老师将来的传承，很可能就是3.0，会更高阶。很自豪，因为我们追随的老师叫李宗恩。</p>",
      "level": 0,
      "highlight": false,
      "children": [
        {
          "id": "ce5e014d295e84d475a89f9a03189871",
          "author": "李宗恩",
          "time": "2025年11月09日 10:35",
          "content": "<p>謝謝你的支持及鼓勵。</p>",
          "level": 1,
          "highlight": true,
          "children": []
        }
      ]
    },
    {
      "id": "c4efd5f2cad7bb46ddd4e49d66eb8a4d",
      "author": "wkf",
      "time": "2025年10月31日 19:36",
      "content": "<p>我是李医生的病人，我得替李医生说一些公道话。对一个医生关注的重点是其医术和医德，造谣者如果有能力自立门户都可以，何须活在倪老师的光环之下。不过反过来说，医术真的过关治好了很多疑难杂症，何须造谣抹黑别人呢，做好自己的事情不好吗，实事求是不是一个医生最基本的素质吗？李医生有很多医案的讲解，造谣者也把自己的医案拿出来讲一讲发到网上共所有同行看看，如果做不到，就只能重复一些倪老师的中医理论，只要不上擂台装神秘，永远也不会输，只要不去治病，自己就一直是中医大师。只有不断虚心学习，才会有所进步，造谣者真的为病人着想，自己下班后也像倪老师一样去复盘今天的看诊，研究研究古书，而不是一心想搞钱。</p>",
      "level": 0,
      "highlight": false,
      "children": [
        {
          "id": "511931514ede1a0bbd29cd96662acfa0",
          "author": "李宗恩",
          "time": "2025年11月09日 10:35",
          "content": "<p>謝謝你的支持及鼓勵。</p>",
          "level": 1,
          "highlight": true,
          "children": []
        }
      ]
    },
    {
      "id": "7ab5435ac06245f9d33877b3f62c5710",
      "author": "西柚",
      "time": "2025年11月02日 03:36",
      "content": "<p>李医师您好，因为您读过很多书，想请教：可否推荐几本比较专业的运动健身知识书籍，适合普罗大众阅读的，如果可以的话最好是中文版 哈哈哈，请拨冗回复，非常感谢。</p>",
      "level": 0,
      "highlight": false,
      "children": [
        {
          "id": "1c021985bc22b29e28b4a7a658e80afb",
          "author": "李宗恩",
          "time": "2025年11月09日 10:37",
          "content": "<p>我不清楚大陸簡體版書籍的情況。</p>",
          "level": 1,
          "highlight": true,
          "children": []
        }
      ]
    },
    {
      "id": "c57bb1c286e54410127e2c4351c4dfdf",
      "author": "X",
      "time": "2025年11月02日 06:12",
      "content": "<p>期待李医生在国际经方班的发言，想请教您一个问题：<br/>\n人纪中倪师说如果心热是印堂部位赤，肾热是下巴赤，如果有一个人，印堂发黑又从脚上开始发水肿，也符合金匮水气篇中“心水者，其身重而少气，不得卧，烦而躁，其人阴肿”，那么是否可以从心水这个角度来推理其人身上其他的症状？</p>",
      "level": 0,
      "highlight": false,
      "children": [
        {
          "id": "fa6293aa29ca8caccb19edd8e4592b4a",
          "author": "X",
          "time": "2025年11月03日 04:39",
          "content": "<p>说错了，不是印堂位置，是额头这一片</p>",
          "level": 1,
          "highlight": false,
          "children": []
        },
        {
          "id": "86bf11a61a28166a013732f221fc3712",
          "author": "李宗恩",
          "time": "2025年11月09日 10:39",
          "content": "<p>症狀是線索，就像犯罪現場收集到的資訊，不能靠單一症狀來診斷。</p>",
          "level": 1,
          "highlight": true,
          "children": []
        }
      ]
    },
    {
      "id": "5b52634621c46812414e2a0004b1168d",
      "author": "廖璋成",
      "time": "2025年11月02日 21:58",
      "content": "<p>請問李醫師:<br/>\n          在台灣欲購買倪老師天紀教材，是否有管道可告知？</p>",
      "level": 0,
      "highlight": false,
      "children": [
        {
          "id": "0a96bf8d5b8667698650875ab3900e9d",
          "author": "李宗恩",
          "time": "2025年11月09日 10:40",
          "content": "<p>早已絕版</p>",
          "level": 1,
          "highlight": true,
          "children": [
            {
              "id": "ccafcd9dea525e963557ceffed4cb7d6",
              "author": "2025我来啦",
              "time": "2025年11月09日 19:35",
              "content": "<p>期待倪老师的教材可以早日再版</p>",
              "level": 2,
              "highlight": false,
              "children": [
                {
                  "id": "d050c8276f06482e69e7254fe0180cd6",
                  "author": "李宗恩",
                  "time": "2025年11月13日 09:42",
                  "content": "<p>倪老師生前交代，不再發行出版。</p>",
                  "level": 3,
                  "highlight": true,
                  "children": [
                    {
                      "id": "a5e1e16b60c95c39e4f80a4a180d862c",
                      "author": "2025我来啦",
                      "time": "2025年11月18日 19:28",
                      "content": "<p>嗯，了解了，感谢您的回复~</p>",
                      "level": 4,
                      "highlight": false,
                      "children": []
                    }
                  ]
                }
              ]
            }
          ]
        }
      ]
    },
    {
      "id": "11353227ae901268d977345ef37565b5",
      "author": "耿春旺",
      "time": "2025年11月05日 17:11",
      "content": "<p>李医生您好，我是中国大陆的流体机械方向博三学生，目前在北京。近几个月闲暇之余看到网络上的倪师和您的视频或者音频，越学越感觉有意思，对中医所阐释的观念和体系挺感兴趣，最近吃饭散步都在听您和一位诊所的患者录的“門”播客，很受用，感觉您真的是一位博学深思的大家。刚好有这一次的经方班，第一反应是想听一听各位中医大家对中医目前研究的情况，不过在犹豫是否要参加这次的活动。一是感觉可能听不太懂，因为倪师和您的内容我还没有学到多少（还在学黄帝内经的第三集DVD），不知道能吸收多少，二是感觉花费也有点大，来回得三四千块钱，对我是一笔不小的负担。但是这也是一次非常好的机会，毕竟在大陆开的机会可能也不多。不知道您是否能够给一些建议，我是否应该参加这次的活动呢？</p>",
      "level": 0,
      "highlight": false,
      "children": [
        {
          "id": "c6093778c77964095e2a24b3fbb27d89",
          "author": "阿潸",
          "time": "2025年11月06日 03:30",
          "content": "<p>我今天也查询了相关资料，同步给你：汕尾的住宿便宜，100+元就能住宿；你如果时间多，就坐火车（不是动车）往返，交通费用能控制在1000以内。加上餐饮，总的费用能控制在2000元。经方班去年在新加坡，之前也有在重庆等内陆城市，没准明后年就在北京了。<br/>\n参加这样的会议不能说能学到多少东西，因人而异。除了知识外，你可以认识很多跟你一样对中医爱好的人。<br/>\n你自己考虑吧~</p>",
          "level": 1,
          "highlight": false,
          "children": []
        },
        {
          "id": "41c6290da8f20e7b04574f1d94ad96fe",
          "author": "chr1234",
          "time": "2025年11月06日 04:39",
          "content": "<p>b站能搜到20年和21年的国际经方班其他讲者的视频，可以借此参考下值不值得去参加</p>",
          "level": 1,
          "highlight": false,
          "children": []
        },
        {
          "id": "46f6f81587a864a0db483e496e381b8c",
          "author": "李宗恩",
          "time": "2025年11月09日 10:51",
          "content": "<p>如果你還沒有正式開始學習中醫，參加這次中醫大會的意義，可能是感受一下，心靈體會，知識上的學習有限。</p>",
          "level": 1,
          "highlight": true,
          "children": [
            {
              "id": "292f591b03a00367485d8ad94594c21a",
              "author": "耿春旺",
              "time": "2025年11月11日 03:34",
              "content": "<p>谢谢李医师和两位的建议，我还是先自己学习一下，理论上掌握一些倪老师的思想之后再线下参与这样的专业的大会</p>",
              "level": 2,
              "highlight": false,
              "children": []
            },
            {
              "id": "f43c7ade6b09e8d3dfa43278a3d1df34",
              "author": "伟",
              "time": "2025年11月14日 03:11",
              "content": "<p>喜获李博士会在12月份光临广东 汕尾医院出席国际经方班演讲。我们大陆病患也非常高兴。<br/>\n      我是长居深圳的病患。现主要症状是行走不稳，没有平衡感。膝腿酸软 行走无力。 精力有限，容易疲惫。尿频尿急 尿不尽。在国内权威西医院检查过，都无法判定病情。看诊无数中医都无果。<br/>\n     喜获李博士在12月6号期间会到在广东汕尾医院讲课，恳请李博士能否在百忙之中帮我辩症。<br/>\n万分感谢！</p>",
              "level": 2,
              "highlight": false,
              "children": [
                {
                  "id": "935ab758ed1261fa66a85af8155180a2",
                  "author": "李宗恩",
                  "time": "2025年11月14日 10:50",
                  "content": "<p>很抱歉，除非是醫療機構邀請教學看診，我在中國不能看診。同時，這樣對很多正在等待看診的急重症病患很不公平。</p>",
                  "level": 3,
                  "highlight": true,
                  "children": []
                }
              ]
            }
          ]
        }
      ]
    },
    {
      "id": "442abcf0eb6cfb5acd1245309f55ddbb",
      "author": "邹景星",
      "time": "2025年11月06日 04:21",
      "content": "<p>已报名，终于有机会可以线下见到李医师了，期待您精彩的教学演讲，同时预祝李医师您本次旅程顺利、愉快。关于您本篇文章叙述的事实，我想与您分享两段我在书上看到的文字：1.假去真来真胜假，无原有时有非无。2.无伪则无真也，真不忌伪，伪不代真，忌其莫辨。</p>",
      "level": 0,
      "highlight": false,
      "children": [
        {
          "id": "22a9a754985b9d6a6a7b6355c46880ea",
          "author": "李宗恩",
          "time": "2025年11月09日 10:55",
          "content": "<p>謝謝你的分享。</p>",
          "level": 1,
          "highlight": true,
          "children": []
        }
      ]
    },
    {
      "id": "46fe3de484121e9d3b9257bd9b335a59",
      "author": "上海徐先生",
      "time": "2025年11月06日 20:55",
      "content": "<p>真搞不懂，这些人有这么多时间去搞这些歪门邪道的事，为啥不花点心思在提高自己的医术上面？或许他们根本就是知道自己烂泥扶不上墙，有想获得既得利益，所以只能靠抹黑别人来抬高自己，每每在自媒体平台上抹黑倪老师，或者利用AI模仿倪老师的声音来卖产品的，都气到不行，遇到一个我就怼一个，举报一个。现在国内的中医行业已经鱼龙混杂，衰弱不堪了，为啥大家不能齐心协力把中医做好，真正的做到造福于民呢！要知道现在的病人真是可怜，想找一个好的中医太难了，有的根本辨别不出到底哪个中医师靠谱的，只能逼得大家自己去学习中医。</p>",
      "level": 0,
      "highlight": false,
      "children": []
    },
    {
      "id": "4f3c256106768acf0f996a7b305a8b39",
      "author": "朱俊雄",
      "time": "2025年11月08日 22:09",
      "content": "<p>李医生  我最近查出鼻癌 淋巴癌  邮件预约看诊需要排到一年后 冒昧问下？下月回国演讲期间可否提供帮助  我也是倪师的粉丝  倪师的观点深深的影响了我  我特别希望能得到您的帮助</p>",
      "level": 0,
      "highlight": false,
      "children": [
        {
          "id": "d8192210ff77ba048a39192e1b6e50fa",
          "author": "李宗恩",
          "time": "2025年11月09日 11:00",
          "content": "<p>不能，看診一律經由診所安排，而你這樣的行為，對其他等候的病人是不公平的。</p>",
          "level": 1,
          "highlight": true,
          "children": [
            {
              "id": "4f1d94c0c6ce34c6781a73824f89b251",
              "author": "朱俊雄",
              "time": "2025年11月09日 16:56",
              "content": "<p>实在抱歉！那有大陆的中医师推荐的话邮件给我taourl@qq.com  感谢李医师!</p>",
              "level": 2,
              "highlight": false,
              "children": []
            }
          ]
        }
      ]
    },
    {
      "id": "376b5b9a470b314afcb6a1b62214fbcb",
      "author": "粉丝董先生",
      "time": "2025年11月19日 17:45",
      "content": "<p>这个会议需要报名么，我想参加如何报名</p>",
      "level": 0,
      "highlight": false,
      "children": []
    },
    {
      "id": "384cf0d8d9b3f7b6bfab9d390c3271f6",
      "author": "陈玄云",
      "time": "2025年11月22日 03:36",
      "content": "<p>李医生需要个代理发言人跟他们对线</p>",
      "level": 0,
      "highlight": false,
      "children": []
    }
  ],
  "timestamp": 1765610757.911542,
  "page": 3,
  "order": 2,
  "filename": "data\\page3\\page3_order1_7e34a047170662afce096d2d2a733a90.json"
}