{
  "article_url": "https://andylee.pro/wp/?p=13833",
  "title": "一位病人的來函",
  "content": "<p>這位病人，三個多月前到診所初診，雙腳嚴重水腫，臉也水腫，臉和雙手泛黃非常明顯。病人和先生一起解釋，本來都好好的，那天吃了一條很辣的魚，先生只有一下腸胃不適，太太的臉和雙腳卻腫了。早上起床臉腫嚴重，腳水腫好一些，到了下午，臉腫會好一些，但腳腫就越來越嚴重，幾天下來，都是這樣的循環。</p>\n<p>我們先放下中醫的看法，以一般可以猜測的醫學角度來看看。病人來看診時，已經嚴重水腫好多天，沒有退去的跡象，應該不會是簡單的食物過敏、鈉攝取過多、胡蘿蔔素攝取過多等等。依照症狀綜合表現看來，急性肝衰竭(Acute Liver Failure / ALF)和腎病症候群(Nephrotic Syndrome)都是可能的猜測。相比之下，急性肝衰竭的其它症狀表現不明顯，而腎臟大量漏蛋白，導致低白蛋白血症 ，產生全身水腫，可能性較高。同時，腎病症候群會因為體位的改變，早晨眼皮浮腫特別明顯，隨著白天活動，眼皮水腫漸漸減輕，但下肢水腫變的更明顯。如果如此，西醫治療會挺麻煩的，得使用大量的類固醇及免疫抑制劑，通常需要治療六到十二個月，並且可能會有不少副作用。</p>\n<p>當然，病人並沒有去尋求西醫幫助，不然現在可能還在住院，或者困在家裡無法出門。其實，中醫治療也挺麻煩的，得兼顧肝脾腎，還得強心，不然，大幅水腫造成心臟的嚴重負擔，肝脾腎還沒改善，心臟就已經不行了。這裡不深入討論中藥方，以免被人依樣畫葫蘆去治療其他人，反而耽誤了病情。不過，必須一直保有清肝的中藥材在藥方中，是這次治療的特點。因此，如果硬要反推上面的西醫診斷，病人可能同時有腎病症候群及肝衰竭的現象，西醫治療可能比上述的更加複雜。</p>\n<p>目前病人康復情況良好，但我告訴她得繼續清肝一陣子。如果誤食一條有問題的魚，就導致如此嚴重的水腫，而先生吃了同一條魚卻沒什麼大礙，這代表病人身體本來就有問題。加上病人目前仍有肝家症狀表現，得趁早處理，不然下次又遇到奇特的狀況，再度發病就挺麻煩的。</p>\n<p>==============================</p>\n<p>親愛的李醫師，</p>\n<p>能認識您是我的榮幸，有緣接受您的親炙照顧，更是我莫大的福氣！（不過重來一次，我一定不會選擇水腫）這次水腫真的嚇到我了！！</p>\n<p>離開台灣，踏上美國這條路，未知中經歷了許多大小不一的挑戰和挫折，從沒怕過的我，總是安慰自己，大不了就回臺灣。沒想到這次水腫超出了我的經驗和預期值，腫成象腿的腳，讓我寸步難行，出不了門，遑論上飛機，根本回不了臺灣啊！</p>\n<p>非常感謝您精湛的醫術和善意的付出，幫助我跨越生命中的一道坎。給予我信心勇氣去學習用正向的態度來擁抱生命中的各種可能性。請接受我誠摯的感謝與深遠的祝福～</p>\n<p>祝福您：</p>\n<p>福由天降闔家瑞，<br/>紫氣東來診間安。</p>\n<p>地機會冒水珠的病人</p>\n<p>x x</p>\n<p>敬上<br/>2025.05</p>\n<p>==============================</p>\n<figure class=\"wp-block-image size-large\"><a href=\"https://andylee.pro/wp/wp-content/uploads/2025/05/PXL_20250523_031148012.jpg\"><img alt=\"\" class=\"wp-image-13831\" decoding=\"async\" fetchpriority=\"high\" height=\"1024\" sizes=\"(max-width: 718px) 100vw, 718px\" src=\"https://andylee.pro/wp/wp-content/uploads/2025/05/PXL_20250523_031148012-718x1024.jpg\" srcset=\"https://andylee.pro/wp/wp-content/uploads/2025/05/PXL_20250523_031148012-718x1024.jpg 718w, https://andylee.pro/wp/wp-content/uploads/2025/05/PXL_20250523_031148012-210x300.jpg 210w, https://andylee.pro/wp/wp-content/uploads/2025/05/PXL_20250523_031148012-768x1095.jpg 768w, https://andylee.pro/wp/wp-content/uploads/2025/05/PXL_20250523_031148012-1077x1536.jpg 1077w, https://andylee.pro/wp/wp-content/uploads/2025/05/PXL_20250523_031148012-1436x2048.jpg 1436w, https://andylee.pro/wp/wp-content/uploads/2025/05/PXL_20250523_031148012.jpg 1609w\" width=\"718\"/></a></figure>\n<figure class=\"wp-block-image size-large\"><a href=\"https://andylee.pro/wp/wp-content/uploads/2025/05/PXL_20250523_031156317.jpg\"><img alt=\"\" class=\"wp-image-13832\" decoding=\"async\" height=\"1024\" sizes=\"(max-width: 726px) 100vw, 726px\" src=\"https://andylee.pro/wp/wp-content/uploads/2025/05/PXL_20250523_031156317-726x1024.jpg\" srcset=\"https://andylee.pro/wp/wp-content/uploads/2025/05/PXL_20250523_031156317-726x1024.jpg 726w, https://andylee.pro/wp/wp-content/uploads/2025/05/PXL_20250523_031156317-213x300.jpg 213w, https://andylee.pro/wp/wp-content/uploads/2025/05/PXL_20250523_031156317-768x1084.jpg 768w, https://andylee.pro/wp/wp-content/uploads/2025/05/PXL_20250523_031156317-1089x1536.jpg 1089w, https://andylee.pro/wp/wp-content/uploads/2025/05/PXL_20250523_031156317-1451x2048.jpg 1451w, https://andylee.pro/wp/wp-content/uploads/2025/05/PXL_20250523_031156317.jpg 1506w\" width=\"726\"/></a></figure>",
  "article_time": "2025年05月23日 15:21",
  "comments": [
    {
      "id": "3a14d4cc3dece972ba5f1f87e97e38bd",
      "author": "夏至",
      "time": "2025年05月23日 16:08",
      "content": "<p>感谢老师把诊疗的思路讲的这么透彻，李医师大爱！</p>",
      "level": 0,
      "highlight": false,
      "children": []
    },
    {
      "id": "c8e7a4add0e4bde98f3e4614d791eb7d",
      "author": "出師未捷身先死",
      "time": "2025年05月23日 17:19",
      "content": "<p>這位台女寫得一手非常漂亮的繁體字，字跡工整，見信如晤。期待中國大陸有一天能夠迷途知返恢復繁體字，這樣經方的復興才指日可待</p>",
      "level": 0,
      "highlight": false,
      "children": [
        {
          "id": "6b0727702257019bf5f21b82baea10ca",
          "author": "chr1234",
          "time": "2025年05月25日 07:38",
          "content": "<p>当年由繁体转换成简体是为了扫盲对当时的社会而言有重大意义，因此使用简体字并不是迷途。除此之外，熟悉繁体字或许对学习中医有帮助，但“经方的复兴才指日可待”是不是有点太夸张了？再者，中医学子也可自行学习熟悉繁体字，为什么要拉社会上的所有人下水？要知道由简体转换繁体是个巨大的工程，对社会有很多影响，例如至少所有老师要学习繁体书写繁体，在这个时间紧迫的社会下会花费很多人大量的时间以及社会的资源，怎么能只因为中医学子学习中医的些许帮助就让整个社会都为之改变呢？这种更改应该要进行具体的评估以及分析，了解背后需要付出的成本，代价，正面以及负面印象同时征询社会上各方意见之后才能决定要不要实施。</p>",
          "level": 1,
          "highlight": false,
          "children": [
            {
              "id": "35c9dd5072b8183f529c4d853ce4ece0",
              "author": "出師未捷身先死",
              "time": "2025年05月26日 19:51",
              "content": "<p>所謂的將繁體字簡化利於掃盲就是一時衝動，不是經過深思熟慮為了經方的傳承而考慮，根本如同讓一個武林高手自廢武功壯士斷臂，這不是社會進步的表現，而是一種退步。繁體字書寫繁瑣難於記憶不利於全社會推廣根本就是掩耳盜鈴自圓其說，漢字簡化就是滅絕中華傳統文化自掘墳墓的行為，逐漸讓中國大陸的青少年失去對中華文化的歸屬感。中國大陸周邊的國家比如韓國越南一直在脫離中華文化圈，刻意抹去漢字曾在當地長期存在的歷史。令人扼腕歎息的是中國大陸的自由派人士對於這種扼殺中華文化的行為無動於衷，甚至認為恢復繁體字耗費大量國力物力人力無法實行。</p>",
              "level": 2,
              "highlight": false,
              "children": []
            },
            {
              "id": "922fcc6e75a4f9f355ea313ad476a4c0",
              "author": "出師未捷身先死",
              "time": "2025年05月26日 20:51",
              "content": "<p>從1911中華民國成立到1949年新中國成立這一動蕩時期，中國人接受的是繁體字的熏陶和教育，按照繁體字書寫繁瑣不利於記憶不利於全社會掃盲的邏輯，這一時期中國的學術發展應該處於倒退的狀態。但恰恰在這一階段很多人到海外留學學成歸來反而促進了學術的繁榮。請問錢學森李政道楊振寧鄧稼先等數不勝數的科學家是不是誕生於這一時期，繁體字沒有成為學術進步的絆腳石，學術進步的絆腳石是閉關鎖國</p>",
              "level": 2,
              "highlight": false,
              "children": []
            },
            {
              "id": "1bdb6a3759833d4c280bdcb9ed3f6528",
              "author": "出師未捷身先死",
              "time": "2025年05月26日 21:08",
              "content": "<p>繁體字作為中華文明的載體，從中國人出生開始就如同代碼一樣刻在中國的基因當中，中國人血液裡流淌的就是繁體字，中國人學習繁體字有什麼難度？這不過就是一個藉口。香港澳門台灣省以及海外很多華人都在使用繁體字，繁體字對於中華傳統文化的傳承具有不可替代的意義。如今人們一直在感慨傳統文化的流失，罪魁禍首就是繁體字的廢除，因為繁體字就是傳統文化</p>",
              "level": 2,
              "highlight": false,
              "children": []
            }
          ]
        }
      ]
    },
    {
      "id": "c3c79f90dc91ad138ab17892adbefb79",
      "author": "出師未捷身先死",
      "time": "2025年05月23日 17:29",
      "content": "<p>「漢字簡化之後，親（亲）不見，愛（爱）無心，產（产）不生，廠（厂）空空，麵（面）無麥，運（运）無車，導（导）無道，兒（儿）無首，飛（飞）單翼，湧（涌）無力，有雲（云）無雨，開關（开关）無門，鄉（乡）里無郎，聖（圣）不能聽也不能說，買（买）成鈎刀下有人頭，輪（轮）成人下有匕首，進（进）不是越來越佳而往井裏走，只有魔，還是魔。」</p>",
      "level": 0,
      "highlight": false,
      "children": [
        {
          "id": "be451285fd1a49981e7eac647545e0d5",
          "author": "吴茱萸",
          "time": "2025年05月24日 05:12",
          "content": "<p>据说书圣王羲之的兰亭集序中三百多字，其中有一百多个是简化字。晋朝时也常常发瘟疫，人口减员了95%.书圣做禳祈法事，求上天降罪自己，换取百姓安宁。</p>",
          "level": 1,
          "highlight": false,
          "children": [
            {
              "id": "70f8ca1500b03f685652b85b77fff603",
              "author": "出師未捷身先死",
              "time": "2025年05月24日 18:11",
              "content": "<p>不同意你這種牽強附會生搬硬套毫無根據的觀點。經方為什麼如同中國足球一樣一直處於青黃不接後繼無人一代不如一代的窘境？主要原因就是自從廢除繁體字之後，普通人看不懂老祖宗留下的經方古籍，經方古籍對於普通人來說就如同天書一樣，難如登天</p>",
              "level": 2,
              "highlight": false,
              "children": []
            },
            {
              "id": "23e9d92a2be8b5e33f53acbb9e3f8551",
              "author": "出師未捷身先死",
              "time": "2025年05月24日 18:22",
              "content": "<p>一群數典忘祖崇洋媚外居心叵測想要滅絕中華文化讓華夏文明出現斷層的人士才會認為繁體字是文化槽粕，繁體字乃中華文明精華當中的精華</p>",
              "level": 2,
              "highlight": false,
              "children": [
                {
                  "id": "5e5fe32aff98fc63d179915eeb3896ff",
                  "author": "送你座帆船",
                  "time": "2025年05月25日 09:19",
                  "content": "<p>文字的改革是介于当时的国情，文盲多，简体字好学习，更有助于一个国家初级发展，而现代并没有限制你学习繁体字，有智慧的人当然会去思考学习，没有智慧的人反之，没必要二极管</p>",
                  "level": 3,
                  "highlight": false,
                  "children": [
                    {
                      "id": "d46703377fbbba89396c20818a612a80",
                      "author": "出師未捷身先死",
                      "time": "2025年05月26日 20:12",
                      "content": "<p>文字改革是新中國成立以來最大的敗筆之一。中國大陸當時的文盲多難道跟多年戰火導致百姓流離失所教育完全被忽視沒有關係？說白了還是當時的中國積貧積弱，人們喪失了秦漢魏晉隋唐時期的文化自信，對於已經使用千年的漢字產生了懷疑，這是頭痛醫頭腳痛醫腳的表現，中華文明衰落的原因不是因為漢字書寫繁瑣導致文盲遍地，而是清朝的閉關鎖國政策導致對於歐洲在學術方面的崛起一無所知</p>",
                      "level": 4,
                      "highlight": false,
                      "children": []
                    },
                    {
                      "id": "59d52d570868cf36f7edf9bf84aeed98",
                      "author": "出師未捷身先死",
                      "time": "2025年05月26日 21:22",
                      "content": "<p>當時新中國的發展如果沒有一批接受繁體字教育的歸國科學家的無私奉獻，根本就無從談起。從1949到1976期間進行的改革大部分以失敗告終，直到鄧小平廢除閉關鎖國政策實行改革開放中國國力才開始逐漸上升</p>",
                      "level": 4,
                      "highlight": false,
                      "children": []
                    },
                    {
                      "id": "ee5914dd8b3d7d33c2d11c85a7e7133e",
                      "author": "出師未捷身先死",
                      "time": "2025年05月26日 21:48",
                      "content": "<p>簡體字好學習這句話就有毛病。港澳以及臺灣省的學生學習的就是繁體字，也沒有發現他們抱怨繁體字難學。中國大陸把漢字簡化之後，文盲率不升反降，因為人們開始逐漸喪失對於繁體字的識別能力。現在中國大陸老一輩到銀行辦理業務需要書寫自己的名字時根本就提筆忘字，連所謂簡單的簡體字都寫不出來。現在中國大陸的年輕人也好不到哪裡去，開始在書寫時用英文代替漢字</p>",
                      "level": 4,
                      "highlight": false,
                      "children": []
                    }
                  ]
                }
              ]
            },
            {
              "id": "e7ac2f7611105050a276b71746a6f1ae",
              "author": "出師未捷身先死",
              "time": "2025年05月24日 18:54",
              "content": "<p>魏晉南北朝隋唐時期是華夏文明的巔峰時期，王羲之作為一代宗師所留下傳世之作蘭亭集序乃前無古人後無來者的巔峰之作，這一時期的醫學也是人才輩出，華佗在中原一代行醫聲名鵲起可惜被魏武帝所殺，西晉太醫令王叔和整理了醫聖張仲景嘔心瀝血之作傷寒雜病論，居功至偉，東晉葛洪寫下名垂千古的【肘後備急方】，普渡蒼生，造福一方。在這種名醫輩出的時代怎麼可能出現人口銳減95%?</p>",
              "level": 2,
              "highlight": false,
              "children": []
            },
            {
              "id": "762a945ef829c9db79f75288553c3752",
              "author": "出師未捷身先死",
              "time": "2025年05月24日 20:08",
              "content": "<p>蘭亭集序當中一百多個為簡化字，那麼剩餘二百個繁體字有必要簡化？為何後人對於蘭亭集序真本都原封不動不做改動？如同張仲景的經方一樣，王羲之作為書法方面的集大成者，在書法方面的成就已經無出其右無人能及，後人沒有必要對經典再做改動</p>",
              "level": 2,
              "highlight": false,
              "children": [
                {
                  "id": "02823e41ea46824a7afa858b58983916",
                  "author": "送你座帆船",
                  "time": "2025年06月01日 07:30",
                  "content": "<p>知道繁体字好的人不会自己学吗？都说了根据国情，国情内陆人口基数大，培养一位学会繁体字的学生要远远比学习简体字的学生付出的时间精力金钱要多的多得多，你又不用革命，你当然可以事后诸葛，站在上帝视角指点江山。</p>",
                  "level": 3,
                  "highlight": false,
                  "children": []
                }
              ]
            }
          ]
        }
      ]
    },
    {
      "id": "3355220de54e30f9611240da4cdc4386",
      "author": "出師未捷身先死",
      "time": "2025年05月23日 18:55",
      "content": "<p>肝藏魂，心藏神，脾藏意，肺藏魄，腎藏志。繁體字是華夏文明的靈魂所在和精神寄託，是承前啟後一脈相承源遠流長長盛不衰的華夏文明屹立於世界民族之林之根基。當年錢學森李政道楊振寧鄧稼先丁肇中等等數不勝數的科學家都是學習繁體字課本，學術造詣之深，至今無人能及</p>",
      "level": 0,
      "highlight": false,
      "children": [
        {
          "id": "97163f907cc94b76b030d7119ec821de",
          "author": "单单",
          "time": "2025年05月26日 18:04",
          "content": "<p>你这人真TM烦。哪里都有你。你每次发言都让人反感而且是多余的，浪费李医生的空间。这种人就应该拉黑。</p>",
          "level": 1,
          "highlight": false,
          "children": []
        },
        {
          "id": "85f662057b1b2b38d0bc31e9c806c6e3",
          "author": "天城",
          "time": "2025年05月27日 19:37",
          "content": "<p>这种和中医无关的引战言论我诚心建议不要放它显示出来污染网页。实在憋不住要说请移步其他论坛</p>",
          "level": 1,
          "highlight": false,
          "children": []
        }
      ]
    },
    {
      "id": "1d74b5a3cfd2b579b14a3b5a7ff59358",
      "author": "一壶酒",
      "time": "2025年05月24日 16:55",
      "content": "<p>记得10多年前两会期间央视采访宋祖英，她提议恢复繁体字。然后去查了一下。</p>\n<p>2008年两会期间，郁钧剑、宋祖英、黄宏等21位委员，联名递交了一份名为“小学增设繁体字教育”的提案，这份提案提出：从小学阶段开始设置繁体字教育，将繁体字设置为必修课。老师在讲授简体字的同时也教学生认识繁体字。</p>\n<p>次年，政协委员潘庆林提交了《关于分批停止使用简体字，恢复繁体字》的提案。用10年的时间将简体字分批废默，与港澳台一样，使用繁体字。</p>\n<p><a href=\"https://baike.baidu.com/item/%E5%BA%9F%E7%AE%80%E5%A4%8D%E7%B9%81/3477899\" rel=\"nofollow ugc\">https://baike.baidu.com/item/%E5%BA%9F%E7%AE%80%E5%A4%8D%E7%B9%81/3477899</a></p>\n<p>在2015年两会上，明星委员冯小刚、张国立又提议将部分有代表性、极具表意特征的繁体字放到小学课本中。</p>\n<p>2019年，全国政协委员韩方明在今年三月份两会期间提出了一个提案：《关于在全国中小学进行繁体字识读教育的提案》。<br>\n教育部答复”在全国中小学进行繁体字识读教育”提案<br>\n<a href=\"https://mp.weixin.qq.com/s/AIIViabFi6eEHwZjAkBskA\" rel=\"nofollow ugc\">https://mp.weixin.qq.com/s/AIIViabFi6eEHwZjAkBskA</a></br></br></p>",
      "level": 0,
      "highlight": false,
      "children": []
    },
    {
      "id": "e3532d770908ff272d47757b577ad00a",
      "author": "吴茱萸",
      "time": "2025年05月25日 01:22",
      "content": "<p>石斛：兰科植物，滋阴清热，被誉为“中华九大仙草”之首 。石斛多醣是鐵皮石斛中主要的活性成分，具有較好的增強免疫、活血抗栓、降血壓、降血脂、消炎、抗氧化、抗腫瘤、調節血糖的作用。我想倪师讲的兰草，会不会是石斛？</p>",
      "level": 0,
      "highlight": false,
      "children": [
        {
          "id": "026a6493a82c90cd25d46e46002627b6",
          "author": "李宗恩",
          "time": "2025年05月30日 15:55",
          "content": "<p>應該不是。</p>",
          "level": 1,
          "highlight": true,
          "children": []
        }
      ]
    },
    {
      "id": "e114e0479919233521e3129a4f9998c3",
      "author": "bonnie",
      "time": "2025年05月25日 01:32",
      "content": "<p>李老师，考虑了很久，我还是非常热爱中医行业的，但是由于高考专业选择时候过多考虑家人建议而错过机会，导致目前没有进入中医行业（目前在互联网公司做工程师），但是学习倪师的课程给我了更深刻的使命感。在国内的师承等机会不是传统培养好中医的方式（大多都是培训机构拿来运营的，不是经方），可以申请去您的诊所跟诊学习吗？我渴望有机会一直深入中医，此生也能够像您一样创造价值。期待您的回复。</p>",
      "level": 0,
      "highlight": false,
      "children": [
        {
          "id": "654388f96706240394ca7e56208d01e1",
          "author": "chr1234",
          "time": "2025年05月25日 07:45",
          "content": "<p>之前李医师说了很多次如果有教学计划会在网页通知，要真想跟李医师学习，等着信息公布报名再说。另外，如果你想在国内合法行医，要么就走师承要么就重新参加高考读国内中医专业，你不可能只学习人纪或者只跟李医师学习就能直接在国内行医的</p>",
          "level": 1,
          "highlight": false,
          "children": [
            {
              "id": "8575102b5e41a26c60aa8ad547030d55",
              "author": "一壶酒",
              "time": "2025年06月14日 16:33",
              "content": "<p>说到重新参加高考读国内中医专业，这是今年6月6号推送过来的网文。</p>\n<p>51岁“学霸大叔”爆改人生！硕士回炉读本科，如今又考上研<br/>\n<a href=\"https://mp.weixin.qq.com/s/xVw4u5q1qD4myP0gqU3tNQ\" rel=\"nofollow ugc\">https://mp.weixin.qq.com/s/xVw4u5q1qD4myP0gqU3tNQ</a></p>\n<p>——湖北民族大学在湖北省恩施土家族苗族自治州</p>\n<p>下面的链接是他2020年刚考上中医学本科时候的报道</p>\n<p>46岁硬核大叔！研究生学历的他与儿子同年上本科，只为圆这个梦<br/>\n<a href=\"https://mp.weixin.qq.com/s/nWdIExatjeaP9TNjlIItow\" rel=\"nofollow ugc\">https://mp.weixin.qq.com/s/nWdIExatjeaP9TNjlIItow</a></p>",
              "level": 2,
              "highlight": false,
              "children": []
            }
          ]
        }
      ]
    },
    {
      "id": "eeb666ee9fc55453a6289a91cebe20cc",
      "author": "C.H.Lin",
      "time": "2025年05月26日 01:07",
      "content": "<p>請問李博士，吃了燥熱的食物，例如麻油雞，就容易拉肚子，就中醫生理學和病理學，如何解釋？<br/>\n感謝。</p>",
      "level": 0,
      "highlight": false,
      "children": [
        {
          "id": "02ff4b4755029b4744de081fcd2cb556",
          "author": "CHLIN",
          "time": "2025年05月29日 20:19",
          "content": "<p>原來和膽汁有關。膽汁消化、分解脂肪。(看了李博士的直播之後。)</p>",
          "level": 1,
          "highlight": false,
          "children": []
        },
        {
          "id": "65efa5baeff50f4e3a5212ea9fd3c1d1",
          "author": "李宗恩",
          "time": "2025年05月30日 15:58",
          "content": "<p>你可能是無法消化油質，而不一定是燥熱食物引起的。另外，只憑單一症狀，如何能討論中醫生理病理學？</p>",
          "level": 1,
          "highlight": true,
          "children": [
            {
              "id": "ff993878745fe748bd14730d3f3203ad",
              "author": "CHLIN",
              "time": "2025年06月01日 05:44",
              "content": "<p>感謝李博士。</p>",
              "level": 2,
              "highlight": false,
              "children": []
            }
          ]
        }
      ]
    },
    {
      "id": "7440a5d399472107fe65468867898627",
      "author": "飞飞飞",
      "time": "2025年05月26日 02:20",
      "content": "<p>请问一下李医师<br/>\n檀中穴或玉堂穴 内部痛，单看这点症状偏向心下痞还是心痛呢</p>",
      "level": 0,
      "highlight": false,
      "children": [
        {
          "id": "14da49f2c88f456c2fa6524f21914dd6",
          "author": "李宗恩",
          "time": "2025年05月30日 15:59",
          "content": "<p>「痛」是什麼意思？不能只憑一個「痛」是來描述病情，不然是瞎子摸象。</p>",
          "level": 1,
          "highlight": true,
          "children": [
            {
              "id": "02e6a8509e5f735070991b5130b802b2",
              "author": "飞飞飞",
              "time": "2025年05月31日 12:22",
              "content": "<p>怪我理所当然了。<br/>\n没有 呕和肠鸣，吃食正常，不下利，没出血症，大小便均正常。<br/>\n偏向于刺痛，但不剧烈，有持续性，睡觉时不会增强，痛不会延升到背后。。</p>\n<p>个人觉得是胸痹的心痛，但没遇过心下痞，怕和心下痞混为一谈。</p>",
              "level": 2,
              "highlight": false,
              "children": []
            },
            {
              "id": "37de2d259c1f28340b9ae8d4963836e5",
              "author": "飞飞飞",
              "time": "2025年06月11日 01:57",
              "content": "<p>复习了下伤寒太阳篇。<br/>\n痞证和结胸证 从病位角度来看，更多在巨阙到中脘，所以条辨中强调腹诊。</p>\n<p>我所描述这症状，病位看起来在檀中位，肋骨之下。也没有向巨阙穴延伸迹象。</p>\n<p>从结果论来看，用枳实薤白桂枝汤加减3副就解决了。</p>",
              "level": 2,
              "highlight": false,
              "children": []
            }
          ]
        }
      ]
    },
    {
      "id": "b86f35c22ab897c1632091c91a6edaca",
      "author": "愿得一人心",
      "time": "2025年05月27日 02:52",
      "content": "<p>李医师你好啊，请问吴茱萸这味药，煎药之前要用开水冲洗一遍嘛？还是不用冲洗，直接煎！</p>",
      "level": 0,
      "highlight": false,
      "children": [
        {
          "id": "5dabca2716101f49f1c531a05ab1ca21",
          "author": "李宗恩",
          "time": "2025年05月30日 16:07",
          "content": "<p>這種問題為什麼還需要問？如果有泥巴等附在上面，那就洗一洗。</p>",
          "level": 1,
          "highlight": true,
          "children": [
            {
              "id": "5ffb9b3632f8a1fea82d4c8c68d44a7b",
              "author": "愿得一人心",
              "time": "2025年05月30日 21:06",
              "content": "<p>李医师你好，怪我没表达清楚，中国大陆部分中医是把吴茱萸采摘好，然后用开水烫洗一遍，降低刺激性，然后晾干保存陈放，所以我想问的是，吴茱萸这位药有必要用开水烫洗一遍？</p>",
              "level": 2,
              "highlight": false,
              "children": []
            }
          ]
        }
      ]
    },
    {
      "id": "f6336631393b6bc32280035341340d36",
      "author": "曾",
      "time": "2025年05月28日 12:30",
      "content": "<p>李老师我按照您书上的方法制作了三黄膏和紫云膏，成膏后感觉有点硬不容易涂抹，尤其是三黄膏，怀疑是不是我做的过程有问题还是说本来就这样。<br/>\n后续的话您是否还会在书中再写点其他纯中药制作用品？如洗发水驱蚊水等等。市面上这些东西基本都和化学添加剂挂钩，所以可以的话希望您能多说一些这种纯中药制作代替品，虽然制作起来费点事但用起来安全放心。</p>",
      "level": 0,
      "highlight": false,
      "children": [
        {
          "id": "8878af213584504fd22d2db5d4c64506",
          "author": "李宗恩",
          "time": "2025年05月30日 16:09",
          "content": "<p>自己可以嘗試變動，看看實際使用有沒有比較方便。</p>",
          "level": 1,
          "highlight": true,
          "children": [
            {
              "id": "7b235f270e7431bb50c0252325111ba1",
              "author": "曾",
              "time": "2025年06月04日 03:17",
              "content": "<p>好的，谢谢您的回复。</p>",
              "level": 2,
              "highlight": false,
              "children": []
            }
          ]
        }
      ]
    },
    {
      "id": "07510791b77e6536bd80373c7942a402",
      "author": "过江之鲫",
      "time": "2025年05月29日 19:53",
      "content": "<p>请问一下李医师，您在治疗比较严重的痔疮，比如有痔疮脱出的情况，是会采取枯痔散以及一些针药并用，还是会让病人先给西医开刀然后再调理。我在中西医结合医院这边都是开刀，唯二跟中医有关的就是开刀完，中药汤坐浴，还有艾灸。</p>",
      "level": 0,
      "highlight": false,
      "children": [
        {
          "id": "dbeb715dc5379b34439e6d06bb280f11",
          "author": "出師未捷身先死",
          "time": "2025年05月30日 02:47",
          "content": "<p>李宗恩博士遇到網上問診時的回复統統都是“不在網上針對個案一一討論”，“中醫不以西醫的病名來看診”，擔心會出現亂服藥的情況,但聽到這句話，很多人內心如同被澆了一盆冷水心裡涼了半截。那麼針對痔瘡，倪海廈提出中國大陸老一輩人從不會出現痔瘡的問題，因為他們年輕時有戶外採摘食用槐花的習慣，槐花是治療痔瘡的一味良藥，具有涼血的功能，能”殺腹臟蟲及熱”。那時候的槐花由於沒有受到農藥的污染，味道純正有甜味。如今的槐花已經沒有以前的槐花好吃了，自然治療痔瘡的效果也大打折扣。個人認為槐白皮比槐花的效果更好。孫思邈的備急千金要方當中在治療五痔時多次提到槐白皮，甚至可以單用以坐浴的方式治愈痔瘡，“治痔下部出膿血，有蟲，旁生孔竅方　槐白皮一擔剉，納釜中煮令味極出，置大盆中，適寒溫坐其中如浴狀，蟲悉出，冷又易之，不過二三即瘥。” 希望李宗恩博士像唐代良醫孫思邈那樣通過著作把藥方分享出來，以達到“家家自學，人人自曉”普及經方的目的。</p>",
          "level": 1,
          "highlight": false,
          "children": [
            {
              "id": "43faa2ef744dd9eec1fe29044fb38502",
              "author": "送你座帆船",
              "time": "2025年06月01日 07:21",
              "content": "<p>你当然可以装清高，因为这个网站不是你创办的，这是李医师的个人网站，说的话是要负责任的，在中医的学术体系里就是要辨证论治，就是要得到很多信息，人创立个回答问题的网站，你却要在这里看诊，你是想干什么？你会愿意在休息时间做自己的工作？请你不要道德绑架，回答你问题是情分，无视你是本分，问出这种不专业ai、百度都能解释的问题，谁愿意把时间拿来解答你无聊的问题。<br/>\n你问问题的时候，更应该考虑自己的问题值不值得回答，问的由没有价值，这里不是群聊，不是那种蹦出个症状就有一大堆人推荐吃什么方，用什么药的地方</p>",
              "level": 2,
              "highlight": false,
              "children": []
            }
          ]
        },
        {
          "id": "4cf21d3a11c509b32c87770eede8e424",
          "author": "李宗恩",
          "time": "2025年05月30日 16:33",
          "content": "<p>一般而言，中藥方劑可以治療嚴重的痔瘡。</p>",
          "level": 1,
          "highlight": true,
          "children": []
        }
      ]
    },
    {
      "id": "f92b569680b5d12bc5505b847e00c8bc",
      "author": "出師未捷身先死",
      "time": "2025年05月30日 04:40",
      "content": "<p>之前由於迷信西醫西藥生活作息不良熬夜飲酒不幸染上了痔瘡。當時去一位中藥房坐診的中醫去詢問，他的答复是痔瘡必須開刀才能治愈。之後又去了一位年輕中醫那裡，他認為痔瘡不需要開刀，只需要坐浴就可以痊癒。結果沒有聽從他的勸告，讓他開湯劑。他臨時翻書開了一個包含槐實三七生麻赤芍生地當歸黃芩馬齒莧敗醬草的處方，結果服用之後一點效果也沒有。痔瘡屬於濕熱下注，濕熱環境下就容易生蟲，而新鮮的槐花槐白皮如果外用就能夠殺蟲。中藥房賣的槐花由於長時間放置已經沒有了氣味和藥性，湯劑內服的話根本就沒有效果。</p>",
      "level": 0,
      "highlight": false,
      "children": [
        {
          "id": "f6ce5984efb5859209be20c38f80bc96",
          "author": "老莊無為",
          "time": "2025年10月15日 20:37",
          "content": "<p>照你這麼說~那砒霜放久了也就沒有毒了也沒藥性了!看你老是在這亂留言真的是唯恐天下不亂</p>",
          "level": 1,
          "highlight": false,
          "children": []
        }
      ]
    },
    {
      "id": "e8ee4a9d418dac58d575c7ed6b65ae60",
      "author": "Dking",
      "time": "2025年05月30日 05:14",
      "content": "<p>李医生好：</p>\n<p>请问李医生，长期痔疮流血的人，在近月不流血的情况下，肺部感觉憋闷，是因为湿热从大肠反逆伤肺导致的吗？ 针对这种情况，我的想法是使用麻杏甘石汤合当归赤小豆散加柴胡 郁金 黄芩来润肺、治痔疮、清肝，辛苦李医生指导我的思路是否合理</p>",
      "level": 0,
      "highlight": false,
      "children": [
        {
          "id": "c42116f00bff8e1a8442b96cb3fb5dfa",
          "author": "李宗恩",
          "time": "2025年05月30日 16:52",
          "content": "<p>理論上不是不可能，但肺家的問題不一定是大腸引起的，得仔細研究，不要太快下結論。</p>",
          "level": 1,
          "highlight": true,
          "children": [
            {
              "id": "1630d22594cfa606b7822b84a11d15b7",
              "author": "Dking",
              "time": "2025年05月31日 02:59",
              "content": "<p>感谢李医生的回复，会继续观察，多多思考。</p>",
              "level": 2,
              "highlight": false,
              "children": []
            }
          ]
        }
      ]
    },
    {
      "id": "380355bd433ca4e687e9ff415dd500a8",
      "author": "出師未捷身先死",
      "time": "2025年05月30日 08:55",
      "content": "<p>已故漢唐中醫掌門人倪海廈曾於2007年給湖南百姓寫了一封信https://www.hantang.com/chinese/ch_Articles/300.htm，信中詳細介紹了治療感冒的六個處方桂枝湯麻黃湯葛根湯大青龍湯小青龍湯小柴胡湯。但在當時的中國大陸如日中天的西醫完全處於一手遮天的狀態，當時中國大陸13億的普通老百姓由於信息閉塞根本沒有機會看到這封信。如今隨著互聯網的普及，來自倪海廈的這封信才逐漸浮出水面被世人所熟知。小善雖無大益，而不可不為；細惡雖無近禍，而不可不去。希望李宗恩博士能夠繼承倪海廈這種慈悲的胸懷，在中國大陸網友線上問診時能多一份惻隱之心。</p>",
      "level": 0,
      "highlight": false,
      "children": [
        {
          "id": "ee5634803e0ea610daf45d9d1084b11f",
          "author": "李宗恩",
          "time": "2025年05月30日 17:07",
          "content": "<p>請注意你的發言，什麼叫做線上問診時能多一份惻隱之心？只憑非常簡單的陳述就提供建議，那不是幫人而是害人，你這是愚癡，不是慈悲。倪老師的舊網頁，根本不准許讀者留言發問，更不要說是回答問題。一些在我網頁上問問題的讀者，根本沒有研讀或查詢我網上的內容，甚至也不去網上查詢或翻翻書，自己不做功課，也沒有基本常識，隨隨便便提問，這是不尊重他人時間的行為，我沒有義務回答。</p>\n<p>你多次發言偏激及重複，有一次接連發了二十幾個留言，被工作人員刪除。即使你是好意，非常不尊重他人，請你自重，這裡不是公共論壇。如果再如此，工作人員會直接刪除你所有的留言。</p>",
          "level": 1,
          "highlight": true,
          "children": [
            {
              "id": "2beec095d071a25b0b271b20a3af0399",
              "author": "出師未捷身先死",
              "time": "2025年05月30日 19:07",
              "content": "<p>難怪倪海廈倪師在漢唐中醫的網頁中把自己比作金庸筆下〖射雕英雄傳〗當中桃花島的島主東邪黃藥師。黃藥師從來不允許他的女兒黃蓉私自進入他房間中的密室探望她的母親，梅超風私自偷走九陰真經結果黃藥師一怒之下把她的雙腿打斷逐出師門。倪師的行事風格也是雷厲風行，對於台灣讀者發來的問診傳真看都不看直接就丟進了垃圾桶。倪師和黃藥師的性格真的有幾分神似</p>",
              "level": 2,
              "highlight": false,
              "children": [
                {
                  "id": "465caa2099a22361e79970cf393b09ff",
                  "author": "李宗恩",
                  "time": "2025年05月30日 19:35",
                  "content": "<p>不要以訛傳訛，如果是認真找尋倪老師問診的傳真，前台正常收費後，倪老師會回覆。你再如此隨便亂留言，我會告訴工作人員，不再核准你的留言，直接標示為垃圾留言。</p>",
                  "level": 3,
                  "highlight": true,
                  "children": []
                },
                {
                  "id": "bf548aede6c670fb78d6a68e117f8158",
                  "author": "老莊無為",
                  "time": "2025年10月15日 20:43",
                  "content": "<p>自己醫術不精還來這潛水黑倪師~妒忌的心不會讓你自己好過的~回去修修自己的心吧~</p>",
                  "level": 3,
                  "highlight": false,
                  "children": []
                }
              ]
            },
            {
              "id": "681d50e74a0c1a02a4c606a23bf6203c",
              "author": "Dking",
              "time": "2025年05月31日 03:12",
              "content": "<p>李医生好：</p>\n<p>   网友们好，我曾有两位家属找李医生远程看诊，我可以证明李医生真的是看诊时特别认真、可爱的。<br/>\n   我是一名大陆远程看诊患者的家属，我爱人是个有点爱赖床、耍小脾气的女士，但是无论是北京时间早晨还是凌晨，和李医生聊完天看诊完都很开心，声称自己像快乐小狗一样，扮个鬼脸，我在旁边安静不露面陪诊时，能观察到李医生在回答一些和病情无关的问题时也很认真的思考后才回答，对于需要了解的病情更是深入细致的追问，再次感谢李医生。<br/>\n   然后大家在看诊时，无论是找哪位中医师，还是需要一些中医常识，无论从哪些角度来说，都是百利而无害的，既能清晰的描述自己的病情，回答医生问题，还可以自己做个简单的病情感知。请众网友更不要把无知当自大，妄自为尊。</p>",
              "level": 2,
              "highlight": false,
              "children": [
                {
                  "id": "39d6588c6f59407af1906b465a35df36",
                  "author": "李宗恩",
                  "time": "2025年06月01日 12:57",
                  "content": "<p>謝謝你的分享。</p>",
                  "level": 3,
                  "highlight": true,
                  "children": []
                }
              ]
            }
          ]
        }
      ]
    },
    {
      "id": "c36047be1b62c809bd06e78e36163bba",
      "author": "邹景星",
      "time": "2025年05月31日 02:08",
      "content": "<p>李医师您好，我想请教您一个问题。本篇文章中您提到这位病人一直都保有清肝的中药材，而在您之前写过的一篇文章《一个很好的教學病例》中，那位病人在运用强心剂跟生附子都没有取得良好效果时，您判断该病人是长期的肝血不足，使用酸枣仁汤跟甘麦大枣汤加减补肝血取得很好的疗效。我知道每个病人具体的情况是不一样的，需要辨证论治。我的疑问是疏肝与补肝血之间的区别，是否可以理解为：肝疏泄的功能（阳）不足时造成肝郁，这时就需要清肝胆的药物帮助身体去疏泄。而肝血不足是可利用的材料（阴）不足够，这时就需要补肝血的药物去补充材料？这两者是否也会互相影响而同时出现呢？希望能得到您的答疑，谢谢。</p>",
      "level": 0,
      "highlight": false,
      "children": [
        {
          "id": "d41a2862aca9a7ed80263e9a13931cce",
          "author": "李宗恩",
          "time": "2025年06月01日 12:53",
          "content": "<p>一個好比房子內很髒亂，一個好比家貧如洗，這兩者當然有可能同時出現。</p>",
          "level": 1,
          "highlight": true,
          "children": [
            {
              "id": "402661ee6f1c1a31efbeda43d146977b",
              "author": "邹景星",
              "time": "2025年06月05日 19:29",
              "content": "<p>感谢李医师您的答疑！</p>",
              "level": 2,
              "highlight": false,
              "children": []
            }
          ]
        }
      ]
    },
    {
      "id": "e30c45a0c26f9e81cb9fb41b484dec7d",
      "author": "王绪阳",
      "time": "2025年07月20日 04:14",
      "content": "<p>你好李医师，请问眼诊肝区的破洞是可逆的吗，是否会随着清肝补肝血等有效的治疗而恢复正常，亦或是说肝区破洞的恢复是否可以作为治疗效果的判断依据。</p>",
      "level": 0,
      "highlight": false,
      "children": [
        {
          "id": "4f402e082c6d12b7b546aa27b5a5f22f",
          "author": "李宗恩",
          "time": "2025年07月20日 21:53",
          "content": "<p>不容易完全復原，肝區的眼診比較像是紀錄片，多年前的肝家問題，留下了痕跡，即使後來肝家問題解決了，眼診還是可能遺留下紀錄。</p>",
          "level": 1,
          "highlight": true,
          "children": []
        }
      ]
    },
    {
      "id": "bbc0b197058f86e2debbee330b263f3b",
      "author": "中医传承人",
      "time": "2025年08月12日 20:35",
      "content": "<p>前几年把倪师课程都学完了，最近打算把李老师的全部内容都看下，收获良多，感谢！</p>",
      "level": 0,
      "highlight": false,
      "children": []
    }
  ],
  "timestamp": 1761452580.39821,
  "page": 5,
  "order": 2,
  "filename": "data\\page5\\page5_order1_8a3e1f259d6db324b7f642d65fd4a544.json"
}