{
  "article_url": "https://andylee.pro/wp/?p=4630",
  "title": "腎衰竭 尿毒症",
  "content": "<p>病人是一位矽谷高科技創新公司的老前輩，已經69歲了，不但沒有退休，還帶領著一百多位工程師努力奮鬥，令人敬佩。去年12月1日第一次來看診，告訴我他剛剛驗血，被認定腎衰竭、尿毒症，得開始洗腎，不然短時期內生命就會有危險。</p>\n<p>病人及太太非常不願意洗腎，認為生活品質會大幅下降，同時有許多其它的問題產生，他們希望能靠中醫的幫忙來改善腎功能，以避免洗腎。從中醫辨證論治的治療原則下，我決定加強病人的心臟功能來讓心陽透達下焦、利水來減低腎臟的負擔、溫腎來提高腎臟功能，外加解血毒的中藥。</p>\n<p>服用中藥一週，病人及太太就覺得身體有改善，臉上氣色恢復了，不像以前黯淡灰白，手腳轉溫一些，人也比較有精神。然而，病人有一個正在學醫的兒子，知道病人的情況後，堅持要爸爸馬上開始洗腎，為了這件事和病人大吵了好幾次，同時病人的腎臟專科醫師也一直逼病人洗腎，兩頭的壓力讓病人非常不安。病人告訴我，他會服用中藥到十二月底再度驗血的時間，如果驗血的數字有些好轉，他就比較能說服學醫的兒子及他的腎臟醫師，不然他就得開始洗腎。</p>\n<p>今天下午來複診，告訴我十二月底的驗血報告出來了，三個決定洗腎與否的數值都有改善，尿毒指數(BUN) 從64降到56，肌酸酐（<span class=\"LangWithName\"><span lang=\"en\" xml:lang=\"en\">Creatinine</span></span>）從5.72 降到 5.28，CFR 從 9 上升到12。雖然這樣的驗血結果，仍代表病人腎臟功能衰竭，仍有不小的風險，服用中藥四週下有這樣的進步，總算讓學醫的兒子願意讓病人再繼續試一試中醫治療，也給了腎臟專科醫師一個機會去了解中醫治療腎衰竭、尿毒症的可能性。</p>\n<p>在中醫臨床治療上，被病人「逼著」在短時間內看到西醫數值的改變，對中醫不是一件合理的事情，畢竟中醫有自己一套系統去評估病人病情好轉或惡化，西醫數值的改變不一定立即反應中醫治療的效果。然而，像這個老前輩病人的情況，我們可以理解他兩難的痛苦，知道為什麼他急著想看到驗血數值的進步，這個時候，也只能中醫師自己把壓力承擔下來，盡力去做，畢竟能幫忙到多一個病人不用洗腎，還是很高興的。</p>\n<p> </p>",
  "article_time": "2018年01月04日 15:16",
  "comments": [
    {
      "id": "8782ac05696bf6326d36e1bffdd41611",
      "author": "逍遙中醫",
      "time": "2018年01月04日 18:52",
      "content": "<p>在這個追求具體數據來評價的世代，<br/>\n中醫也被強逼西醫化，<br/>\n十分無奈，<br/>\n在也得接受之餘，<br/>\n亦要有所堅持，<br/>\n以中醫獨有的一套治療標準。。。</p>",
      "level": 0,
      "highlight": false,
      "children": []
    },
    {
      "id": "c190453cfb92fb737625f45913325ebc",
      "author": "王彦强",
      "time": "2018年01月06日 05:46",
      "content": "<p>长江日报融媒体10月12日讯（记者 尹勤兵）“一个人活着的意义，不能以生命长短作为标准，而应该以生命的质量和厚度来衡量。得了这个病，活着对我是一种折磨和痛苦。我要有尊严地离开，爸爸和妈妈，你们要坚强地、微笑着生活，不要为我难过。</p>\n<p>我走之后，头部可留给医学做研究。希望医学能早日攻克这个难题，让那些因为‘渐冻症’而饱受折磨的人，早日摆脱痛苦……”</p>\n<p>以上，就是29岁的北大女博士娄滔，在患上“渐冻症”以后，清醒时留下的“遗嘱”。在和病魔抗争2年后，2017年10月11日，娄滔所就读的北京大学历史学院领导，特地赶到武汉汉阳医院，将一本北京大学“荣誉博士”证书，交到娄滔父亲手中。<br/>\na<br/>\n北大优秀女博士，原是恩施土家女</p>\n<p>“女儿得了渐冻症后，强烈要求死后将器官捐献出来，这是她最后的愿望。”10月12日，54岁的娄功余告诉记者，他和妻子汪艳梅是湖北恩施土家族人。女儿娄滔，是两人唯一的宝贝女儿。</p>\n<p>2007年，娄滔以优秀的成绩考入中央民族学院历史系预科班。5年后，被学校保研送至北京师范大学；2015年，又以笔试、面试第一名，考入北京大学历史学院，攻读古埃及史。</p>\n<p>娄功余说，女儿高中就住校，独立生活能力很强。自从到北京读大学后，除手机、电脑需要父母额外赞助外，每月生活费标准，一直都是1000元。不足部分，全靠奖学金。</p>\n<p>女孩子都爱吃、爱穿，娄滔在父母眼中，既乖巧，又会生活。“她能把一份方便面，煮出美食的味道，衣服不超过50元一件，都是外贸店淘来的……”</p>\n<p>2008年北京奥运会期间，英语成绩超棒的娄滔，在媒体新闻中心做志愿者，义务为全世界运动员做翻译，获得好评。</p>\n<p>娄滔很善于学习。在北京师范大学读书时，别人为论文忙坏了。但娄滔还在寝室看似漫不经心地养花、给同学做美食。最后一个星期，娄滔的洋洋洒洒几万字的论文交上来，被评为优秀论文。<br/>\n患上“渐冻症”</p>\n<p>娄滔的人生规划，是毕业后要做一名教授，传道授业。</p>\n<p>对于未来，娄滔憧憬的生活方式是：一定要和父母住一个城市，最好一个在东，一个在西。可以不要天天见面，但要经常在一起吃饭、聊天。</p>\n<p>她的身体一直都很好，在学校跑过万米长跑，还经常游泳。</p>\n<p>娄功余说，2015年8月，娄滔回恩施度暑假，经常说身体浑身没力气，上楼乏力。当时，父母还笑女儿“太娇气”。10月份娄滔返校后，一天早晨给妈妈打电话，说一只脚尖踮不起来，不听使唤。起初，以是颈椎或者腰椎问题。直到“北医三院”和多家大医院权威教授会诊，才确诊为“运动神经元病”。</p>\n<p>运动神经元病，属于神经系统疾病，俗称“渐冻症”，目前病因病理不明。而娄滔所患这种，属于远端发病这种，其发病进程十分迅速。其可怕之处在于，患者大脑意识从头到尾都是清醒的，会慢慢感受到全身不受控制，最后连呼吸肌都无法自主，只有眼睁睁等死。</p>\n<p>为了不拖累男友，在患病1个多月后，娄滔主动提出和男友分手，并谢绝很多同学的看望。她希望，自己留在大家心目中的是一个健康美好的形象。</p>\n<p>让家人感动的是，在娄滔患病后，很多人都伸出援手。两次爱心筹款100多万元。</p>\n<p>2年来，娄滔踏上了漫漫求医之路。</p>\n<p>2016年10月，不见好转的娄滔，被转回恩施当地一家医院的神经内科，做保守治疗。她的病情越来越恶化。发展到最后，连吃饭、张嘴都没力气了。2017年元月，因大脑缺氧深度昏迷，娄滔住进了ICU重症监护室，失去了自主呼吸功能，用呼吸机维持生命。</p>\n<p>尽管如此，娄滔在患病期间，仍坚持“听”完了60多部中外世界名著。</p>\n<p>娄功余说，“渐冻症”病人发展后期，整个人都如同面条一样瘫软。女儿曾多次提出，不治了。但父母劝她要继续坚持。又有一种新病出来。</p>",
      "level": 0,
      "highlight": false,
      "children": [
        {
          "id": "8e4763fde438c0ecfdc8e68cee132c2d",
          "author": "andy",
          "time": "2018年01月10日 14:23",
          "content": "<p>中醫可以幫助減緩漸凍人症的發展，我兩年多前寫過一篇簡短的文章：<a href=\"https://andylee.pro/wp/?p=1987\">https://andylee.pro/wp/?p=1987</a>。</p>",
          "level": 1,
          "highlight": true,
          "children": [
            {
              "id": "4b7857d6248e11169da361d27b43898b",
              "author": "王彦强",
              "time": "2018年01月11日 02:36",
              "content": "<p>感觉这些疾病好奇怪，看这女孩子面相法令纹入口的，倪老师说这都是会饿死的。</p>",
              "level": 2,
              "highlight": false,
              "children": []
            }
          ]
        },
        {
          "id": "9f45ef818dde2b0550eaa2d06050e0c2",
          "author": "John Su 蘇宗亮",
          "time": "2018年02月08日 07:42",
          "content": "<p>「肌萎縮性脊髓側索硬化症」（ALS、漸凍人症）可以試著使用艾絨在患者身上的幾組穴位做 “直接瘢痕灸法”, 穴位如下: 百會, 肺兪, 膏肓, 中脘, 氣海, 關元, 曲池, 足三里.</p>",
          "level": 1,
          "highlight": false,
          "children": []
        }
      ]
    },
    {
      "id": "ab0dc9b50cf905a3178ebfdb23873141",
      "author": "Sisi",
      "time": "2018年01月12日 06:46",
      "content": "<p>李醫師您好，你的師妹真是太誇張了，在臺違法看診 ，ㄧ個月收ㄧ萬的指導費 最重要是沒有把人看好，辯證實在另類 先開小柴胡 再開柴龍牡 是基本盤，因為我也是被她誤治過。</p>",
      "level": 0,
      "highlight": false,
      "children": [
        {
          "id": "1a413cb21a4236c8a228034777807057",
          "author": "andy",
          "time": "2018年01月12日 10:14",
          "content": "<p>請問是倪老師的哪位學生？如果你有顧忌，我們可以不公開你的留言。倪老師有很多學生，卻沒有什麼考核或評估的機制，加上倪老師從始至終的目的是推廣中醫，他很照顧學生，除非學生因為犯了什麼錯誤被趕出師門，他基本上不公開討論學生的問題。然而，其實倪老師知道許多學生的情況，私底下會告訴幾位很親近的學生，他確實擔心許多學生的看診功力及做事方法。</p>",
          "level": 1,
          "highlight": true,
          "children": []
        },
        {
          "id": "8fca6291bfd51357c8169cfc09050fb8",
          "author": "simplekj",
          "time": "2018年01月12日 17:54",
          "content": "<p>1-師父領進門 修行在個人; </p>\n<p>2-倪醫師也只要求病人給三次機會,如果仍然不見效果的話,就請她另請高明,不要再浪費時間.<br/>\n<a href=\"http://www.hantang.com/chinese/ch_Articles/5-12-05.htm\" rel=\"nofollow ugc\">http://www.hantang.com/chinese/ch_Articles/5-12-05.htm</a></p>",
          "level": 1,
          "highlight": false,
          "children": [
            {
              "id": "382ec2c117a2d3dac0d3e30bd5043ba1",
              "author": "Sisi",
              "time": "2018年01月12日 18:17",
              "content": "<p>超過三次所以已放棄，但已花了N萬 （保護病人）最近還無法上班請假兩天的虛弱身體 ⋯被網紅騙的好慘，色狼還可以告，這種的只能默默吞下</p>",
              "level": 2,
              "highlight": false,
              "children": [
                {
                  "id": "5e7b1db70928989fd4100d19c7df4362",
                  "author": "暗香疏影",
                  "time": "2024年03月26日 05:26",
                  "content": "<p>大陆的所谓名医专家们都是门庭若市，爱治不治不少你一个！而倪师李博士却是苦口婆心好似哀求病人给个机会，他们缺的是病人吗？是为挣你一点诊费吗？是为让更多人看到真正的中医是可以治病救人的，是可以治重症急症的！这种心有几个患者能了解能理解？</p>",
                  "level": 3,
                  "highlight": false,
                  "children": []
                }
              ]
            }
          ]
        }
      ]
    },
    {
      "id": "6aac63d3d180e62b03b77f095cd6e64b",
      "author": "Sisi",
      "time": "2018年01月12日 15:42",
      "content": "<p>是女的香港人，我猜李醫師應該知道。我沒有顧忌，我很希望不要再有人受害了，在臺授課，中醫被推廣真的是好事，但授課者功夫根本不到位，是不是就誤人子弟呢？那這也就算了，如果是看診 真的能看好，ㄧ個月ㄧ萬臺幣的指導費、藥錢另計，這麼貴，也沒有看好？身體看壞了找誰要？她根本是自我感覺良好。（Admin：中醫師姓名暫時不公開）</p>",
      "level": 0,
      "highlight": false,
      "children": [
        {
          "id": "90a1a0c01ef308eeaa2858f9b329f422",
          "author": "andy",
          "time": "2018年01月14日 17:51",
          "content": "<p>我會試著了解一下情況，或許這位中醫師有合理的解釋。然而，沒有當地醫療執照，找個方法來行醫，短時間或許是個變通，長時間確實不是件適當的事。</p>",
          "level": 1,
          "highlight": true,
          "children": [
            {
              "id": "da923aee0295ae7e469eed345f2a2cc8",
              "author": "Sisi",
              "time": "2018年01月15日 02:40",
              "content": "<p>她是當學生的背後靈 ⋯她有種愛錢的樣子</p>",
              "level": 2,
              "highlight": false,
              "children": []
            },
            {
              "id": "d1202adb370457513d2dc7012c98c17c",
              "author": "Jonson Gu",
              "time": "2018年01月15日 03:51",
              "content": "<p>香港未来很危险（只能这样描述），李医师的师妹估计已经看到，所以才在台湾和马来西亚授课，也就是找避险之地，帮帮她。</p>",
              "level": 2,
              "highlight": false,
              "children": []
            }
          ]
        }
      ]
    },
    {
      "id": "14f0d8d5a0ad30cea026fae137fdcd7d",
      "author": "魯豆腐",
      "time": "2018年01月12日 19:33",
      "content": "<p>大概知道指的是哪位了，那樣高的價格去漢唐經方中醫應是更好的選擇</p>",
      "level": 0,
      "highlight": false,
      "children": []
    },
    {
      "id": "f4e3c0de1eda46bf37b692f7fd6c20ab",
      "author": "Sisi",
      "time": "2018年01月13日 02:54",
      "content": "<p>問題是這種偷偷來 檯面下做的事，很多人不知道而受騙上當啊 以為她真的有多神？！聽說後來漲價到三萬一個月！開方的思路有很大的問題，寒熱不分。習慣性試藥，誤治了就哭說有流言蜚語</p>",
      "level": 0,
      "highlight": false,
      "children": []
    },
    {
      "id": "ed0f1b13d20fce0ac07c1ad6fee6026b",
      "author": "魯豆腐",
      "time": "2018年01月13日 19:37",
      "content": "<p>神醫有其神的醫法，去了兩次還不見活跳跳的神效就要知道是被唬弄了，像Dr.李這種平凡仁醫都不需要超過三次就能抓準病情，這就是患者心中的神醫，況且他不吝在醫案中透露治病的關鍵點，也是我可以邁向倪師之徒的正道</p>",
      "level": 0,
      "highlight": false,
      "children": []
    },
    {
      "id": "18e62c1d6e4d32bf1f4dd96eeda05c16",
      "author": "大頭",
      "time": "2018年04月10日 19:29",
      "content": "<p>原來看病要用價位來評估，請問有人可以百日內治 好癌症的話應該收多少錢才合理呢？那西醫把病人治窮治死了，有被遣責過嗎？如果有 人無照行醫但是能治療重症請問應該找他看病嗎，只能說ㄧ切看緣份吧，哪位醫生敢說自己收了錢就保證病能立刻 好轉？台大能嗎？長庚能嗎？如果能一萬塊算什麼？幫價伯斯看病才賺吧，一千萬他都覺得便宜，問題是有此機緣嗎？我也希望扁雀華陀孫思藐就住我家樓下，無耐投胎有時間差沒遇上，就算他們投胎到我家樓下成為名醫，問題是不信中醫也沒用吧，很多人住在很棒的醫生隔壁卻一輩子不知此人的例子彼彼皆是，遇上程度不佳的醫生當然是十有八九，難道我要去跟台大醫學院抗議嗎？我的同事被診斷出肺癌，但是一輩子不吸煙的人，他沒錢買標靶藥物，只能簽下小白鼠同意書 希望求得一線生機，當時他們家對西醫是多麼相信，一年多後，我看他精氣神都沒了，應該撐不久了，他還說醫生告訴他癌細胞有變少了，果然不到兩週，擴散到小腦，最後還是走了。此期間我看到了他一切的變化，化療前是個強壯的布農族壯漢只是晚上三點到五點會咳到睡不著加上盜汗嚴重，就被西醫說是癌症，最後還是走了⋯⋯家裡錢花光了，人也沒就回來，請問這種情況應該找誰投訴？</p>",
      "level": 0,
      "highlight": false,
      "children": [
        {
          "id": "dcb9c53b71a861340702f18df309e521",
          "author": "云南小伟",
          "time": "2019年03月03日 06:59",
          "content": "<p>没有往中医的方向医治？</p>",
          "level": 1,
          "highlight": false,
          "children": [
            {
              "id": "4f04bafd8d2b94c27a354c0da571273a",
              "author": "andy",
              "time": "2019年03月04日 08:57",
              "content": "<p>病人來找我看診，不就是用中醫治療嗎？</p>",
              "level": 2,
              "highlight": true,
              "children": []
            }
          ]
        }
      ]
    },
    {
      "id": "55ba8c50379df57724efef9564179e0d",
      "author": "Ma Rong",
      "time": "2022年01月15日 06:37",
      "content": "<p>李医师 这些年过去了 这个病例现在的情况怎么样啊</p>",
      "level": 0,
      "highlight": false,
      "children": [
        {
          "id": "be5d55bf2f647d3f11d7fe4fb4377bce",
          "author": "李宗恩",
          "time": "2022年01月21日 09:36",
          "content": "<p>診所前台說病人搬回台灣退休，在台灣繼續看中醫維持。</p>",
          "level": 1,
          "highlight": true,
          "children": []
        }
      ]
    },
    {
      "id": "3dfe9d6943cbe049a5e80c7e906340e6",
      "author": "明遠",
      "time": "2022年06月02日 10:45",
      "content": "<p>李醫師 您好:</p>\n<p>1.請問本案例病人在中藥幫助下，最終腎功能有恢復正常嗎?<br/>\n2.家父確診新冠肺炎後，醫院用瑞德西韋5天，結果尿毒指數(BUN)由原本1.31變5.32，CRE(肌酸酐)變5.32(原本的狀況未檢測)，eGFR(MDRD)由53變成11，用瑞德西韋治療兩天後小便量由每日至少1000CC變成500CC，3天後剩200CC，後用利尿劑小便有增多，但約12天後完全無小便需洗腎。醫院說是病毒造成腎衰竭，瑞德西韋不會。但世界衛生組織說有腎功能障礙不要用瑞德西韋，台大陳秀熙教授也說瑞德西韋有急性腎功能衰竭副作用。3.請問您的了解，新冠肺炎病毒是否會造成這麼快速、這麼嚴重的腎衰竭?瑞德西韋是否會造成腎衰竭?</p>\n<p>謝謝</p>",
      "level": 0,
      "highlight": false,
      "children": [
        {
          "id": "9eb4a9ba8b3af7aa473c0e72d7a3df35",
          "author": "李宗恩",
          "time": "2022年06月02日 11:30",
          "content": "<p>上面已經回答過，這位病人會台灣長住，由台灣中醫師接手治療，據瞭解情況良好。關於你父親的情況，我不在網上針對個案一一回答。</p>",
          "level": 1,
          "highlight": true,
          "children": [
            {
              "id": "b12b6790d5f81fcd5be5437fcc307010",
              "author": "荣耀",
              "time": "2024年03月27日 23:20",
              "content": "<p>李医生你不知道在大陆上有些人再拼命宣传中草药致</p>\n<p>肾衰竭，洗肾才是唯一的出路，真的是好可悲可气！</p>",
              "level": 2,
              "highlight": false,
              "children": []
            }
          ]
        }
      ]
    },
    {
      "id": "77d75bb6f4e399f317883b7a1dabcbca",
      "author": "明遠",
      "time": "2022年06月02日 10:48",
      "content": "<p>李醫師 您好:</p>\n<p>抱歉，更正前次留言:<br/>\n結果尿毒指數(BUN)變189(原本的狀況未檢測)，CRE(肌酸酐)1.31變5.32</p>",
      "level": 0,
      "highlight": false,
      "children": []
    },
    {
      "id": "c5d8c3f8999f6bdd6de36b88e003d0e2",
      "author": "III",
      "time": "2025年07月10日 03:53",
      "content": "<p>李医师，据说台湾尿毒症发生率第一连续二十年，您认为让台湾尿毒症发生率比大陆或者其他地区来的高的原因比较可能是什么？</p>",
      "level": 0,
      "highlight": false,
      "children": [
        {
          "id": "1498acd8a026c12a39d852ad9691c69e",
          "author": "李宗恩",
          "time": "2025年07月18日 18:55",
          "content": "<p>台灣有很多不健康的飲料。</p>",
          "level": 1,
          "highlight": true,
          "children": []
        }
      ]
    }
  ],
  "page": 40,
  "order": 3,
  "filename": "data\\page40\\page40_order2_1c82d80ad648fb85deb55aded1c4a261.json",
  "timestamp": 1754798586.6977208
}