{
  "article_url": "https://andylee.pro/wp/?p=10122",
  "title": "新冠肺炎「快樂缺氧」",
  "content": "<p>台灣新冠疫情爆發後，出現了一些很短時間內猝死的病例，甚至有位女病患前一天快篩陰性，隔天卻病逝了。這樣駭人的病例，這一年多來在世界各地有很多，最常看到的情況是血氧快速大幅下降，往往在病人自身還不覺得有什麼不舒服時，突然死亡。去年四五月時，這樣的現象被稱為「快樂缺氧（Happy Hypoxia）」，意思是病人還很快樂而不自覺，血氧已經大幅下降到危及生命的程度。</p>\n<p>為什麼會出現「快樂缺氧」？網路上有很多正式的西醫學討論，讀者可以自己查詢研究。簡單的說，新冠病毒大量複製後，肺部大幅度發炎，血栓和肺部積水現象非線性地快速增加，導致血氧大幅下降。然而，病人體內的二氧化碳濃度還沒有大幅增加，肺部內氣體壓力也尚未大幅改變，因此病人一開始感覺不到什麼不舒服，等病人感到不舒服時，往往已經很嚴重了。這也是為什麼有許多病人看起來明明是輕症，突然由輕症轉重症的原因。</p>\n<p>中醫怎麼看如此快速缺氧的現象？其實，我們在中國大陸新冠肺炎剛爆發時，就已經觀察到了。新冠肺炎進程可以非常快，前一天還只是肺部輕微寒涼或輕微燥熱，隔不到十二小時，病人肺部就出現大量的濃痰、積液，醫生得大幅提高對病情變化的靈敏度，看到了一些細微的蛛絲馬跡，就得採取跳躍式的治療，以防病情惡化。如同我去年三月整理的文章「新冠肺炎的中醫救治及釋疑」（<a href=\"https://andylee.pro/wp/?p=7660\">https://andylee.pro/wp/?p=7660</a>）中解釋的，對於這樣快速變化的濃痰、積液，不是一般清痰潤喉的中藥材能抵抗的，往往得用到「射干麻黃湯」、「葶藶大棗瀉肺湯」、「澤漆湯」、「十棗湯」等等的相對彪悍的方劑及中藥材，如果醫生判斷正確、開方精準，效果非常好且快速，臨床治療上已經有很多的驗證。反過來說，魚腥草、板藍根等清熱解毒的中藥材，不但無法擋下這樣的病情變化，往往還可能造成肺部痰飲、積液的惡化，讓病人血氧更加下降。</p>\n<p>根據世界各地對新冠疫情的統計，大約85%的確診病人為輕症或沒有症狀，不需要治療也會在一兩週內自癒。換句話說，防疫一個很重要的考量，不是讓輕症病人感覺比較舒服，而是避免他們由輕症轉重症。中國大陸的「連花清瘟」及台灣的「清冠一號」都無法防止新冠輕症轉重症，當兩岸華人到處宣揚這樣的藥方時，應該先好好研究及思考，不要為了宣揚中醫，反而讓人誤解中醫、對中醫療效大感失望。不要忘了，魯迅說過：「中醫不過是一種有意或無意的騙子」，民國初年的社會菁英為何如此瞧不起中醫？沒有紮實的醫理及大量臨床療效的實證，推廣中醫只不過又是一場義和團運動！</p>",
  "article_time": "2021年05月27日 19:10",
  "comments": [
    {
      "id": "d8b1ceeced741341f43ca411bd611080",
      "author": "出師未捷身先死",
      "time": "2021年05月28日 18:31",
      "content": "<p>當局者迷旁觀者清。台灣當局已經把賭注壓在了國產和美國疫苗上，使用溫病派的清冠一號也不過是不得已而為之，更不會啟用中醫經方派人士參與核心決策，縱使中醫人士大聲疾呼也無濟於事，民進黨已經下定決心即使把台灣的老百姓的命賠上，也絕對不會重用中醫。</p>",
      "level": 0,
      "highlight": false,
      "children": [
        {
          "id": "7648860270fbbeb8ce9d73beba1818f3",
          "author": "李宗恩",
          "time": "2021年05月28日 18:54",
          "content": "<p>中國大陸、美國、英國、義大利、西班牙等，一開始也是政治掛帥，導致大量死亡及失業，到後來才逐漸變得務實，疫情才慢慢緩解。如果台灣不能從其它地區的經驗來學習，那麼人民將會付出慘痛的代價。</p>",
          "level": 1,
          "highlight": true,
          "children": [
            {
              "id": "d25e4c129818df97b0ba2cbcc27c3da0",
              "author": "出師未捷身先死",
              "time": "2021年05月28日 19:08",
              "content": "<p>台灣當局正在步日本的後塵，由於確診數激增醫療係統已經不堪重負，如果任由這樣的趨勢惡化下去，經濟也會出現停滯和下滑。台灣當局為什麼不學一學周邊的國家如新加坡紐西蘭澳洲，採取果斷措施迅速切斷傳染源，或者大規模使用中醫治療輕症患者。</p>",
              "level": 2,
              "highlight": false,
              "children": []
            }
          ]
        }
      ]
    },
    {
      "id": "7bcbb268bb9b1f75013621f7ecebc62a",
      "author": "旁門",
      "time": "2021年05月29日 03:18",
      "content": "<p>您這是完全西化的中醫思維,<br/>\n個人鄙見,初期就是 葛根湯症,後期用土茯苓湯.</p>",
      "level": 0,
      "highlight": false,
      "children": [
        {
          "id": "f06bead09040941921a03c4633b75a5f",
          "author": "李宗恩",
          "time": "2021年05月29日 08:33",
          "content": "<p>我想你沒有搞清楚情況，看文章沒有深入閱讀，你可以回去看看我以前的文章https://andylee.pro/wp/?p=7660等等。</p>",
          "level": 1,
          "highlight": true,
          "children": []
        }
      ]
    },
    {
      "id": "a64593f677563af616bfc32a80561403",
      "author": "b8255",
      "time": "2021年06月05日 09:13",
      "content": "<p>希望台灣漢唐中醫的師兄姐們可以比照河南通許縣人民醫院的治療模式，在網路媒體公佈治療效果，發揚經方中醫，解救更多的同胞，阿彌陀佛！善哉善哉！</p>",
      "level": 0,
      "highlight": false,
      "children": [
        {
          "id": "6dd1b6663f8b916d605155bc56f11314",
          "author": "李宗恩",
          "time": "2021年06月05日 21:41",
          "content": "<p>目前民生漢唐中醫診所及其他許多中醫師已經站出來對抗疫情，會陸續公佈療效。然而，通許縣人民醫院的治療模式很難在台灣複製，因為台灣中醫很難得到大型西醫院的全力支持，一旦確診被隔離，中重病例不可能以純中醫方式來治療。</p>",
          "level": 1,
          "highlight": true,
          "children": [
            {
              "id": "f2240378e7a08bc9c9dc21120fb28de2",
              "author": "Murphy",
              "time": "2021年07月04日 19:25",
              "content": "<p>新冠其實就是感冒，跟古代的瘟疫一樣，都是用感冒的方式治療，但好笑的是，倪醫師 10 多年前就在說西醫連感冒都治不好，都只能以抗生素殺菌，或是吃退燒藥這些抑制症狀的方式來治療。結果 10 多年後，西醫還是治不好感冒，中重症狀被隔離大多就是一直施打類固醇刺激身體產生抗體，然後觀察看看身你的免疫系統能不能自己排出病毒，但往往抗體會生產過量，結果反過來攻擊身體的器官，一位馬來西亞的的華人拿督鄭博見就經歷過這種療程，很多的醫療行為產生的傷害就是在這這個階段產生。</p>\n<p>台灣目前很悲慘的是有近 300 位好端端的老人打了疫苗回家或是中風，統計起來回家率是百萬分之 130，為全球之最，結果嚇得很多人不敢去打疫苗，快打站變成慢打站。</p>",
              "level": 2,
              "highlight": false,
              "children": []
            }
          ]
        }
      ]
    },
    {
      "id": "a260fa6d76e1ab4c7ff045b5a5fe77c4",
      "author": "夜雨",
      "time": "2021年07月03日 07:13",
      "content": "<p>大陸疫苗接種率已經很高了，儘管不少是“軟強制”下的半強迫行為。個人觀察，虛症人士是不會發燒的，兩針接種下去幾乎沒有任何反應。但是女性的淤血很容易觀察到，平時氣虛的人右寸脈也會出現“滑而略實”的脈象，第一針並不明顯，第二針的脈象特別突出。一位女士出現腹脹滿、絞痛、排便不暢的情況，以厚樸七物湯二劑，脹痛才算消失，右寸恢復常脈，但是舌下淤血未去。一位女士臍周疼痛，頸強，大便不成形，以桂枝加大黃湯加葛根二劑，泄瀉后，疼痛消失，舌下、舌側亦有淤血。一位女士平時身體還可以，但是一個多月未見反應，某一日忽發熱，繼而時冷時熱，口苦，舌下淤血叢生，脈不弱，以小柴胡加生地、牡丹皮、桃仁、紅花，一劑熱退，之後未曾服藥，不想第三日開始瀉水，醫院開礞石止脫散，服一包，次日來電，詢其無所苦，口亦不渴，囑其停服任何藥物，泄瀉兩日自愈。</p>",
      "level": 0,
      "highlight": false,
      "children": []
    },
    {
      "id": "e11a59d89e1a377688ef23423318771a",
      "author": "Chsjaaaa",
      "time": "2025年08月15日 10:46",
      "content": "<p>尊重的李博士，感谢百忙中看到我的评论，今天检查出肺结节，实性的，14mm，有分叶，有钙化灶，医生建议增强ct，可能还要面临手术。我知道你一向不太愿意在评论回复病例，但是我想以你的思维，你会去继续做手术，还是继续定期复查呢，非常感谢，如果打扰到了您，可以不用回复我，谢谢你。</p>",
      "level": 0,
      "highlight": false,
      "children": [
        {
          "id": "696c354de544b4e99ec2b25fd51a0cbb",
          "author": "李宗恩",
          "time": "2025年08月22日 09:43",
          "content": "<p>我不在網頁診斷個案一一討論。</p>",
          "level": 1,
          "highlight": true,
          "children": []
        }
      ]
    }
  ],
  "page": 16,
  "order": 7,
  "filename": "data\\page16\\page16_order6_5e0ba33cb236a1f0fd993da81e2c682b.json",
  "timestamp": 1757390654.4824343
}