{
  "article_url": "https://andylee.pro/wp/?p=14576",
  "title": "湛庐：承东方智慧之本，启养正育儿新篇｜《养正育儿》作者李宗恩博士新书全国分享会即将开启",
  "content": "<p>（這是湛庐文化宣傳新書《养正育儿》的發文）</p>\n<p>育儿的终极答案，是养好孩子的“正气”。在焦虑育儿时代，我们更需要一套融合科学与东方智慧的育儿方法。</p>\n<p>《养正育儿》作者、美国斯坦福大学博士、中医经方大师倪海厦指定学术传人李宗恩，将于11月27日开启全国新书分享行程，带来关于身心健康与家庭教育的前沿思考，将东西方健康理念融会贯通，提出具有突破性的“养正育儿”体系。</p>\n<p>行程亮点提前看：</p>\n<p>✅ 媒体深度对话：聚焦育儿认知与身心健康</p>\n<p>✅ 新书首发签售会，与作者面对面交流</p>\n<p>✅ 跨界探讨：AI如何助力打破中医壁垒</p>\n<p>✅ 教学演讲：广州中医药大学国际经方班</p>\n<p></p>\n<p>活动城市安排：</p>\n<p>📍 深圳站 11.28-11.29</p>\n<p>📍 北京站 12.02-12.04</p>\n<p>📍 广州站 12.06-12.07</p>\n<p>如果你想重新理解孩子的健康成长逻辑、重建家庭教育信心，这是一次不容错过的稀缺机会。关注湛庐文化，了解更多活动信息。</p>\n<p><strong>《养正育儿》重磅上市</strong></p>\n<p>《养正育儿》不是一本求医问药的健康指南，而是一次养育观念更新。作者李宗恩是美国斯坦福大学博士、中医经方大师倪海厦指定学术传人，他将工程师的严谨逻辑与中医的整体智慧相结合，为你讲透“养正气”的底层逻辑，让你告别焦虑，成为孩子身心健康的“总工程师”。</p>\n<p>翻开这本书，你将用一种全新的、更根本的视角看待孩子的成长。</p>\n<p><strong>顶级名校与跨界思维下的复合型学者</strong></p>\n<p>这不是一本凭经验写成的育儿书，而是一位跨越工程学、商业、医学与生命实践的复合型学者，用一生的经历展开的“系统型育儿观”。</p>\n<p>李宗恩的早期训练来自理性最锋利的地方——美国斯坦福大学。他在这里取得电机工程博士，以工程师的方式理解世界：先看结构，再看机制，最后才处理表象。</p>\n<p>随后，他在加州大学伯克利分校完成 MBA 学位，在硅谷高科技企业担任高管、投资人。在那个讲究效率、逻辑、预测与模型的世界，他习惯以系统论的方式看待复杂问题，也由此培养出“把杂乱现象转化为清晰机制”的底层能力。</p>\n<p>人生的转折点发生在父亲罹患肝癌。疾病让他意识到：人类在面对身体、情绪与生命系统时，知识越多，盲区似乎也越大。现代医学能回答“是什么”，却很难回答“为什么”。</p>\n<p>带着这种深刻困惑，他从硅谷的科学世界，踏入古老医学的体系，师从中医经方大师倪海厦，最终成为倪海厦指定学术传人，这是一次极少发生的人生跨越——从工程到医学，从硅谷体系到古典经方，从逻辑到生命。</p>\n<p><strong>风靡硅谷高知圈，以科技解码传统医学的先锋</strong></p>\n<p>他是美国硅谷阳气整合医学中心的首席执行官，以治疗重症、急症、特殊复杂疾病临床疗效卓越闻名，受邀到各地学术和医疗机构教学、演讲及指导临床医师。曾担任广州中医药大学国际经方班特邀专家，进行演讲及查房教学。还曾担任加拿大国际传统医学大会暨中医大会主讲专家、河南通许县人民医院“倪海厦中医教学培训基地”总指导等。</p>\n<p>与此同时，李宗恩也是最早尝试用“科技语言”解释中医的人之一。他致力于推动高科技与医学的结合，曾受邀担任斯坦福大学工程学院访问学者，致力于研究如何将先进科技运用在中医学领域，并担任北京市政府医疗信息专家顾问。</p>\n<p>在他看来，中医并不神秘；神秘的，是我们缺乏解析它的工具。而科技，正是把中医从“经验”转向“可被理解的结构”的重要钥匙。</p>\n<p><strong>以身作则的“养正型父亲与践行者”</strong></p>\n<p>他是畅销书作家，在此之前就著有《当张仲景遇上斯坦福》。但或许最能解释《养正育儿》这本书之所以如此独特的，是他作为父亲的真实实践。</p>\n<p>他并不把育儿视为技巧，而视为一个家庭的生命工程。他带儿子潜水、攀岩、射击、练武，不是为了“培养特长”，而是为了让孩子在真实环境中学习平衡、自控、勇气与正气。</p>\n<p>他深信育儿的终极目标，是养足“正气”，收获一个内壮自强的孩子。身体是心神的根，而孩子的情绪、学习、专注力，都来自身心一体的稳定度。</p>\n<p>这本书的立意远超“头痛医头、脚痛医脚”。它旨在帮助孩子建立强大的内在稳定系统——“正气”。正气足，则邪不可干，孩子自然吃饭香、睡眠好、情绪稳、有内驱力，拥有面对未来一切挑战的底气。</p>\n<figure class=\"wp-block-image size-large\"><a href=\"https://andylee.pro/wp/wp-content/uploads/2025/11/070dff4cd2373d759e512334ba8178ee-scaled.jpg\"><img alt=\"\" class=\"wp-image-14575\" decoding=\"async\" fetchpriority=\"high\" height=\"1024\" sizes=\"(max-width: 277px) 100vw, 277px\" src=\"https://andylee.pro/wp/wp-content/uploads/2025/11/070dff4cd2373d759e512334ba8178ee-277x1024.jpg\" srcset=\"https://andylee.pro/wp/wp-content/uploads/2025/11/070dff4cd2373d759e512334ba8178ee-277x1024.jpg 277w, https://andylee.pro/wp/wp-content/uploads/2025/11/070dff4cd2373d759e512334ba8178ee-81x300.jpg 81w, https://andylee.pro/wp/wp-content/uploads/2025/11/070dff4cd2373d759e512334ba8178ee-416x1536.jpg 416w, https://andylee.pro/wp/wp-content/uploads/2025/11/070dff4cd2373d759e512334ba8178ee-scaled.jpg 693w\" width=\"277\"/></a></figure>",
  "article_time": "2025年11月25日 11:59",
  "comments": [
    {
      "id": "45a7fe1d200cda2d1fb71ca236a2d613",
      "author": "刘东",
      "time": "2025年11月26日 19:16",
      "content": "<p>请问博士：您有来杭州的计划吗？</p>",
      "level": 0,
      "highlight": false,
      "children": [
        {
          "id": "96c44893d201d2fdab9701e267084682",
          "author": "悬壶隐者",
          "time": "2025年12月02日 16:28",
          "content": "<p>12月1日在温州瑞安哦</p>",
          "level": 1,
          "highlight": false,
          "children": []
        }
      ]
    },
    {
      "id": "fe001a6b97f02ce7f70aca72d7d363db",
      "author": "夏至",
      "time": "2025年11月27日 02:19",
      "content": "<p>感谢李医师，我在淘宝店买的台湾繁体版。</p>",
      "level": 0,
      "highlight": false,
      "children": [
        {
          "id": "4f81b613b580fcdd847f1afa5015c617",
          "author": "阿雪",
          "time": "2025年12月04日 21:49",
          "content": "<p>hi 李博士 祝你快乐</p>",
          "level": 1,
          "highlight": false,
          "children": [
            {
              "id": "81597c598039651593b58f75867c33ff",
              "author": "李宗恩",
              "time": "2025年12月13日 17:31",
              "content": "<p>謝謝</p>",
              "level": 2,
              "highlight": true,
              "children": []
            }
          ]
        },
        {
          "id": "f100d065913ab37f560333acee34f6cc",
          "author": "吴吉顺",
          "time": "2026年02月04日 05:01",
          "content": "<p>你好同学  你是否知道这个繁体版和那个天津出版社出版的那个简体中文是同一个内容吗？</p>",
          "level": 1,
          "highlight": false,
          "children": []
        }
      ]
    },
    {
      "id": "8cfc07483eb09e94a7e895e3a1ce570e",
      "author": "杨旺井",
      "time": "2025年11月28日 01:48",
      "content": "<p>李医生，一方寸匕五苓散多少克？ 有说两克有说五克</p>",
      "level": 0,
      "highlight": false,
      "children": [
        {
          "id": "d707a65941b906f412700e9c583dd938",
          "author": "light",
          "time": "2025年12月01日 07:34",
          "content": "<p>李医生说过很多次，古书剂量是多少不重要，以前写麻黄一斤你不可能使用一斤吧。重要的是药性和病人需要多少，自己多查找，倪师也讲过剂量，为什么要去斟酌原文剂量呢</p>",
          "level": 1,
          "highlight": false,
          "children": []
        },
        {
          "id": "a9d320ae1e5589f498e176ee7a78e0e6",
          "author": "李宗恩",
          "time": "2025年12月13日 17:19",
          "content": "<p>你為什麼糾結在古書中的劑量對應現代的劑量是多少？古時候的藥材和現在的藥材早就相差很多，應該從臨床病人反饋來了解病人實際上需要的劑量，而不是換算古書的劑量。</p>",
          "level": 1,
          "highlight": true,
          "children": []
        }
      ]
    },
    {
      "id": "99d0568b6083bf2e8d49f27ec662fdb1",
      "author": "杨旺井",
      "time": "2025年11月29日 05:53",
      "content": "<p>今天看到很多人发李医生在深圳，潜龙出山了，希望能够拨乱反正。。。。。很多人不复习倪老师的东西学了其他学派，然后打着倪老师的旗号乱教学</p>",
      "level": 0,
      "highlight": false,
      "children": []
    },
    {
      "id": "529d3e698b725f4b62ab5c0a5c2b5d40",
      "author": "杨先生",
      "time": "2025年11月29日 06:21",
      "content": "<p>李老师，您来国内非常激动，我父亲是als患者，最近国内als患者数量特别多，我在京东原副总裁蔡磊创建的als群内，已经有几万病友，我从去年一直在学倪师人纪 。本来想去美国找您，但一直没有机会，看了您的行程安排，不知可否能挤出一些时间帮我父亲诊断一下，万分感谢，知道您行程特别满，但还是很希望能够看一下，您只要给个时间 我随时我背着父亲等您就行，这样说话很不礼貌，原谅我的唐突， 跪求您能与我联系，盼望您救我父亲一命 跪求。我国内手机号17638718118</p>",
      "level": 0,
      "highlight": false,
      "children": [
        {
          "id": "fa913ed1536265522252e9c8ffd3cba6",
          "author": "木木",
          "time": "2025年11月30日 16:55",
          "content": "<p>李医师已经说过没有大陆的医师资格证，你请他大陆看诊是害了李医师，置别人的安危于不顾。<br/>\n如果你没时间去美国或者远程看诊，完全可以国内找中医师看，我知道有“寻方”“正安”都有倪老师的学生，你可以先试试看效果，反正你看蔡磊的西医团队有为他的病情缓解一点吗？！</p>",
          "level": 1,
          "highlight": false,
          "children": []
        },
        {
          "id": "6990e4a6193c5a15d7f37d4e2c672de6",
          "author": "木木",
          "time": "2025年11月30日 19:25",
          "content": "<p>李医生说过他没有大陆医师执照，不能大陆看诊，你这样是在害李医生。<br/>\n如果你没法去美国或联系远程看诊，完全可以先在国内找中医师看诊；像我知道微信就有“寻方中医”“正安中医”平台都可以找倪师学生看诊。都可以先试试，比在网络上干着急来到好。</p>",
          "level": 1,
          "highlight": false,
          "children": []
        },
        {
          "id": "4ad0785cded689de331562564939014c",
          "author": "杨旺井",
          "time": "2025年12月01日 06:56",
          "content": "<p>加油学习，在里面有办法</p>",
          "level": 1,
          "highlight": false,
          "children": []
        },
        {
          "id": "42bf2b39cea10f1e21ed3b2a02704b8e",
          "author": "大黄",
          "time": "2025年12月07日 01:07",
          "content": "<p>和阳气诊所对外邮箱/电话直接联系更有效率。在工作日，诊所前台都会认真阅读和回复的。这是我的经验，希望能帮到你。</p>",
          "level": 1,
          "highlight": false,
          "children": []
        }
      ]
    },
    {
      "id": "d9ea52fa0bbbf7385ef65fcc1bc6d611",
      "author": "林泽慧",
      "time": "2025年11月29日 07:25",
      "content": "<p>李医生您好，今天刚在抖音刷到您来深圳开分享会的一些片段，刚知道这个网站，可惜此前不知道报名渠道。想请问您是几岁开始跟倪海厦老师学习中医的，零基础的26岁女生是否适合进入中医行业从头开始学习，您会来国内开中医班吗？谢谢</p>",
      "level": 0,
      "highlight": false,
      "children": []
    },
    {
      "id": "2d4ed5f345e5e694debf0c1e22549f83",
      "author": "杨先生",
      "time": "2025年11月29日 17:59",
      "content": "<p>李老师，您来国内非常激动，我父亲是als患者，最近国内als患者数量特别多，我在京东原副总裁蔡磊创建的als群内，已经有几万病友，我从去年一直在学倪师人纪 。本来想去美国找您，但一直没有机会，看了您的行程安排，不知可否能挤出一些时间帮我父亲诊断一下，万分感谢，知道您行程特别满，但还是很希望能够看一下，您只要给个时间 我随时我背着父亲等您就行，这样说话很不礼貌，原谅我的唐突， 跪求您能与我联系，盼望您救我父亲一命 跪求。我也是岐黄圣贤学员之一。</p>",
      "level": 0,
      "highlight": false,
      "children": []
    },
    {
      "id": "85cb54caa6a9c7b8becedf65c3f12537",
      "author": "杨先生",
      "time": "2025年11月29日 18:03",
      "content": "<p>李老师，您来国内非常激动，我父亲是als患者，最近国内als患者数量特别多，我在京东原副总裁蔡磊创建的als群内，已经有几万病友，我从去年一直在学倪师人纪 。本来想去美国找您，但一直没有机会，看了您的行程安排，不知可否能挤出一些时间帮我父亲诊断一下，万分感谢，知道您行程特别满，但还是很希望能够看一下，您只要给个时间 我随时我背着父亲等您就行，这样说话很不礼貌，原谅我的唐突， 跪求您能与我联系，盼望您救我父亲一命 跪求。17638718118我手机号</p>",
      "level": 0,
      "highlight": false,
      "children": [
        {
          "id": "9ab7c2683f0fea39cf2f652b7cd3dcfe",
          "author": "light",
          "time": "2025年12月01日 07:31",
          "content": "<p>家里人生病很容易慌张没错，但是如果你想李医生帮你父亲看病，你应该了解李医生的规则和他其他的信息。一 找李医生看病的都非常紧急，有事联系诊所，我想李医生写得很明白<br/>\n二 李医生前面说过在国内不看诊，因为没有国内行医资格，会惹来很多麻烦，而且李医生回国内档期非常满非常忙，是有事要做的，每天都在看病，就这几天来国内而已<br/>\n三 网站里不能刷重复的信息，有很多人也在等待帮助和交流恢复，有事联系李医生诊所邮件，会帮你安排的<br/>\n我理解你的心情，但是每个病人都不容易，也都在了解且排队</p>",
          "level": 1,
          "highlight": false,
          "children": []
        },
        {
          "id": "d64aaeb88c2a59f615149306d918efe1",
          "author": "ieitZYB",
          "time": "2025年12月01日 18:58",
          "content": "<p><a href=\"https://andylee.pro/wp/?p=14489\" rel=\"ugc\">https://andylee.pro/wp/?p=14489</a><br/>\n切記，目前我在大陸不看診，請勿強行請求我看診。中國有嚴格的醫療法規，我沒有中國的醫師執照，只能在廣州中醫藥大學等醫療機構的安排下教學看診，私下看診為非法行醫，是很嚴重的事情。大陸有很多中醫黑及詆毀倪海厦老師的人，而我公開批評過許多利用中醫或倪海厦老師名聲斂財的人事物，如果我在大陸有任何主管機關沒有認可的醫療行為，一定會被有心人士拿來攻擊及舉報。所以，強行請求我看診，不但是很不尊重我，更是陷害我的舉動。</p>",
          "level": 1,
          "highlight": false,
          "children": []
        }
      ]
    },
    {
      "id": "ea8fe289e2750ceb956d0ecc072ebbcc",
      "author": "健恩",
      "time": "2025年11月30日 04:06",
      "content": "<p>Hello Dr. Li. I’ve been looking forward to listening to your lectures. Could you please tell me the exact time and location of your lectures in Guangzhou on December 6th and 7th?</p>",
      "level": 0,
      "highlight": false,
      "children": []
    },
    {
      "id": "acec34211f12f75ee09d7398fc19a4ff",
      "author": "文凯",
      "time": "2025年12月01日 12:47",
      "content": "<p>李医师，温州机场如果能遇到您，能不能给我个机会聊天</p>",
      "level": 0,
      "highlight": false,
      "children": []
    },
    {
      "id": "cb4be2381609e8682dc1331c697211a2",
      "author": "Stephen",
      "time": "2025年12月01日 04:29",
      "content": "<p>请问广州的活动要如何报名参加</p>",
      "level": 0,
      "highlight": false,
      "children": []
    },
    {
      "id": "7e1efbb99e9752cd6335f6db22097835",
      "author": "杨旺井",
      "time": "2025年12月01日 06:59",
      "content": "<p>李医生能把你所有的医案编成一本书吗？外面的医案真的是一言难尽</p>",
      "level": 0,
      "highlight": false,
      "children": []
    },
    {
      "id": "b1b6086feb60631501ae78ddd35f60b7",
      "author": "杨旺井",
      "time": "2025年12月01日 07:08",
      "content": "<p>之前学完倪老师的课程，然后一知半解，又去看别的书，和倪老师理念完全不一样，方子越来越多越来越乱，后来有一次刷到您的视频，您说倪老师的东西毫无保留的都在人纪，然后我又开始看人纪一边看一边做笔记，现在已经是第四遍了，慢慢的越来越明了，不会被外面的书籍所迷惑。然后目前发现只有您，从一而终在用倪老师的知识并且不断进步精进。外面很多倪老师徒弟打着倪老师的旗号教一些乱七八糟的，教的方子成千上万又杂又乱，没有一点经方的影子，患者反馈疗效非常差劲，真是败坏门风。。。有幸遇到您让我回到正途！！！万分感谢！！！</p>",
      "level": 0,
      "highlight": false,
      "children": [
        {
          "id": "6d1161c413ffcdb3f3edd4ae31c8ff23",
          "author": "李宗恩",
          "time": "2025年12月13日 17:27",
          "content": "<p>謝謝你的分享</p>",
          "level": 1,
          "highlight": true,
          "children": []
        }
      ]
    },
    {
      "id": "92b715cd77e85144e317761b8723fd67",
      "author": "见青",
      "time": "2025年12月01日 18:04",
      "content": "<p>尊敬的李醫師，您好！<br/>\n有幸參加您在瑞安的講座，我深受感動。您以廣博的胸懷接納我們每一位，更感恩於您以無私之心分享珍貴的回憶与人生。所受恩澤實在無以言表。也請您務必保重身體，愿您前路徐徐，行穩致遠。</p>",
      "level": 0,
      "highlight": false,
      "children": [
        {
          "id": "0917974dcc9b04e868d0f3fcf0a868db",
          "author": "李宗恩",
          "time": "2025年12月13日 17:28",
          "content": "<p>謝謝你來的現場參加活動。</p>",
          "level": 1,
          "highlight": true,
          "children": []
        }
      ]
    },
    {
      "id": "08e8621250ed3c9c81a68066b93a69a6",
      "author": "ieitZYB",
      "time": "2025年12月01日 19:05",
      "content": "<p><a href=\"https://andylee.pro/wp/?p=14489\" rel=\"ugc\">https://andylee.pro/wp/?p=14489</a><br/>\n切記，目前我在大陸不看診，請勿強行請求我看診。中國有嚴格的醫療法規，我沒有中國的醫師執照，只能在廣州中醫藥大學等醫療機構的安排下教學看診，私下看診為非法行醫，是很嚴重的事情。大陸有很多中醫黑及詆毀倪海厦老師的人，而我公開批評過許多利用中醫或倪海厦老師名聲斂財的人事物，如果我在大陸有任何主管機關沒有認可的醫療行為，一定會被有心人士拿來攻擊及舉報。所以，強行請求我看診，不但是很不尊重我，更是陷害我的舉動。</p>",
      "level": 0,
      "highlight": false,
      "children": []
    },
    {
      "id": "d0262fe812e83a9cd88a5ae6fd6cf958",
      "author": "一个热情、有力量、有爱的男人",
      "time": "2025年12月01日 19:54",
      "content": "<p>李医生也说过多次了，真的很多人只知道开口就问，也不主动去多查询一些信息，前几个贴文已经发出来了。<br/>\n<a href=\"https://andylee.pro/wp/?p=14306\" rel=\"ugc\">https://andylee.pro/wp/?p=14306</a><br/>\n另外，会议地点也更新了，在汕尾星河湾酒店。现在不知道是否已经截止报名，可以电话联系通知上的联系人试试看。</p>\n<p>再另外，我和妈妈、妻子都是李医生远程看诊的病人，我本来想带着妈妈和妻子到加州现场找李医生看诊的，但是去年美签没通过，暂时去不了加州了。不知道还有什么办法才能当面找到李医生看诊。这次国际经方班在汕尾的深汕医院附近举行，是否可以以现场查房教学的形式，对病人进行看诊呢？如果可以，我会带上妈妈过去提前办理住院手续，联系看诊。这次国际经方班我也报名了。</p>",
      "level": 0,
      "highlight": false,
      "children": [
        {
          "id": "ae0f6d9b0bf29ad1e54673bcf89d1af8",
          "author": "杨先生",
          "time": "2025年12月02日 18:45",
          "content": "<p>您好，您方便与我联系一下吗？我是河南的 距离那里比较远，我也联系了广东的医院，但是没有部门管理这个事情</p>",
          "level": 1,
          "highlight": false,
          "children": []
        }
      ]
    },
    {
      "id": "8b047e5cf8aa36590b9472eed7110753",
      "author": "仲文",
      "time": "2025年12月03日 16:22",
      "content": "<p>李醫師，我想請教一下，倪老師說過瘦人多是體寒導致的，而古代有些醫家認為瘦人多火，請問這兩種不同的說法，我們應該怎麼理解呢？</p>",
      "level": 0,
      "highlight": false,
      "children": [
        {
          "id": "291959f6927bf2fab0f45c3729bcf11c",
          "author": "李宗恩",
          "time": "2025年12月13日 17:31",
          "content": "<p>這得看是那種瘦，那些弱不經風的瘦，多半是體寒，那些活力旺盛而精瘦的，多半是火。學中醫，不要只是看文章表面，要去思考及實際觀察。</p>",
          "level": 1,
          "highlight": true,
          "children": []
        }
      ]
    },
    {
      "id": "7b1e03081972cbda2ca28618e0cce9b7",
      "author": "田女士",
      "time": "2025年12月05日 12:29",
      "content": "<p>李博士您好，我是一位胰头癌晚期患者的女儿。我母亲被西医诊断胰头癌晚期，生命只剩几个月。现在根据倪师讲得茵陈蒿汤治疗，茵陈50克、栀子30克、大黄15克。现在见到好转能少量吃下饭。现在的症状是全身发黄，眼睛发黄，上腹部按压有痛感。有高血压和糖尿病这两种基础病，每天用三针胰岛素。后期该怎么用药，或者到什么地方去找中医师请博士指导。万分感谢！！！</p>",
      "level": 0,
      "highlight": false,
      "children": [
        {
          "id": "a847d8773b39f5f1f1a3ffec1af4b487",
          "author": "木易杨",
          "time": "2025年12月06日 04:25",
          "content": "<p>李医生说过不会在网上回复病例的，你妈妈剩几个月，要么直接飞美国找李医生，要么找经方派的医生看，像“寻方中医”的徐光佑就是倪师弟子，还给李医生新书写了序，他好像是在国内的，或者中医药大学的教授李赛美，我看她邀请了李医生去经方班演讲，她也是经方派的</p>",
          "level": 1,
          "highlight": false,
          "children": []
        },
        {
          "id": "bba158772d790a36a943b31fdc493768",
          "author": "李宗恩",
          "time": "2025年12月13日 17:33",
          "content": "<p>我不在網上針對個案一一討論。</p>",
          "level": 1,
          "highlight": true,
          "children": []
        }
      ]
    },
    {
      "id": "1950557d3cfd0e13bb12116ca8c02ca8",
      "author": "径情直遂",
      "time": "2025年12月05日 04:55",
      "content": "<p>李老师您好，我是因为父母双双患疑难杂症而走上学习中医这条路，当看到家人被庸医和服用西药导致的后遗症 让我更坚定的想好好把学习中医这条路坚定系统的学习下去 太多太多的病患需要好中医来帮助  希望有幸加入李老师门下继续学习传承倪师的中医智慧，感恩遇见。冷爱宇：15882439890</p>",
      "level": 0,
      "highlight": false,
      "children": [
        {
          "id": "3e501e8cb4889a9bb04f4fa880f342f3",
          "author": "李宗恩",
          "time": "2025年12月13日 17:34",
          "content": "<p>加油！</p>",
          "level": 1,
          "highlight": true,
          "children": []
        }
      ]
    },
    {
      "id": "a8e437a0d0ad2138cdbc00444567a85a",
      "author": "冒昧求指点",
      "time": "2025年12月05日 14:26",
      "content": "<p>尊敬的dr.li,您好：<br/>\n首先感恩倪师和您，冒昧有一事求指点：<br/>\n我是中医零基础，有自学一点倪师的课程但不多，</p>\n<p>以前是java软件工程师, 前路渺茫，自身有淤血、肾结石&amp;肺结石、食道管壁出血等疾病，<br/>\n准备全额贷款去香港读VTA/VPAS的中医药剂学，<br/>\n冒昧向您请教下如何解决经济压力？</p>",
      "level": 0,
      "highlight": false,
      "children": [
        {
          "id": "6d13f6927c5476e76831e353e05b4495",
          "author": "李宗恩",
          "time": "2025年12月13日 17:36",
          "content": "<p>我不了解你的經濟情況，無法回答，但我建議你得務實，沒有務實的執行計劃，夢想很容易變成空想。</p>",
          "level": 1,
          "highlight": true,
          "children": []
        }
      ]
    },
    {
      "id": "b1b4bde18ffc2bba971136580080e82f",
      "author": "侠医",
      "time": "2025年12月06日 05:57",
      "content": "<p>尊敬的李宗恩医师：<br/>\n        欢迎您下次来汕头讲课、签售书籍。<br/>\n        第一次，您来深圳开会，带了您的书，想请您签字，但因为没到晚上的签售会，您没给签，第二次，也就是今天，正好没带您的书，所以拿了李赛美老师的书让您签，可是因为不是您的书，您没给签。您什么时候来汕头讲课，下次我一定带您的正版书，来找您听课、签名。<br/>\n        祝安好！</p>",
      "level": 0,
      "highlight": false,
      "children": [
        {
          "id": "a2c13172a94b36533afdefabc1fd7f67",
          "author": "李宗恩",
          "time": "2025年12月13日 17:39",
          "content": "<p>你拿李賽美教授的書來讓我簽名，我既不是作者也不是贈書人，你這樣是對李賽美教授的不尊重，如果我簽了，也是對李賽美教授的不尊重。</p>",
          "level": 1,
          "highlight": true,
          "children": [
            {
              "id": "dad6af05a9132a1b7319cf36c7a3bea9",
              "author": "大道至简1123321",
              "time": "2025年12月14日 18:40",
              "content": "<p>湛卢有线上签名版本售卖的呀，我那天买了两本英文签名。</p>",
              "level": 2,
              "highlight": false,
              "children": []
            }
          ]
        }
      ]
    },
    {
      "id": "74dc5b13eeead95f932bfe27b822355a",
      "author": "宇",
      "time": "2025年12月06日 19:55",
      "content": "<p>在深圳、瑞安、汕尾都见到了李医师，为人特别亲切谦逊，谈吐不凡，在国内这几天马不停蹄参加各种活动真的辛苦李医师了，一定要好好休息！另外想向李医生请教临床中如何看待一些大剂量用药的案例，我经常会在各种渠道看到某些大家的某些案例用到了大剂量的药物（尤其这次汕尾会议），比如说黄芪这味药经常会用到80g或者120g，（当然还有很多其他的药物用到类似剂量），并且这些医家会说如果用不到这个剂量效果会大打折扣，他们也自称有很多应验的案例，假设他们没有说谎，也就是说临床中是受用的，我们该如何看待这样的现象呢？</p>",
      "level": 0,
      "highlight": false,
      "children": [
        {
          "id": "9b5bd5555554b75078e1c373606586ce",
          "author": "李宗恩",
          "time": "2025年12月13日 17:42",
          "content": "<p>謝謝你來到現場參加活動。大劑量的使用，或許和藥材品質有關，也或許是某些病人真的需要，當然也不排除可以使用不同藥方來達到一樣的效果。</p>",
          "level": 1,
          "highlight": true,
          "children": []
        }
      ]
    },
    {
      "id": "f2a7d71c07e954680daaa8dcd62091ea",
      "author": "light",
      "time": "2025年12月07日 08:45",
      "content": "<p>感谢李老师的讲座和对中医界以及各位求学者的的付出。这次能看到老师真的激动难以言表。对于学医的人或者说受帮助的学生而言，能见到两次真的意义重大，不经意间的言语就会让我有很多收获，“学会问问题”让我想到了在问诊时候的不足，医生对于望闻信息分析是否到位，然后如何问患者，就是体现了医生的洞察力，生理学推理和临床经验，能否在岔路问线索得到路标。我也发现了自己对人体症状的了解和联想不足，思考人的症状有多少得好好做。能明白是李医生多年的感悟。以及经方班不多讲方剂的细节和思路，因为开药只要从伤寒金匮看出不同的方共同的药和差异的药，针对的不同情况细微差异，包括倪师的解读，慢慢理解了每个药针对何处以及用于哪些方面，患者对于药剂量到了以后的反馈，组方和剂量并不是最难的，而是收集资料和如何从大方向先派兵布局，把阵线想得长远一点，对李医生而言方剂不是讲解的重点<br/>\n往年经方班都是在线上观看，现场真的会多很多灵感以及和其他大师的比较，不知道是不是错觉，感觉李老师经方班的时候相比往日有点疲态，是太劳累了吧。希望李医生回去以后好好休息，太辛苦了回来一次做那么多事。留言是想感谢老师的辛苦付出，以及给老师一个观后感作业报告</p>",
      "level": 0,
      "highlight": false,
      "children": [
        {
          "id": "7c52615642d5227c1963a630b7cef8b6",
          "author": "李宗恩",
          "time": "2025年12月13日 17:42",
          "content": "<p>謝謝你來到現場參加活動，也謝謝你的分享。</p>",
          "level": 1,
          "highlight": true,
          "children": []
        }
      ]
    },
    {
      "id": "7936a25207610bfea59239a43a7d10c9",
      "author": "一名向往佛罗里达州的爱好者",
      "time": "2025年12月07日 17:45",
      "content": "<p>尊敬的博士您好，自学倪师课程三年了，家人健康受益太多太多，一心想见您一面，无奈才疏学浅，资质平庸，但也磨灭不了我向往经方的奥妙，一定继续努力。</p>\n<p>记得倪师的老师说过“救人的东西是没有秘密的”。<br/>\n分享个老一辈小偏方。</p>\n<p>治疗带状疱疹的小秘方，松针炒干混合高度白酒涂抹患处，全程过程中不能碰水，真有奇效。</p>",
      "level": 0,
      "highlight": false,
      "children": [
        {
          "id": "9987b27b5316d4029bcfa18a38eff4b6",
          "author": "李宗恩",
          "time": "2025年12月13日 17:43",
          "content": "<p>謝謝你的分享</p>",
          "level": 1,
          "highlight": true,
          "children": []
        }
      ]
    },
    {
      "id": "8367fc4fc46d0c3425ac72778c28ed7a",
      "author": "不穿内裤的猪",
      "time": "2025年12月14日 05:12",
      "content": "<p>大师兄，恭喜你发售的新书，我已经在12-13日JD自营店购买了你的书，从心底的支持你！谢谢你的书籍！</p>",
      "level": 0,
      "highlight": false,
      "children": [
        {
          "id": "19c39a3e8e00bb1a0f3b99e7732361b5",
          "author": "李宗恩",
          "time": "2025年12月14日 13:06",
          "content": "<p>感謝</p>",
          "level": 1,
          "highlight": true,
          "children": []
        }
      ]
    },
    {
      "id": "225b15aa98dde7e004d3651aceac5c6f",
      "author": "仲文",
      "time": "2025年12月14日 17:50",
      "content": "<p>感谢指点</p>",
      "level": 0,
      "highlight": false,
      "children": []
    },
    {
      "id": "34248073528ce4a26b529c7804842f21",
      "author": "上海徐先生",
      "time": "2025年12月19日 17:31",
      "content": "<p>非常开心在北京签书现场见到李医师！购买了你的（养正育儿）且荣幸获得签名跟合照，感谢您现场对我提问的耐心解答，这几天我也拜读了您的（养正育儿）和（当张仲景遇上斯坦福）之后，对自学中医解决问题有一个明确方向：搜集资料+模式识别+病理分析。再次感谢！</p>",
      "level": 0,
      "highlight": false,
      "children": [
        {
          "id": "38d06402e1494eb497e999953fca9bd1",
          "author": "李宗恩",
          "time": "2026年01月08日 10:23",
          "content": "<p>謝謝你來參加活動</p>",
          "level": 1,
          "highlight": true,
          "children": []
        }
      ]
    },
    {
      "id": "dda3b608086728cc6c5e9c440b29478b",
      "author": "耿春旺",
      "time": "2025年12月26日 04:20",
      "content": "<p>从年初开始陆陆续续在网络上接触到倪海厦老师，一开始是天纪，然后是人纪，虽然只是在学业和科研之余看，但也让我燃起了对中医和古人的理论的兴趣，让我认识到原来不一定是越现代越先进，特别是在医药领域。后来从暑假开始慢慢看到李宗恩医师的视频或者之前的直播课，了解了您过往经历，觉得倪老师的选择真是太有先见之明了。9月份又刷到您和一位女患者一起录的[門]博客，可以说打开了我新世界的大门，让我了解到中医还可以这样，中医理论原来是身心关联！原来玄学可以不玄！现代的物理语言和古老的经典这两个世界仿佛在我的脑子中逐渐交集，导致我这两个月的兴趣主要都集中在这块了哈哈，日常的科研都有点拉下了，甚至有了想之后去做中医的想法，想好好学一学这些经典的智慧和对世界和人体的解释。<br/>\n然后看到李医师要来中国大陆，非常高兴，但又有些囊中羞涩哈哈，于是就没报那个国际经方班，但又得知原来在别的地方还有活动，又开心了，报名了在前海的身心分享会，开心的和李医师合了影，但没提问上有一些无奈。然后又接主持人的介绍刚好去了新书分享会，想着再提问一下又没提问上，最后回北京刚好又参加一场新书分享会，我发现李医师两场讲的内容虽然ppt一样，但是讲法还是有不同，感觉是完全是大师级别的临场发挥，但可惜的是最后提问又没提问上。只能在签书的时候小问了您一下。<br/>\n没想到写了这么多，本来只是想问一个问题哈哈，以上是我的观后感。</p>\n<p>下面我还是想补上之前的问题，就是关于口吃的问题，这个问题非常非常困扰我。上次问您，平时朗读没问题，但是和人交流或者答辩的时候就很容易口吃，这种您有碰到过吗? 您当时的回答是，当然有呀，主要是紧张，肝血不足，是心理问题，放轻松就好啦。我自己大概有10年左右都认为自己可能是天生的语言发育不全，平时的逻辑能力也一般，虽然成绩一直还可以，但应变总是很怯场，但是去年我做了朗读训练后发现通过一两个月的训练我自己其实可以流畅阅读，只是之前自己忽略了。但和人交流以及公开场合发言还是很差。之前报名了一家机构，机构说这需要彻底改变人格，如果是这样的性格是改不了的，但要模仿那位老哥的行事作风我实在是有一些接受不了，也不知道是否他说的话是真的。在得到了您的答案后，我一下子就舒服了，两周基本都挺流畅的，主持党支部会议也还可以，但这周又开始反复了…</p>\n<p>所以想请教您能否可以更深入的讲一下这个问题，和应该如何训练才能流畅的不怯场的表达，是否真的要改变性格呢？如果这个问题有点复杂的话，我就排上线上约诊，届时再分析。<br/>\n不管如何，都在此感谢您和倪师！能见到您真的非常开心！</p>",
      "level": 0,
      "highlight": false,
      "children": [
        {
          "id": "77fb35c2ab2a24bf25292cd8393ec77b",
          "author": "李宗恩",
          "time": "2026年01月08日 11:55",
          "content": "<p>謝謝你來參加活動。基本上，中醫認為生理心理是結合在一起的，不是什麼改變性格的問題。</p>",
          "level": 1,
          "highlight": true,
          "children": []
        }
      ]
    },
    {
      "id": "40528fb81da6d09cfb7c8f0bc4bfd775",
      "author": "Pktiang",
      "time": "2026年01月04日 10:06",
      "content": "<p>李博士你好，感谢百忙中看留言，祝新书越来越好。请问年轻脱发的问题有办法治疗吗？现代人20多岁30出头就有脱发迹象，请问是作息不规律，还是饮食or压力？反观老一辈年轻脱发的现象较为罕见。如果有脱发问题，服用米诺地尔，保法止等增发药剂副作用是否很大，非常感谢您花时间看到这条评论，期待您的回答。</p>",
      "level": 0,
      "highlight": false,
      "children": [
        {
          "id": "dc186f3d6bcf105e4e14c69b5f201cc1",
          "author": "李宗恩",
          "time": "2026年01月08日 13:08",
          "content": "<p>玩手機太多、晚睡、含糖飲料喝太多等等。西藥的副作用很多。</p>",
          "level": 1,
          "highlight": true,
          "children": []
        }
      ]
    },
    {
      "id": "2891f86c9b3c2a773a55dc9f3291a7df",
      "author": "Ccc1010",
      "time": "2026年01月24日 14:03",
      "content": "<p>李博士你好，恭喜新书大卖！想请教一个问题，新生儿的先天性疾病如何避免？例如唇裂，唐氏等，是否跟西药有关？非常感谢</p>",
      "level": 0,
      "highlight": false,
      "children": [
        {
          "id": "3ecdd5d64663ae754044169a43ec4af9",
          "author": "李宗恩",
          "time": "2026年01月29日 02:42",
          "content": "<p>原因很多，有些確實可能是服用西藥引起。</p>",
          "level": 1,
          "highlight": true,
          "children": []
        }
      ]
    }
  ],
  "timestamp": 1771571816.552606,
  "page": 1,
  "order": 10,
  "filename": "data\\page1\\page1_order10_5fb03ef4e5606c0bb3b04a08e00e05bd.json"
}