{
  "article_url": "https://andylee.pro/wp/?p=14252",
  "title": "人工智能的濫用與迷失",
  "content": "<p>人工智能無疑是目前最熱門的話題，從大型科技公司、創新投資人、上班族、學生，到年長的老先生老太太，無一不受到人工智能激情的影響，整天下來，無不多次提及人工智能。然而，如同眾多人工智能專家警告的，幾乎每天也都會看到許多人工智能的濫用與迷失，臨床看診時也常常遇到啼笑皆非的例子。</p>\n<p>不少病人看診時興奮地告訴我，YouTube和其它平台上看到倪海厦老師新的資料，解說養生和風水等等，他們轉述學習到了什麼。很可惜，那些所謂新的資料，即使聲音和影像多麼像倪老師的樣子，都不是真的。以前盜版倪老師人紀和天紀的人，在各個平台上剪輯發佈，吸引流量來賺錢。其他人看了眼紅，你盜版，他盜版，那我也來盜版換流量賺錢。結果，流量被眾多盜版的人給分散，這個黑心錢不好賺了，那就想個新辦法來騙錢唄。於是，就有人魚目混珠，自己添油加醋，說是找到以前流失的倪老師資料。有些人被抓到是使用人工智能來仿製倪老師的音頻，改口說是找到文字檔，為了提高人們學習的興趣，故意使用仿製音頻來增加效果。有些人被抓到影像和音頻對不上，改口說是剪接的問題等等。</p>\n<p>然而，這些養生和風水的資訊，只有一小部分倪老師的理念及教學內容，大多數是那些濫用人工智能者拿其他人的資料來東湊西湊，或者是自己亂編的，很多內容甚至和倪老師的理念完全相反。無論是養生還是風水，或偏執一方，或錯誤百出，誤導許多人，就只是為了用流量來賺錢，實在令人髮指。不過，這也得怪那些追著這些視頻的倪老師粉絲，明明不難看出是人工智能作假的，不好好學習倪老師原本的教材內容，卻寧可相信來路不明的資訊，走捷徑、尋偏方，到時候把象徵殺生的廚房放在長男長女的位置，還興奮地以為按照那些作假視頻推薦的，讓木生火，廚房更旺，更容易生財！</p>\n<p>另一個例子，更誇張。一位七十歲的老先生，最近來診所看診，他很興奮地告訴我，他叫ChatGPT按照倪老師的理念，設計了一套每天三餐的養生食譜，以及不同節氣要服用的補品等等，他洋洋灑灑地把表格拿給我看。我看了以後，真的無語，一方面那根本是ChatGPT自己編的，不只和倪老師沒關聯，許多推薦內容也是錯誤或沒必要的，另一方面，我不知道該如何在幾分鐘內，為這位老先生解釋人工智能幻覺(AI hallucination)是怎麼來的，為什麼大語言模型(LLM)在沒有嚴密規範及引導下給出的答案大多問題重重，為什麼美國研究統計顯示，職場上使用人工智能處理公司事務，一半以上反而導致更多問題、生產力反而下降。不過，老先生到了這個年齡，還願意學習及使用新的東西，也是難得，只是他在善用人工智能上，還有很長的路要走。</p>\n<p>現在及未來更創新的人工智能是很好的工具，但工具就是工具，在有良心的專家嚴密檢視下使用，可以大幅幫助人類。在不學無術卻盲目相信的人使用下，會亂七八糟。在貪婪斂財的匪徒的使用下，這個世界將面臨莫大的苦難。</p>\n<p></p>\n<p></p>",
  "article_time": "2025年10月25日 13:11",
  "comments": [
    {
      "id": "6d42d91942430c03c755c1ca476b424b",
      "author": "hhh",
      "time": "2025年10月25日 15:12",
      "content": "<p>让我很担心的是人工智能对法律的挑战。现在很多视频，照片，声音都可以以假乱真，那以后嫁祸于人就非常容易了。</p>",
      "level": 0,
      "highlight": false,
      "children": [
        {
          "id": "f59a59de960faafedc8710d8cbc73d9d",
          "author": "李宗恩",
          "time": "2025年10月25日 22:27",
          "content": "<p>法律部分倒是沒有那麼悲觀，會有更新的技術來鑑別真偽。問題主要在於大多數人缺乏獨立思考的能力，很容易被不實的資訊給牽著鼻子走。這個問題早以存在多年，網路上一堆人胡亂評論、詆毀他人、誇大宣稱等等，很多人不去辨別真偽，網上看到了，就直接跟風起哄、人云亦云。人工智能會讓社會更加兩極化，有獨立思考能力的少數人和沒有獨立思考能力的大多數人，兩者的差異會更加擴大，其享有的社會資源和人生價值也就有更大的差異。</p>",
          "level": 1,
          "highlight": true,
          "children": [
            {
              "id": "bee8415e9603dc2580f1246d94aead0f",
              "author": "a",
              "time": "2025年10月27日 19:16",
              "content": "<p>是的，有很多人随便找一些胡说八道的玄学，用ai让倪老师说出来，我一开始还想是天纪的哪一段，后面越听越不对劲，倪老师根本不可能说这些狗屁，话语间颓废丧气让你听命任命</p>",
              "level": 2,
              "highlight": false,
              "children": []
            }
          ]
        }
      ]
    },
    {
      "id": "54facdfe72f19b5bc0e6e393e781f18c",
      "author": "Pktiang",
      "time": "2025年10月26日 03:48",
      "content": "<p>我爸妈住的厨房在西北角，母亲常年生病，胆囊炎，半夜经常疼醒，去医院打过几次止痛药。之前也刷到过说西北角厨房好，无语了ai真的是有意无意害到很多人。</p>",
      "level": 0,
      "highlight": false,
      "children": []
    },
    {
      "id": "0503b21ae3bbc7003d1b4baa729b5abb",
      "author": "中医至上",
      "time": "2025年10月26日 19:01",
      "content": "<p>经常刷到用AI制作的倪师视频，虽然声音很像倪老师的声音，但是语气语调完全不一样，口型都对不上，一眼就能看出假的。而且讲的内容一听就不是倪老师会说的内容。每次刷到都会给他点个举报。这些人为了那点流量毫无底线。</p>",
      "level": 0,
      "highlight": false,
      "children": []
    },
    {
      "id": "ee3005aa723921b170a90b59d54dcef9",
      "author": "马明",
      "time": "2025年10月28日 19:44",
      "content": "<p>李医生，你好。我想请教一下射干麻黄汤和苓甘姜味辛夏仁汤的区别。虽然两者都是治疗寒咳的方子，但是射干为寒药，主要面对的是热咳。所以给我感觉前者可能偏向于寒热并结的咳嗽或久咳，后者更偏向于纯寒的咳嗽。不知道我理解的对不对还请李医生指教。</p>",
      "level": 0,
      "highlight": false,
      "children": []
    },
    {
      "id": "2d2636151931309f170bfe7077dc085f",
      "author": "Dking",
      "time": "2025年10月29日 03:28",
      "content": "<p>李医生好：<br/>\n   最近一直在听podcast，对您提到的“长期主义”概念感触颇深，找对方向然后坚持下去也许是唯一的捷径了，也许在对的方向上做对事会遇到困难，但是以十年二十年来看，这完全只是小的波澜。此外，你之前文章中有提到类似“要专注于做的事情，无论中医的医术也好，个人的专业技能也好，不要太关注金钱”的意思，最近在看斯坦福教授出版的《基业长青》这本书，里面有句话说的意思一样，就是“利润之上的追求”，突然之间，感觉看的学的东西都联系到一起了，一个个触角练成了网。<br/>\n  谢谢李医生，希望能听到您更多的智慧，哈哈</p>",
      "level": 0,
      "highlight": false,
      "children": []
    },
    {
      "id": "8130d2e871dc2eabb5df7d0094f83e87",
      "author": ".",
      "time": "2025年10月29日 18:44",
      "content": "<p>李先生休息了吗？<br/>\n近来来看这些文章与播客，通过信息的检索整理，自己的实际感受。有些思考。我观察到现在的人们，选择天然面料的衣物，是越来越少的一个状态。多数为混纺或纯化纤。<br/>\n自中国有苎麻，埃及有亚麻，外来棉花等。棉花可以吸湿透气，提起多数网络博主专家工程师，在说到人体如果使用纯棉花面料会使身体着凉。我的感受纯棉t，出汗以后人体自己的体温，很快就可以把它烘干。<br/>\n在两年前第一次在夏天使用全棉衣物，包括口袋布纯棉，但国内的成品衣物找不到有纯棉缝纫线。中国纺织业十分发达。对于这种窘境,少接触全天然的面料，成品布料选择多，成衣少，消费者端收入不佳。多出口与政府消费，纯化纤的面料大力宣传。成衣造型多各异，功能多。化纤生产相对稳定，对产业效法升级，天然面料不耐用生产废水多加紧环保投入等，对天然面料的接触少问题。<br/>\n通过我的检索,还在观望，麻制品有高于棉花的吸湿透气,实现一些的抑菌，以及历来在各个领域的实际应用与象征,能量宣传者说他高于其他天然面料。可以沟通天地。埃及有使用亚麻制作木乃伊等等例子。各位实际慢慢分享。<br/>\n观察身边穿纯化纤的人，即使能量很高，但总有一种神气不足的状态。看到运动员几乎也是。<br/>\n使用纯麻面料，或者是全棉，是否可以让身体毛孔呼吸得到正确的途径，让人的状态改善，或是否有助于提高临床的效果，衣食住行，现在人相比于前人有不注意与无奈。选择太多埋没了，不知道李先生平时会注意这些吗？如果有进一步的讨论，我当尽自己一份力。<br/>\n检索工具信息来源（各位妈妈分享，行业新闻内容，行业协会，通义，小红书，B站，bing，yandex，各公司文章，官网公众号）</p>",
      "level": 0,
      "highlight": false,
      "children": []
    },
    {
      "id": "e614159da51a22975bbcd131db6884ab",
      "author": ".",
      "time": "2025年10月29日 19:03",
      "content": "<p>还有来源于一个生活分享，adhd的玩具，硅胶磁力纹理指尖球，看到这个想起了中国的手球。买来试一下（4cm四川白大理石，海浪花花岗岩），后来深入有看到砭石手球（3厘米），也买来把玩，通过手指手掌捏球活动，一定压力下的穴位按摩，于注意力的调节。有待继续使用。对于砭石的应用，自己的临床会尝试吗，还有砭石刮各种，中国电商有砭石穴位贴，研磨粉末的形式。砭石球看起来就像各种泥雕塑的眼睛一样，黑黑的，与艾灸比起呢，艾灸选购操作要一定学习，艾灸味道很大。</p>",
      "level": 0,
      "highlight": false,
      "children": []
    },
    {
      "id": "aad4bcba7b2316acfb26a123831bee42",
      "author": ".",
      "time": "2025年10月29日 19:07",
      "content": "<p>请问问题是被删除了吗，刷新一下就不见了</p>",
      "level": 0,
      "highlight": false,
      "children": []
    },
    {
      "id": "a1f301078294f6179c25c4ebbb435720",
      "author": "柿柿如意",
      "time": "2025年10月30日 01:44",
      "content": "<p>李医生，您好！<br/>\n请问四神汤可以和当归一起煮羊肉汤吗？</p>",
      "level": 0,
      "highlight": false,
      "children": []
    },
    {
      "id": "842780f577d7d72cf6f460f549ff1932",
      "author": "阜阳",
      "time": "2025年10月31日 02:45",
      "content": "<p>您说的AI生成现象确实很泛滥，不过您那个病人说的是真的，看网上介绍视频的来源说是谢育和医生把自己保存的录像分享出来了，我仔细看了一下并不是AI生成的。</p>",
      "level": 0,
      "highlight": false,
      "children": []
    },
    {
      "id": "ff1a5b4666e16892878c3e845051daa5",
      "author": "米卷",
      "time": "2025年10月31日 06:46",
      "content": "<p>两三年前，给老婆排了命盘，算了她哪年考上大学，公务员，结婚，年份都对得上，算到去年婚姻出问题。结果去年分居到今年，9月24号，签字离婚。算到会离婚时，看了倪师讲的如何处理夫妻关系，他说，不要想着对方该怎么样，要自己应该怎么样，当时不理解，总想着争个对错，离婚后才知道丈夫作为天，应该包罗妻子的一切，这样才能维护好婚姻。</p>",
      "level": 0,
      "highlight": false,
      "children": []
    }
  ],
  "timestamp": 1762007685.0753257,
  "page": 1,
  "order": 3,
  "filename": "data\\page1\\page1_order3_5eaccf21ca7038e4b5c42f247ca1a8dc.json"
}