{
  "article_url": "https://andylee.pro/wp/?p=14195",
  "title": "快樂的癌末病人(再續)",
  "content": "<p>前年三月，寫了一個病例「快樂的癌末病人」（<a href=\"https://andylee.pro/wp/?p=12261\">https://andylee.pro/wp/?p=12261</a>），去年五月寫了這個病例的追蹤討論「快樂的癌末病人(續)」（<a href=\"https://andylee.pro/wp/?p=13250\">https://andylee.pro/wp/?p=13250</a>），又過了一年多，我們再次來追蹤討論這位病人的情況。</p>\n<p>先回顧一下，老太太四年前被西醫診斷為卵巢癌末期轉肝癌，基本上已經無法治療了，最多只能使用大劑量的化療放療，賭一賭看能不能再拖延幾個月。那時老太太82歲半，家屬不願意年齡這麼大的老媽媽受到化療放療的折磨，決定尋求中醫的幫助。病人在當地看了幾個月的中醫，沒有什麼效果，雙脚水腫及腹水持續不減，那位中醫師也放棄了。</p>\n<p>三年前開始遠程治療這位病人，前兩篇文章有討論治療的過程，有興趣的讀者可以閱讀。這一年來，老太太的情況良好，精神不錯，每天做家事，白天不需要睡覺，腹部明顯比以前平坦許多，生活飲食正常。這半年來，老太太滿86歲了，因為已經服用中藥很久了，老太太想減少服藥，一週大概只服一付藥的份量，也減少看診的頻率。據家人反饋，老太太神色和體態都更加清爽輕盈，完全不像八九十歲的老人，免疫力甚至比癌症之前更好，不那麼畏寒，即使偶而不小心著涼，症狀也很輕。</p>\n<p>今天家屬聯絡診所，告訴我們安寧照顧(hospice)的醫生最近檢查及重新評估病人情況，完全逆轉診斷觀點，認為當初一定是誤診，那時不可能是惡性腫瘤，應該是良性腫瘤。同時，也因為病人情況良好，決定取消病人的安寧照顧。然而，當初腹水及各方面情況嚴重，西醫檢查得很清楚，確認是癌症末期，多處轉移，不可能是把良性腫瘤誤診為惡性腫瘤。 而這幾年來病人也得定期回西醫院做CT及其它檢查，確定病人癌末的情況，醫療保險才能繼續提供安寧照顧，多次檢查下來也未曾改變對病人的癌末診斷。另外，安寧照顧的護士，每一兩週就來檢查病人，也確認剛開始安寧照顧時，病人情況危急，但在服用中藥下，這三年來一步一步地好轉，護士從一開始不相信中藥會有效，到現在認為是中藥讓老太太不僅僅活下來，還活得更好。</p>\n<p>老太太現在86歲半了，我們暫且不論她身體裡面還有沒有癌症，她每天的精神及生活作息各方面，比很多「沒有生病」的年長者還好，快快樂樂地過日子。中醫能不能幫助癌末病人？癌末應該尋求中醫幫忙，還是堅持化放療？這就讓讀者自己去研究討論了。</p>",
  "article_time": "2025年10月06日 15:23",
  "comments": [
    {
      "id": "c43065ac90c3e992e0b808bdebb701d5",
      "author": "一心向道",
      "time": "2025年10月06日 16:51",
      "content": "<p>去年由于胃寒凉网购了酒制石硫磺，一次性吃了5克（只吃了一次），吃后胃没有暖起来，却导致大脑异常清醒。入睡困难，睡眠短而浅。一年多了也没有明显减轻。除此之外，无任何上火症状和其他身体不适反应。<br/>\n     看到倪师讲过“石硫磺往头上走”，没想到力量如此迅速强烈持久。有没有什么办法能排出或减弱其影响呢？</p>",
      "level": 0,
      "highlight": false,
      "children": [
        {
          "id": "3c51644dcec38c578a3ef9798fdfd0f2",
          "author": "阿福",
          "time": "2025年10月07日 19:49",
          "content": "<p>好奇，你是自己想出来用硫磺的？而且还耗了一年…在下佩服…</p>",
          "level": 1,
          "highlight": false,
          "children": [
            {
              "id": "ae681f901f7aa9fabf4482fbec802769",
              "author": "一心向道",
              "time": "2025年10月07日 22:58",
              "content": "<p>因为胃寒凉吃什么暖胃的食物药物都不管用，看到网上有人服用后胃暖身体暖买的。医生们对此物大都不了解，所以没有办法，只能耗着。您对此有了解吗？</p>",
              "level": 2,
              "highlight": false,
              "children": [
                {
                  "id": "d2fafb0ee634e677728f4f35b9d15e7d",
                  "author": "阿福",
                  "time": "2025年10月08日 17:41",
                  "content": "<p>我不是医生，只是个中医爱好者，李宗恩医师的文章我每篇都看。你描述的胃寒，是你自己诊断的，还是医师诊断的。李医师一直强调不以单一症状判断病情，也不要做简单的连连看。刘尧钦医师在在四川，倪医师的学生。李医师的文章有提到过河南通许第一医院。你可以自己研究一下，这么一直耗下去，对身体肯定不好。</p>",
                  "level": 3,
                  "highlight": false,
                  "children": []
                },
                {
                  "id": "032df896ef1b303d2c6b411bf7d38d67",
                  "author": "light",
                  "time": "2025年10月13日 09:48",
                  "content": "<p>首先本来没有医学基础的人就不应该轻易试药，何况一上来就是硫磺那么重的药。先不说你判断的胃寒是否正确，你的情况不一定是石硫磺造成的，硫磺造成的失眠在临床很罕见，你应该先排除其他因素造成的可能性以及你之前睡眠是否足够稳定，就算是石硫磺影响的，也是说明你身体的平衡本来就不佳了，对硫磺的反应只是一个现象。你应该做的是找一个好医生看，你这样询问李医生并不能得到什么答案。<br/>\n而且看你的言语间说明你对倪师的知识并没有系统学习，对中医的知识如果有一定了解，你不会因为一个说法开始试试硫磺，硫磺用的时机怎么会用到单纯的胃寒，而且中药的代谢通常在几天内就会出去，除非是药物的品质有其他的问题。中医又不是偏方，如果你对中医感兴趣，你应该系统由浅入深地学习，并且还要学习一定的基础医学知识，中医是临床医学。胃有问题的人很多，不是所有都是寒热造成的，硫磺一般也不会用于胃寒。找个好医生看吧，如果对中医感兴趣就从头学习，倪师讲的对于药物的理解是临床许多案例以后才能看到的现象，临床不够或者知识不够的人是不能从字面上理解药性和药的用法的，不要把中医想得太简单</p>",
                  "level": 3,
                  "highlight": false,
                  "children": [
                    {
                      "id": "e778c2de3ec8a04c04c7c13266500458",
                      "author": "一心向道",
                      "time": "2025年10月13日 22:35",
                      "content": "<p>当时是因为吃了寒凉食品后导致胃平时都感到拔凉拔凉的，像有冷风吹一样，吃什么暖胃的食物药物都不管用，包括附子，所以才想到的石硫磺。<br/>\n    石硫磺刚吃进去，半小时就药效直达头部，大脑迅速变得异常清醒，并且其药效持久稳固，一直是这样的状态。我不知道代谢了没有，反正大脑一直是这样的状态。<br/>\n   因为是网购的，医院也没有，医生们都不了解，所以才问李医师的。</p>",
                      "level": 4,
                      "highlight": false,
                      "children": []
                    }
                  ]
                },
                {
                  "id": "07db6efdfbd1c3d384e9e6ddd91e97e4",
                  "author": "阿福",
                  "time": "2025年10月16日 02:41",
                  "content": "<p>病人極度寒冷就使用熱藥 <a href=\"https://andylee.pro/wp/?p=12936\" rel=\"ugc\">https://andylee.pro/wp/?p=12936</a></p>",
                  "level": 3,
                  "highlight": false,
                  "children": [
                    {
                      "id": "a3e23fa10e34c777d2c3fa3a7de64a7e",
                      "author": "一心向道",
                      "time": "2025年10月16日 11:56",
                      "content": "<p>石硫磺本身也是归肾经，不是归胃经的。大部分人都是因为手脚冰凉才吃的，但也有人说吃后胃暖的。我只吃了一次，胃没有感觉，但感到手脚变暖了。<br/>\n   主要是没有想到服药半小时就药效直达脑部，大脑迅速变得异常清醒，而且这种状态持久稳固。我自己觉得是一次吃的有点过量，补过头了。我主要关心的是有没有什么办法能排出或减弱其影响？</p>",
                      "level": 4,
                      "highlight": false,
                      "children": []
                    }
                  ]
                },
                {
                  "id": "989e13d7dc7f76cef651934380774087",
                  "author": "light",
                  "time": "2025年10月17日 11:03",
                  "content": "<p>如果你对药物的认识都是有问题的，你认为你对硫磺有没有代谢出身体这一看法是对的吗？ 你的言论证明你对中医只是有一点了解，不足以诊断自己的情况， 对寒凉食物有反应，一定是胃寒一个原因吗？如果你脾胃气已经虚到一定程度了，光用附子或者热药就能把胃不舒服治好吗？更别谈可能还有其他很多原因。不要觉得中医很简单，生病了应该看医生。<br/>\n你该做的是找当地医生看或者挂李医生号治疗失眠告诉他失眠的契机，由医生来判断你的问题，你的问题是失眠，硫磺只是可能是一个契机。执于己见对你而言只是耽误看病的时间和身体的健康。</p>",
                  "level": 3,
                  "highlight": false,
                  "children": [
                    {
                      "id": "001e6d6de86ec0191e9e16ee4f9d8482",
                      "author": "一心向道",
                      "time": "2025年10月17日 20:47",
                      "content": "<p>问题是当地医生治不了，李医生远程需一年后。<br/>\n    无效倒是无所谓，别的药也都无效。<br/>\n    主要是服用石硫磺半小时后药效直达头部，大脑变得异常清醒，所以自然难以入睡。所以失眠只是一个果，以前也失眠，但跟现在的失眠完全不一样。自从服药后大脑平时也是异常清醒。一般调理失眠的方法并不适用。如何能将这种药物的影响排出或减弱才能根本。</p>",
                      "level": 4,
                      "highlight": false,
                      "children": []
                    }
                  ]
                }
              ]
            }
          ]
        },
        {
          "id": "a08e21cf5f6b8f40bcbd21ca7ccc7f47",
          "author": "李宗恩",
          "time": "2025年10月22日 10:35",
          "content": "<p>不要自己亂試藥</p>",
          "level": 1,
          "highlight": true,
          "children": [
            {
              "id": "2cb040ee0ede88640d98163560b181ae",
              "author": "一心向道",
              "time": "2025年10月22日 13:30",
              "content": "<p>谢谢李医生。可是已经服用了，有什么办法能排出或减弱其影响吗？</p>",
              "level": 2,
              "highlight": false,
              "children": [
                {
                  "id": "0953ab0a0b6535018f615f0760f72323",
                  "author": "李宗恩",
                  "time": "2025年10月22日 15:26",
                  "content": "<p>找中醫師看診</p>",
                  "level": 3,
                  "highlight": true,
                  "children": [
                    {
                      "id": "51ff2c556143d02eaa906cd70a2d852d",
                      "author": "一心向道",
                      "time": "2025年10月23日 12:34",
                      "content": "<p>有没有什么普适性或一般性的方法？比如倪师说石硫磺中毒的话，吃鸭肉可解。可是我也没有所说的那些中毒症状，吃了鸭肉也没有反应。</p>",
                      "level": 4,
                      "highlight": false,
                      "children": []
                    },
                    {
                      "id": "e60b5fcfc9030fc49eadd2eb1a7ed81d",
                      "author": "李宗恩",
                      "time": "2025年10月24日 20:02",
                      "content": "<p>吃鴨肉很難解硫磺中毒。</p>",
                      "level": 4,
                      "highlight": true,
                      "children": []
                    }
                  ]
                }
              ]
            }
          ]
        }
      ]
    },
    {
      "id": "f2137913dd4fe3e46092b2f509e83faa",
      "author": "萧雪音",
      "time": "2025年10月07日 01:44",
      "content": "<p>李医生您好，本人尿酸高正在吃非布司他，现在想中医治疗，那对于这样的情况下如何中间过度停非布司他呢。我平时也不敢多吃只吃半粒，我家人吃高血压药然后半夜脑梗心脏病，查出是因高血脂，而后又吃相关药导致胃出血等，确实发现有很大的问题，我也不敢长时间吃非布司他</p>",
      "level": 0,
      "highlight": false,
      "children": [
        {
          "id": "938d44600a6b6f2e411252120700046b",
          "author": "李宗恩",
          "time": "2025年10月22日 10:35",
          "content": "<p>你得找中醫師看診，而不是自己嘗試。</p>",
          "level": 1,
          "highlight": true,
          "children": []
        }
      ]
    },
    {
      "id": "3d53b5381502870cb7d6689465949cdb",
      "author": "小宇宙",
      "time": "2025年10月07日 08:51",
      "content": "<p>看到这样的结果并不意外，潜意识里就认为中医、李医师完全可以做到这个程度 。请教李医师两个问题，1.儿童近视，左右眼差别很大，超过150度，不考虑用眼习惯等外因的话，和肝脾的侧重有关系吗？2.孩子眼睫毛倒长，西医眼科建议手术根治，说不治疗会容易造成眼内炎症，我们中医怎么处理这个问题。谢谢李医生</p>",
      "level": 0,
      "highlight": false,
      "children": [
        {
          "id": "fbdc7225cea7baa49ff69ffe9449953a",
          "author": "李宗恩",
          "time": "2025年10月22日 10:36",
          "content": "<p>1.應該關係不大 2.這樣的問題，西醫外科比較直接。</p>",
          "level": 1,
          "highlight": true,
          "children": []
        }
      ]
    },
    {
      "id": "6e63e25c4d759bdb712df5dd8f719c98",
      "author": "isjxusnxjjs",
      "time": "2025年10月09日 08:23",
      "content": "<p>老师，我已经看了倪海厦老师的东西学了几年，对倪海厦老师的几部经典反反复复看了很多遍，也看过倪海厦老师的诊疗记录，对人体生理病理学大致有了一个轮廓，最近也在网络上看了你以前的直播记录，但现在只停留于理论知识，没办法真正接触到病人，想问下如果想要更加精进，下一步该如何去做呢？</p>",
      "level": 0,
      "highlight": false,
      "children": [
        {
          "id": "e7a28bf7ff0bf6585f8b4c0e29635134",
          "author": "light",
          "time": "2025年10月13日 10:29",
          "content": "<p>中医是医学，不接触病人确实不好精进的，如果不是想进中医行业，本身也不在医疗体系，几乎接触不到病人，只是感兴趣的话。其实可以看经典，在我学习过程中除了接触病例就是解析经典。倪师说的东西很多不上临床接触大量病例并不能真正地理解。但是不是说听了倪老师的东西就没必要去看黄帝内经等等，自己慢慢看慢慢理解，再想为什么选择这个药而不是其他的药，才能慢慢知道很多药经方为什么会选择那个药，出于什么症状会用。慢慢就会对药物的使用时机有了解。重读经典再对照倪师的解读很重要。然后再看李医生对于很多病的解释，教学，理解才会更深，李老师对于解读古籍视角很不一样。</p>\n<p>中医想要学习好，我目前的认知就是，一是熟知基本生理理论，才能接触病例的时候察觉到细微的症状，再用五行脏腑，八纲等等看不平衡在哪，这方面不过就收集信息都做不到；二是知道每个病人的差异性，同样是出汗可能每个人原因差别很大，不是说固表就行，中医套招只能解决极少数病人的少数问题，每个病人都是一个新的个体，不能觉得可能是什么问题再去强迫自己找到相应的症状，而是把所有症状收集完才分析可能是什么问题，不然会被自己引导错误。需要根据察觉的症状分析重新认识，主要是收集症状以后寻找差异点和生活上很细微的细节体现的特征不同，如果能找到同样的症状对于不同事情的反应，就知道开始怎么治，总能找到一些问题，在某个经络上啊，总发生在某个时间点啊，对寒热的反应啊，情绪的变化的影响啊，某个动作的背后原因啊。三就是对药物的针对性理解，药不用对肯定治不好，每用一个药要知道这个药可能出现的反应，才能知道药性到没有，到了以后他的身体有没有反馈，因为有些病人吃药也有问题，所以很重要，对药有了反应不论好坏线索就更多，但是对药物的细节理解挺难的，比如麻黄的宣肺很多时候是发水，不上临床不会很理解，比如很多医生看教科书的麻黄宣肺也不知道怎么个逻辑，鼻涕一直很多很多时候加大苍术没用，不是因为苍术没用而是需要少量麻黄发肺的寒水，肺主鼻，所以鼻涕流不止。再往后更深李医生直播的时候讲过很多，学习的方法。<br/>\n中医确实易学难精，加油吧朋友，一起努力，至少您不入行业也或许能帮到自己的家人</p>",
          "level": 1,
          "highlight": false,
          "children": []
        },
        {
          "id": "313bbcec609a1a02cb8282264d7b719f",
          "author": "李宗恩",
          "time": "2025年10月22日 10:39",
          "content": "<p>從幫忙四周親朋好友的小毛病開始。</p>",
          "level": 1,
          "highlight": true,
          "children": []
        }
      ]
    },
    {
      "id": "482655637b0104723afaf69f31020939",
      "author": "王绪阳",
      "time": "2025年10月14日 14:05",
      "content": "<p>李医师这个案例真的太振奋人心了，十三届，十四届经方班都有讲这个案例，演讲视频反复观摩。不过西医嘴还真是挺硬的，哈哈哈</p>",
      "level": 0,
      "highlight": false,
      "children": []
    },
    {
      "id": "a699c4d7cdc5a977f2a37f433d332028",
      "author": "中医爱好者",
      "time": "2025年10月17日 18:16",
      "content": "<p>李医师您好，我看倪师的视频，倪师是反对化疗的。但是大陆很多中医师是提倡中西结合的，手术配合中药，化疗配合中药。国医大师刘嘉湘做过研究，单纯化疗和单纯中医治疗，小细胞肺癌患者的生存期差不多，同时化疗和中医治疗的，能显著延长生存期。我有个疑问，对于某些病症，真的是中西结合能有更好的效果吗？还是因为中医术水平不够而得出这样的结论。</p>",
      "level": 0,
      "highlight": false,
      "children": [
        {
          "id": "efb11c8f0c68d7dbaf3743a98571f023",
          "author": "李宗恩",
          "time": "2025年10月22日 11:00",
          "content": "<p>中國大陸所謂的中西醫結合，實質上是西醫治療，中醫幫幫小忙，減西醫治療的副作用和不補補身體，這樣的情況下，無法發揮中醫真正的臨床效果。</p>",
          "level": 1,
          "highlight": true,
          "children": []
        }
      ]
    },
    {
      "id": "f3fdb6bbe48326d5afc5f090bed17b40",
      "author": "杨阳",
      "time": "2025年10月21日 08:12",
      "content": "<p>请问李医师，您对那些急危重症病人的治疗，是怎么突破从0到1的？</p>",
      "level": 0,
      "highlight": false,
      "children": [
        {
          "id": "151d703ad0539e68407820306c94f267",
          "author": "李宗恩",
          "time": "2025年10月22日 11:05",
          "content": "<p>臨床功力和經驗，加上病人和家屬的配合，同時，還得依靠老天對病人的眷顧。</p>",
          "level": 1,
          "highlight": true,
          "children": []
        }
      ]
    }
  ],
  "timestamp": 1762007762.9339728,
  "page": 1,
  "order": 8,
  "filename": "data\\page1\\page1_order8_beb8540f3577f01576b322c1c2711a5d.json"
}