{
  "article_url": "https://andylee.pro/wp/?p=14750",
  "title": "病人春節來函",
  "content": "<p>=======================================</p>\n<p>李醫生您好，祝您和您的團隊新春吉祥，家庭幸福！</p>\n<p>自2月以來，我身上的疹子不太癢了，入睡問題也改善了許多，有時候晚上11左右能睡著，一直睡到早上七點左右，體力和精神也比之前又更好一些，非常感謝您，身體才得以漸漸恢復，現在能自己做飯熬藥做家務了。乳房硬塊的問題暫且我也沒放在心上，睡覺吃飯大便月經都正常，身上沒痛沒癢，我已萬分知足。</p>\n<p>回想去年此時，趟在床上好像剩下最後一口氣。我從小身體不好，經常咳嗽高燒，每次父母帶我去鄉下小診所打屁股針，一打就退燒好了，但隔不了多久就又生病，如此反復的過完了我的童年，很多年後才知道那些打入我身體的是激素和抗生素。後來我的身體慢慢變得西藥過敏，也不太認可西醫的某些理論，因此在我確診乳癌之後第一時間尋找中醫治療吃中藥，找到您時，腫瘤10多公分大到不可思議，吃藥效果不明顯，但我心裡清楚知道，如果沒有您的中藥，我一定會更疼，狀況會更差。</p>\n<p>家人對我中醫的選擇很理解和支持，後來腫瘤實在太大，才讓我做動脈介入和栓塞，共三次，最後一次是2025年10月中旬，本來醫院要求21天到28天做一次，因為副作用太多，我有一次拖了2個多月才去，大塊腫瘤脫落了，伴隨的副作用也出現了，頭髮脫落，身上疹子奇癢，反應遲鈍變笨記憶差，心跳加快等等。</p>\n<p>在最艱難的時候是儒釋道的經典陪我度過了無數個日夜，讓我心裡相對平和，不那麼恐懼，同時也是李醫生您的中藥讓我減輕治癒身體的痛苦，是您在守護著我們這樣的人。</p>\n<p>從您的網站看到您在大陸的活動和教學，我有天突然流淚了，腫瘤疼的時候我都沒有哭過，是莫名感動的淚水，祈望眾生都能少病少惱，治病少走彎路。</p>\n<p>孔子在《易經·繫辭》中有這樣一句話:‌“舉而措之天下之民，謂之事業。”‌一個人一生中，若能做一件事，使社會大眾得到安定與福祉，對國家民族乃至全人類有持久的貢獻，這才配稱為“事業”。在我看來倪師和您今天做的種種正是如此。</p>\n<p>感謝，感恩！祝，平安喜樂！</p>\n<p>xxx</p>\n<p>2026年2月15日</p>\n<p>=======================================</p>\n<p>春節期間，許多病人來函，一方面祝福診所新年快樂，一方面也反饋近況和回顧前一年治療的過程。謝謝這些病人的新春祝福，然而，這位病人的來函，讓我有許多的感觸及感恩。</p>\n<p>這是位一直讓我很擔心的病人，遠程初診時，乳房癌症腫塊已經比一個壘球大了，皮破肉綻潰爛嚴重，非常棘手的情況。說真的，沒有哪位中西醫有把握逆轉病情，西醫的選擇也只能是先化療放療試一試，看看癌症腫塊能不能大幅縮小，不然連開刀的機會都沒有。</p>\n<p>一路治療下來，壓力很大。雖然病人癌症疼痛、睡眠、精神、頭痛、胃口，及其它的問題都有改善，乳房癌症腫塊卻持續增大，或許增大的速度比以前慢，但沒有逆轉的跡象。去年下半年，病人在家人的督促下，進行了西醫的動脈栓塞手術，讓癌症腫塊得不到血液而逐漸死亡。做了三次以後，病人癌症腫塊確實縮小許多，雖然伴隨了許多副作用，也不能確定長期下來的效果，我們不得不承認這樣的栓塞手術在短期內有速效，暫時壓制住了癌症的攻勢。</p>\n<p>手術後，病人有許多副作用，心跳很快、掉頭髮、身體大面積皮疹、反應及記憶變差、睡眠差、人累、虛汗等等，我們也得一一地化解。然而，我對未能即時逆轉癌症腫塊增長，讓她得去做痛苦的動脈栓塞手術，一直耿耿於懷，覺得我只幫了她一些小忙，卻無法及時給她最需要的大忙，這讓我許多晚上左思右想，努力找尋突破的關卡，卻又遲遲無解。</p>\n<p>雖然幾次遠程看診，病人都表示感謝，春節收到她的來函，還是挺有感觸，也很感謝病人對中醫的信任。反觀一年中會遇到兩三位奇特的病人，癌症到了末期的末期才來找中醫治療，只服用兩三周的中藥，沒馬上看到腹水消退、腫瘤縮小，就開始惡意評論醫術及中醫療效。殊不知即使峻猛的中藥方或許可以在短時間內看到一些反應，在不確定病人身體反應下使用，反而可能導致身體極速失去平衡、問題變得更加嚴重棘手。一位好的醫生，得依照時間的急迫性，病人各方面的情況，仔細思考如何佈局，一步一步地治療。而世界上也沒有神醫，好的醫生盡力為病人治療，就算有些病人有非常好、奇蹟般的療效，也不是每一位病人都能有如此的結果。</p>\n<p>嚴格而言，除非你多年在一位醫生旁邊，長期追蹤他臨床治療的實際結果，不然很難真的了解一位醫生的功力。如果硬要找一個快速方法來判斷一位醫生的功力，那就得看這位醫生治療急重症病例的困難度、病例數、大多數病人的反應、相對其它醫療方式的療效等等。那些隨隨便便在網路上評論醫生的網民們，沒有做這些基本功課，連這些醫生在正式醫學大會上討論的病例也一無所知，就憑服用幾付藥的自我感覺，或者網路上找到不可靠的流言，就自以為是地大放厥詞。其實，這只是反應這些人心裡的空虛及知識的匱乏，而這些人也一直抱怨找不到好醫生替自己看診。問題不是沒有好的醫生，而是這些人不是好的病人，他們只想找順應他們喜好的醫生，而不是能把他們治好的醫生。</p>",
  "article_time": "2026年02月19日 20:02",
  "comments": [],
  "timestamp": 1771571643.26117,
  "page": 1,
  "order": 1
}