{
  "article_url": "https://andylee.pro/wp/?p=14677",
  "title": "鳳凰衛視《四海中醫》美國站 – 遇見科技",
  "content": "<p>《四海中醫》第十集「遇見科技」，在十一月底正式播放，很巧的，那時我正好在大陸趕往倪海厦老師故鄉瑞安，這集節目即時成為演講活動開始前的暖場。鳳凰衛視導演製作群到診所及史丹佛大學拍攝了五六個小時，剪輯成節目後，只有十幾分鐘，無論當天拍攝還是幕後剪輯，都十分辛勞，感謝鳳凰衛視的同仁們。</p>\n<p>我在深圳的時間，鳳凰衛視總監特意從香港趕來再次參訪。他們把前後採訪的內容又另外剪輯了的許多短視頻，在各個社群媒體上發佈，讀者有興趣的話，可以在社群媒體上搜尋。</p>\n<figure class=\"wp-block-video\"><video controls=\"\" height=\"1080\" src=\"https://andylee.pro/wp/wp-content/uploads/2025/12/四海中医原版视频.mp4\" style=\"aspect-ratio: 1920 / 1080;\" width=\"1920\"></video></figure>\n<p>鳳凰衛視YouTube連結： <a href=\"https://www.youtube.com/watch?v=TQHnYlvGYBo\">https://www.youtube.com/watch?v=TQHnYlvGYBo</a></p>\n<p></p>",
  "article_time": "2025年12月21日 11:15",
  "comments": [
    {
      "id": "02b9efe6f676099f8aa60f89680ff064",
      "author": "一苇渡江",
      "time": "2026年02月15日 19:09",
      "content": "<p>恭祝李博士马年吉祥如意，阖家幸福安康！祝愿倪师医学在您和一众门人的带领下发扬光大，泽被四方！我作为倪师门下散养野生弟子也与有荣焉</p>",
      "level": 0,
      "highlight": false,
      "children": [
        {
          "id": "e4d08e81a327d2325b2e40d6452fcdda",
          "author": "李宗恩",
          "time": "2026年02月17日 09:18",
          "content": "<p>新年快樂！</p>",
          "level": 1,
          "highlight": true,
          "children": []
        }
      ]
    }
  ],
  "timestamp": 1771571676.8785362,
  "page": 1,
  "order": 5,
  "filename": "data\\page1\\page1_order5_822c812065e76548d96a07f8591128d5.json"
}