{
  "article_url": "https://andylee.pro/wp/?p=14227",
  "title": "保險詐欺",
  "content": "<p>今天早上來了一位新病人，是一位近60歲的華人女士，她抱怨十多年來看了很多位中西醫，都沒有把她治好。我告訴她，這不一定是那些中西醫的問題，有可能是她生活習慣、人際關係等等造成的問題。沒等我進一步解釋，這位病人就說她的醫療保險很好，每次的給付額都很高，並且她可以來看診一次卻簽名多次，讓診所多報幾次保險，拿多出來的給付抵藥費。她還特別強調，之前多位中醫師都是這樣和她合作的！</p>\n<p>我聽了，幾乎要破口大罵、趕她出診所，然而，看在她是第一次來看診的份上，我忍著沒罵人，仔細解釋為什麼這樣的行為，不但違法，更是傷害她自己。</p>\n<p>首先，這是保險詐欺，屬於重罪(felony)，涉案的醫療人員，除了吊銷醫療執照外，至少得坐牢一年。如果病人在不知情的情況下，在醫療人員蒙蔽欺騙下涉案，自然是無罪。但像這位病人，主動提出保險詐欺的具體計劃，並涉案多次，這就不是坐牢一年，而是一個一個詐欺案件累計，關個五六年也不意外。</p>\n<p>其次，一位有醫術和醫德的醫生，是絕對不會這麼做的。如果醫生有良好的醫術，病人往往是排滿的，不會為了一點小錢，去冒險犯法，接治這樣保險詐欺的病人，利弊得失顯然易見。如果醫生有良好的醫德，更不會做明知嚴重違法的事情，保險詐欺不是灰色地帶，沒有商榷的餘地。</p>\n<p>而為什麼說病人這樣做，其實是傷害自己？如果一位醫生為了賺一些小錢，願意從事保險詐欺的行為，那麼，他為什麼不會想辦法從病人身上得到更多的好處？騙病人和騙保險公司，是沒有什麼思維及道德上的差異。拿保險詐欺給付來抵藥錢，同樣的給付金額，藥材費用越低，醫生不就賺越多，怎麼還會給病人好的藥材？同時，既然是和病人聯手來詐騙保險公司，那醫生有什麼動機去治好這位病人？只要每次讓病人暫時舒服點、覺得有點效果，病人為了用保險詐欺來節省醫療費用，甚至看病還能賺錢，也就會一直看下去。醫生「養病人」來維持自己長期的收入，即使是很容易治癒的小毛病，也不會幫病人真的治好來斷自己的財路。</p>\n<p>為了貪小便宜而保險詐欺，十多年來看了很多位醫生，都沒有治好，這要怪誰呢？</p>\n<p></p>",
  "article_time": "2025年10月13日 15:13",
  "comments": [
    {
      "id": "9a84e8183e8626699999c8d372e7c7a6",
      "author": "潛水客",
      "time": "2025年10月14日 09:30",
      "content": "<p>順便一提:<br/>\n近來在YouTube上有不少投機份子利用AI合成倪醫師的影像及語音，為了蠅頭小利，胡亂解釋倪醫師教材。把個人偽中醫的想法，包裝成倪醫師的醫囑。倪醫師有可能説出 “短視頻”，“抖音” 這些不合他時代背景的名詞嗎？千萬不要輕信這些視頻，而搞壞自己的健康！</p>",
      "level": 0,
      "highlight": false,
      "children": [
        {
          "id": "de3e9563c7b08758ca506bfeec17e740",
          "author": "饽饽",
          "time": "2025年10月17日 05:44",
          "content": "<p>我也经常看到，虽然可以在视频下留言，但难免被删除。</p>",
          "level": 1,
          "highlight": false,
          "children": []
        }
      ]
    },
    {
      "id": "a738f21c6dd90ffe5625629f23d3e5bd",
      "author": "王悦晨",
      "time": "2025年10月15日 12:40",
      "content": "<p>宗恩老师不必让这种事影响自己的心情，我们支持你！</p>",
      "level": 0,
      "highlight": false,
      "children": []
    },
    {
      "id": "5448bf90157e33cdef06bb5d8a0df3ca",
      "author": "蓝羽",
      "time": "2025年10月15日 23:15",
      "content": "<p>AI合成倪师的视频B站也有，时不时会翻到，现在信息时代大爆炸时代反而造就了更强的信息茧房，从而造就了阶级固化</p>",
      "level": 0,
      "highlight": false,
      "children": []
    },
    {
      "id": "8034fbe4bda3254908004b8cd3682540",
      "author": "大爱倪师",
      "time": "2025年10月16日 01:53",
      "content": "<p>尊敬的李宗恩老师，我记得几年前在看博客的有一篇文章，下面有您回复过，您整理的倪海厦老师弟子人员名单。当时没有收藏起来，现在不知道，在哪一篇文章的回复下？希望再次能找到那篇文章，或者请求看到这个评论的其他朋友，如果能够知帮忙发一下，非常感谢。再次感谢李博士</p>",
      "level": 0,
      "highlight": false,
      "children": [
        {
          "id": "60961c1020487b1484eefd3b6a0f4e48",
          "author": "王悦晨",
          "time": "2025年10月16日 15:26",
          "content": "<p>网站和百度搜索就可以查到</p>",
          "level": 1,
          "highlight": false,
          "children": []
        },
        {
          "id": "09a5595b158aa592f73995bce460b6b2",
          "author": "王洪",
          "time": "2025年10月16日 18:31",
          "content": "<p><a href=\"https://andylee.pro/wp/?p=12407\" rel=\"ugc\">https://andylee.pro/wp/?p=12407</a></p>",
          "level": 1,
          "highlight": false,
          "children": [
            {
              "id": "019d2b05a711bf54b2f45275873f696c",
              "author": "大爱倪师",
              "time": "2025年10月16日 21:40",
              "content": "<p>感谢你❤️</p>",
              "level": 2,
              "highlight": false,
              "children": []
            }
          ]
        },
        {
          "id": "28c731d2cf35f812b5742c96dc392f6f",
          "author": "凤梨罐头",
          "time": "2025年10月26日 07:41",
          "content": "<p><a href=\"https://andylee.pro/wp/?p=12407\" rel=\"ugc\">https://andylee.pro/wp/?p=12407</a></p>",
          "level": 1,
          "highlight": false,
          "children": []
        }
      ]
    },
    {
      "id": "75c72ef943d4ab5fcedb4d642834f86c",
      "author": "西柚",
      "time": "2025年10月16日 07:26",
      "content": "<p>李医师，我想请教：日常学习或者是考试，您认为最合理、高效的学习方法是什么？</p>",
      "level": 0,
      "highlight": false,
      "children": [
        {
          "id": "9e5904d625d5b53fcc949a604ab6d8d3",
          "author": "李宗恩",
          "time": "2025年10月22日 10:53",
          "content": "<p>專心，少抱怨，加強預習及複習。</p>",
          "level": 1,
          "highlight": true,
          "children": []
        }
      ]
    },
    {
      "id": "087e2c5690086392739e347a44769586",
      "author": "飞樾",
      "time": "2025年10月16日 07:30",
      "content": "<p>李医师，我想请教您：日常学习或者是考试，您认为最合理、高效的学习方法是什么？</p>",
      "level": 0,
      "highlight": false,
      "children": []
    },
    {
      "id": "3988eea6c9e9016b8c3a08a02bdd4e1f",
      "author": "wrr",
      "time": "2025年10月17日 11:34",
      "content": "<p>李医生您好，想请教一下您，男生乳癌在左侧胸部，乳头内陷上假热下寒厥阴，睡眠不好，看了好多倪海厦老师的视频，中药用牡蛎 瓦楞子 柴胡  黄芩 防己 茯苓 黄连 川芎 炮附子，还说到乳癌根本原因在心脏可以用当归四逆汤加减，还有用大承气汤治乳癌，还有用真人活命饮做加减也可以治，治疗思路很多，我也不知道我到几期了，但是经常会感觉自己快不行了，想着看看能不能联系您那边远程治疗？</p>",
      "level": 0,
      "highlight": false,
      "children": [
        {
          "id": "e6906ab0f5499654db69164fd0fbef2e",
          "author": "器皿",
          "time": "2025年10月18日 08:41",
          "content": "<p>可以联系阳气诊所info@youngqi.com</p>",
          "level": 1,
          "highlight": false,
          "children": []
        },
        {
          "id": "739479274cb60e851c70e2dad7139e66",
          "author": "李宗恩",
          "time": "2025年10月22日 10:57",
          "content": "<p>有醫療需要，請聯絡診所info@youngQi.com。</p>",
          "level": 1,
          "highlight": true,
          "children": []
        }
      ]
    },
    {
      "id": "d30a4090b1de867439e9d294000a12f4",
      "author": "李有龙",
      "time": "2025年10月18日 02:15",
      "content": "<p>一样米养百样人。碰到这种人也是没办法的事！</p>",
      "level": 0,
      "highlight": false,
      "children": []
    },
    {
      "id": "c1f8c21efa919689b0936b08ae0aae23",
      "author": "辛夷",
      "time": "2025年10月20日 05:54",
      "content": "<p>李宗恩医师您好，我是您和倪师的私淑弟子，今年中医硕士毕业入职到了甘肃省中医院。医院都是以西医为主，中医为辅，走纯经方之路真的很难。虽然难，但我愿意坚持下去，我想去帮助更多的人。尤其在甘肃农村，很多老人看不起病，等到病很严重了才来看，西医治疗很局限，内科治疗以抗生素和激素为主，只是暂时压制住症状，后续只会越来越严重。世间多疾苦，您和倪师看不到的病人，我替你们去看。倪师人纪和您的临床医案、讲座是我学习中医的主要途径和动力。何其有幸，今生得遇倪师，得遇您！</p>",
      "level": 0,
      "highlight": false,
      "children": [
        {
          "id": "788a82d8b1e9680cb0fb0af2ea88199e",
          "author": "夏至",
          "time": "2025年10月22日 04:30",
          "content": "<p>我也为您的病人感谢您，您是一个有爱心的医生希望您能坚持不忘初心。</p>",
          "level": 1,
          "highlight": false,
          "children": []
        },
        {
          "id": "c52ed88f7c80e2f687694418e9768278",
          "author": "李宗恩",
          "time": "2025年10月22日 11:02",
          "content": "<p>謝謝你告訴我。</p>",
          "level": 1,
          "highlight": true,
          "children": []
        }
      ]
    },
    {
      "id": "2420ed577e095a9802d86e51fd2ac9be",
      "author": "仲文",
      "time": "2025年10月20日 19:33",
      "content": "<p>李醫生，我想请教一个針灸問題，您治療鼻窦炎時下針三皇穴以利水，那麼如果下針太白，足臨泣，利用甲己合化土，增強土的屬性來製水，會不會效果更好呢？</p>",
      "level": 0,
      "highlight": false,
      "children": [
        {
          "id": "42a268748382fb939825cec62ac79f52",
          "author": "李宗恩",
          "time": "2025年10月22日 11:03",
          "content": "<p>你可以試一試，比較看看。</p>",
          "level": 1,
          "highlight": true,
          "children": []
        }
      ]
    }
  ],
  "timestamp": 1762007725.9574747,
  "page": 1,
  "order": 5,
  "filename": "data\\page1\\page1_order5_9088b516232529a129e7b2d781120263.json"
}