{
  "article_url": "https://andylee.pro/wp/?p=9435",
  "title": "醫生的道德責任",
  "content": "<p>昨天遠程看診時，得知了一個很沒有醫德的事情，提出來警惕大家。這位病人還很年輕，成家不久，最近剛有一個小女兒。然而，病人兩三年前開始有憂鬱傾向，服用西藥效果不彰，改看中醫後也沒什麽改善。隨著工作及家庭的壓力增大，憂鬱情況加重，身體的問題也因而增加，這裡不舒服， 那裡不舒服。根據家人陳述，病人越來越懷疑自己得了什麽奇怪的病，好像失去了正常判斷的能力，甚至自我懷疑有了雙重人格。</p>\n<p>三個多月前，病人找到了一位宣稱自學倪海廈老師教材十多年的中醫師看診。這位中醫師告訴病人他有米粒狀的白痰，已經是癌症末期，肚臍兩側緊硬是癌症阻隔肺和大腸的交通，大腸開始病變，手臂腋下不適是肺癌移轉淋巴癌，其它的問題又是這個重症那個重症的，還刻意誤用一些倪老師的教學内容來説服病人。這位中醫師開給病人很重的藥方，一付藥中生附子三四十克、炮附子三四十克，再加生硫磺等等，不但病人沒有改善，反而把病情搞得更複雜了。這位中醫師的診斷及治療把病人嚇壞了，真的認定自己只剩幾個月可活了，每天被嚇得有很多負面想法，把全家人搞得天翻地覆的。</p>\n<p>我聽完病人的陳述，問了一些問題，直接告訴他「胡説八道、胡搞瞎搞」！病人太太隨即告訴我，上周病人才做了全身醫學影像及其它西醫檢查，根本沒有發現癌症或其它嚴重的問題。雖然西醫檢查正常不代表沒有健康問題，如果像這位中醫師診斷的那麽嚴重，西醫也一定早就可以檢測出來。然而，病人卻打死也不相信，寧可聽信他已經病危了，所以，病人家屬急著找我看診，希望讓病人知道他身體到底怎麽了。</p>\n<p>病人的詳細情況，我們就不討論了，這裡重點是醫生的道德責任。醫生和病人的關係是不對等的，一個是解決問題的專家，一個是尋求幫助的苦主，醫生無心的一句話都可能影響到病人的感受及病情發展，更何況是醫生無知或惡意的誤導。這位中醫師醫術不精，卻假藉倪老師的名聲來放大自己，對病人病情掌握不清，卻狂言病人癌末病危，這造成病人及家屬很大的傷害，是非常沒有醫德的行爲。</p>\n<p>許多人說當醫生是一種修行，是一條積聚功德的快速道路。然而，不要忘記，醫生也是很容易虧損功德及累積罪惡的一條路，爲了自己的虛名及利益，罔顧病人的托付，信口開河，傷害了病人及家屬，醫生很快會從老天給于學醫的榮幸（privilege）掉落到萬丈深淵裡，萬劫不復。</p>\n<p>那些在旁邊看戲的人，也不要慶幸。很多人喜歡當鄉愿，明明知道什麽人做了不當的事情，寧可當個爛好人，也不想得罪那些做惡的人，甚至還假裝不知道地和做惡的人交往，心想反正不關自己的事。真的事不關己嗎？世上的大惡，不是壞人造成的，而是一群沉默的爛好人導致的。鄉愿心態放縱了壞人，等到小惡成了大惡，不但讓自己掉入了深淵，連下一代也被拖了進去，這樣的罪惡不比當事人小多少！</p>",
  "article_time": "2021年01月15日 16:10",
  "comments": [
    {
      "id": "67a9db6b6a4a2a87c098d0947143f311",
      "author": "慕中",
      "time": "2021年01月16日 16:47",
      "content": "<p>倪师开生附印象中开到六钱就觉手软了 必须思考換方这里用到三四十克生附的话 确实誇大了自己有师承<br/>\n直言不諱 straight forward 是一个透明开放文化中的重要指标 可设想先落实在某个侷限的范畴內 有人手把手带着走 並有配套的獎励制度 描绘在系统中的成员只要合乎到这个指标 並有具体的行为一二三 便可得到推崇 这样的model在中医界应也是可期待的以李师良好的科技人背景 若着手擘畫这样的模式並推行之 则医药 科学 领导 管理兼备 定为吾等与后代之福 诚心祝愿</p>",
      "level": 0,
      "highlight": false,
      "children": []
    },
    {
      "id": "9d127d560b2e06aff965ff0c7891aaf1",
      "author": "Andrew Wong",
      "time": "2021年01月16日 22:46",
      "content": "<p>今天病人看診的挑战。。。<br/>\n如果是找西医看診，病人还可以去互联网找西医给的信息来证实.<br/>\n如果是找中医看診，挑战就特别多，因为中医用的医理，名词，就是去找互联网，看书本，病人看了还是不明白，什么是上火，肾虚，阴阳失调，。。等等。<br/>\n我建议大家多明白中医理论最基本的概念，才有能力和中医师交流中医师给的诊断。<br/>\n黄帝内经视频课程<br/>\n<a href=\"https://wp.me/Pas5EY-8c\" rel=\"nofollow ugc\">https://wp.me/Pas5EY-8c</a></p>",
      "level": 0,
      "highlight": false,
      "children": []
    },
    {
      "id": "16ce4f52fc3d2c914c3fb08dfd19ae77",
      "author": "tomo",
      "time": "2021年01月17日 15:28",
      "content": "<p>我能理解這位病人的心情，之前我也是被一位倪老師的學生看診，被告知快要罹癌了需要治療，害我心情受到很大的影響，整天胡思亂想。無論家人如何勸說，我也相信醫生不會騙我。還好我有上網找到李醫生的臉書，私訊請教您，才知道自己真的很蠢，那種看診方法根本不可能!  真的很感謝李醫師!</p>",
      "level": 0,
      "highlight": false,
      "children": []
    },
    {
      "id": "964cbe80d84a8c8596fcf682eed60ead",
      "author": "carey",
      "time": "2021年01月27日 12:48",
      "content": "<p>李博士的最后一段话直击心灵， 所谓的“中庸之人”太多， 其实就是烂好人， 事不关己高高挂起!<br/>\n虽然职场十多年了，看了许多听了许多， 但我在同事的眼里依然是个正直的人，<br/>\n我也很喜欢这样的自己， 心中无愧。</p>",
      "level": 0,
      "highlight": false,
      "children": []
    },
    {
      "id": "8d7ff062e111f5e83b980014ed311de0",
      "author": "陸仁賈",
      "time": "2021年02月15日 23:55",
      "content": "<p>“許多人說當醫生是一種修行”, 我看到李醫師寫得情況, 一邊要解決病人自己胡搞瞎搞的問題, 一邊還要忍住脾氣不發, 發現這根本不是修行, 是苦行….</p>",
      "level": 0,
      "highlight": false,
      "children": []
    },
    {
      "id": "0b5cb53a7645e2300c2927d8bd6b155d",
      "author": "許冬華",
      "time": "2021年05月16日 05:34",
      "content": "<p>李醫生如能開名更好，這種中醫敗類，是傷害中醫最深的人。根本不需要忌諱，開名直斥其非，不要讓甚他人受騙。</p>",
      "level": 0,
      "highlight": false,
      "children": []
    },
    {
      "id": "a952c7fd91c609d43b62a32e322c72e8",
      "author": "內經初學者",
      "time": "2023年03月04日 14:20",
      "content": "<p>如果當時有人在病人身邊， 用血餘炭後，還要注意什麼？</p>",
      "level": 0,
      "highlight": false,
      "children": [
        {
          "id": "b4326e14559ef5ac0423594a7d4325f2",
          "author": "內經初學者",
          "time": "2023年03月04日 16:56",
          "content": "<p>贴错地方了，应该是在《被中風毀掉的人生》的</p>",
          "level": 1,
          "highlight": false,
          "children": [
            {
              "id": "532c483e32c770d3a4b709034f9c4bfd",
              "author": "李宗恩",
              "time": "2023年03月13日 11:05",
              "content": "<p>不要認爲血餘炭就能解決中風。</p>",
              "level": 2,
              "highlight": true,
              "children": []
            }
          ]
        }
      ]
    }
  ],
  "page": 18,
  "order": 5,
  "filename": "data\\page18\\page18_order4_8d7ff062e111f5e83b980014ed311de0.json"
}