{
  "article_url": "https://andylee.pro/wp/?p=10185",
  "title": "寰宇新聞網：矽谷一家四口染疫 新冠肺炎中藥有解",
  "content": "<p><a href=\"http://globalnewstv.com.tw/202105/154412/\">http://globalnewstv.com.tw/202105/154412/</a></p>\n<p>【寰宇新聞網／綜合報導】</p>\n<p>台灣本土疫情爆發，導致醫療量能吃緊，許多輕症患者需要居家隔離，自我照護。衛福部緊急授權中藥「清冠 一號」，在台灣上市使用。而已經在美國成功治癒200多位確診病患的知名中醫師李宗恩，特別分享矽谷一家四口確診的實際案例，並提醒國人，清冠一號並非人人適用，還是需要經由醫生判斷後，才能服藥。</p>\n<figure class=\"wp-block-image size-large\"><a href=\"https://andylee.pro/wp/wp-content/uploads/2021/05/Screen-Shot-2021-05-31-at-9.08.38-AM.png\"><img alt=\"\" class=\"wp-image-10183\" decoding=\"async\" fetchpriority=\"high\" height=\"474\" sizes=\"(max-width: 851px) 100vw, 851px\" src=\"https://andylee.pro/wp/wp-content/uploads/2021/05/Screen-Shot-2021-05-31-at-9.08.38-AM.png\" srcset=\"https://andylee.pro/wp/wp-content/uploads/2021/05/Screen-Shot-2021-05-31-at-9.08.38-AM.png 851w, https://andylee.pro/wp/wp-content/uploads/2021/05/Screen-Shot-2021-05-31-at-9.08.38-AM-300x167.png 300w, https://andylee.pro/wp/wp-content/uploads/2021/05/Screen-Shot-2021-05-31-at-9.08.38-AM-768x428.png 768w\" width=\"851\"/></a></figure>\n<figure class=\"wp-block-embed is-type-video is-provider-youtube wp-block-embed-youtube wp-embed-aspect-16-9 wp-has-aspect-ratio\"><div class=\"wp-block-embed__wrapper\">\n<iframe allow=\"accelerometer; autoplay; clipboard-write; encrypted-media; gyroscope; picture-in-picture; web-share\" allowfullscreen=\"\" frameborder=\"0\" height=\"281\" referrerpolicy=\"strict-origin-when-cross-origin\" src=\"https://www.youtube.com/embed/R4viNum0am8?start=2&amp;feature=oembed\" title=\"矽谷一家四口染疫 新冠肺炎中藥有解｜寰宇新聞20210531\" width=\"500\"></iframe>\n</div></figure>",
  "article_time": "2021年05月31日 09:12",
  "comments": [
    {
      "id": "906eb43db56207dfae474e1c587483e6",
      "author": "Murphy",
      "time": "2021年05月31日 18:07",
      "content": "<p>感慨倪海廈醫師走的太早，若倪醫師還在一定會挺身而出化解這場瘟疫，中醫治病講求化解，不講對抗。可惜的是目前在台灣，中醫的聲音很微弱，很高興能看到美國以及台灣的中醫師能站出來給病患希望，若中醫的治癒率能越來越高，人們的恐懼也會消失。</p>",
      "level": 0,
      "highlight": false,
      "children": [
        {
          "id": "ca8b8f45d4cde975bc79f603b25e98af",
          "author": "刘海龙",
          "time": "2024年02月02日 21:21",
          "content": "<p>放心吧，倪师当年心中的一把火，现在已经燃成了熊熊大火！</p>",
          "level": 1,
          "highlight": false,
          "children": []
        }
      ]
    }
  ],
  "page": 18,
  "order": 5,
  "filename": "data\\page18\\page18_order4_9ebef2edfbe9287fe034fb3642b5893a.json"
}