{
  "article_url": "https://andylee.pro/wp/?p=11436",
  "title": "病人來函",
  "content": "<p>牛宝的恢复历程 — 感恩李宗恩医师</p>\n<figure class=\"wp-block-image size-full\"><a href=\"https://andylee.pro/wp/wp-content/uploads/2022/04/Screen-Shot-2022-04-03-at-8.35.04-AM.png\"><img alt=\"\" class=\"wp-image-11433\" decoding=\"async\" fetchpriority=\"high\" height=\"408\" sizes=\"(max-width: 823px) 100vw, 823px\" src=\"https://andylee.pro/wp/wp-content/uploads/2022/04/Screen-Shot-2022-04-03-at-8.35.04-AM.png\" srcset=\"https://andylee.pro/wp/wp-content/uploads/2022/04/Screen-Shot-2022-04-03-at-8.35.04-AM.png 823w, https://andylee.pro/wp/wp-content/uploads/2022/04/Screen-Shot-2022-04-03-at-8.35.04-AM-300x149.png 300w, https://andylee.pro/wp/wp-content/uploads/2022/04/Screen-Shot-2022-04-03-at-8.35.04-AM-768x381.png 768w\" width=\"823\"/></a></figure>\n<p>2021年6月，我和先生迎来了自己的孩子牛牛，一家人沉浸在喜悦当中。</p>\n<p>然而宝宝的身体在月子里就开始出现各种问题，出生第二天，宝宝就惊厥一次，当时以为是被他自己口水呛住了，我被吓得全身冒汗。以为只是一次小小的意外，但是同样的事情，没过多久又发生了两次。</p>\n<p>我开始反思，每次被“呛住”，都没有发生在喂奶或者喂水的时候，怎么就被“呛”到了呢？一定是其他原因，也许并不是被“呛”到。还来不及追究这个问题。孩子又接连出现一系列问题：不吃奶<meta charset=\"utf-8\"/>、长马牙、不排便、黄疸不退、发烧、体重不长、白天不睡觉、晚上易醒、盗汗严重、不长头发等等问题。与他同龄的宝宝已经长到12斤时，他还只有5.8斤，比出生时还要轻。</p>\n<figure class=\"wp-block-image size-full\"><a href=\"https://andylee.pro/wp/wp-content/uploads/2022/04/Screen-Shot-2022-04-03-at-8.35.22-AM.png\"><img alt=\"\" class=\"wp-image-11434\" decoding=\"async\" height=\"822\" sizes=\"(max-width: 966px) 100vw, 966px\" src=\"https://andylee.pro/wp/wp-content/uploads/2022/04/Screen-Shot-2022-04-03-at-8.35.22-AM.png\" srcset=\"https://andylee.pro/wp/wp-content/uploads/2022/04/Screen-Shot-2022-04-03-at-8.35.22-AM.png 966w, https://andylee.pro/wp/wp-content/uploads/2022/04/Screen-Shot-2022-04-03-at-8.35.22-AM-300x255.png 300w, https://andylee.pro/wp/wp-content/uploads/2022/04/Screen-Shot-2022-04-03-at-8.35.22-AM-768x654.png 768w\" width=\"966\"/></a></figure>\n<p>作为父母，我想给孩子找最好的医生，但是何为最好的医生？</p>\n<p>当孩子长马牙时，我微信上咨询一位儿科主任，她的回答是：“百分之八九十的孩子都会长，不用处理，自己就会好。”可是孩子因为马牙，疼痛哭闹不止，不吃奶，也不用管吗？</p>\n<p>当孩子不睡觉，肠绞痛，七八天不拉排便时，周围的人都说，这是正常现象，属于“二月闹”、“攒肚子”、“精神太好”、“天生脾气比较大”而已。</p>\n<p>孩子体重不增加，黄疸三四个月不退，医生说，应该添加奶粉、辅食、照蓝光。</p>\n<p>这些言论让我心生疑惑，看似有道理却又互相矛盾，含糊其辞。我彻底对西医的治疗方法感到绝望。</p>\n<p>我决定选择中医治疗，好不容易打听到一位很有名的民间中医，但是他的方法是让孩子辟谷一周、吃全蝎粉、断夜奶、扎针、放血、每天艾灸两小时等方式。虽然我知道对于一个小宝宝来说，这样的方式非常残忍，但是咬咬牙，还是选择了这样的治疗。</p>\n<p>一系列下来，宝宝感觉恢复了不少，但是依然存在白天不睡觉、易哭闹、盗汗、流口水、体重增长缓慢、便秘、打惊等问题，体重经过辟谷七八天来，降了两斤。</p>\n<p>想到中医治疗，需要慢慢恢复，慢慢调理，所以也就不那么着急和担心了。</p>\n<p>一次偶然，在抖音上看到倪海厦老师的视频，我感觉到一种莫名的亲切感。也许是命中注定，先生有一次半夜醒来，给宝宝热完奶后，在网上看到倪师的介绍，看完后，真正明白正统中医的治疗，应该是立竿见影的。</p>\n<p>第二天，我们便全面了解倪师，进而了解到李宗恩医师，找到李医师的微博，找到诊所的邮箱、挂号、等待。</p>\n<p>终于在2022.1.18日，见到了李医师，用先生的话说，整个看诊过程如沐春风。李医师的医德医风，给我留下了深刻的印象。李医师给我们开了几味中药，叮嘱我们用最好的麦芽糖，由于对市面上的麦芽糖不放心，我们便自己亲自发麦芽，做了两瓶麦芽糖。</p>\n<p>喝上中药后，宝宝变化非常大，以前三小时必须哭闹吃奶，现在四五个小时不会找吃的，白天一觉能睡两个半小时，上下午都会美美的睡一觉。虽然吃得少了，但是体重却增长迅速，从瘦瘦干干，逆袭为肥肥胖胖，比同龄好多宝宝都胖了。</p>\n<figure class=\"wp-block-image size-full\"><a href=\"https://andylee.pro/wp/wp-content/uploads/2022/04/Screen-Shot-2022-04-03-at-8.35.42-AM.png\"><img alt=\"\" class=\"wp-image-11435\" decoding=\"async\" height=\"799\" sizes=\"(max-width: 775px) 100vw, 775px\" src=\"https://andylee.pro/wp/wp-content/uploads/2022/04/Screen-Shot-2022-04-03-at-8.35.42-AM.png\" srcset=\"https://andylee.pro/wp/wp-content/uploads/2022/04/Screen-Shot-2022-04-03-at-8.35.42-AM.png 775w, https://andylee.pro/wp/wp-content/uploads/2022/04/Screen-Shot-2022-04-03-at-8.35.42-AM-291x300.png 291w, https://andylee.pro/wp/wp-content/uploads/2022/04/Screen-Shot-2022-04-03-at-8.35.42-AM-768x792.png 768w\" width=\"775\"/></a></figure>\n<p>复诊时，李医师还强调，不能长得太胖了，多陪他玩，多让他运动。宝宝恢复好了，一家人都轻松下来了，这个让人操心的牛宝宝，终于变成了天使宝宝，给我们带来无尽的欢声笑语。</p>\n<p>自此，我和先生也决定追随倪师及李医师的脚步，潜心研习经方。</p>\n<p>感恩倪师，感恩李医师，感恩古圣先贤留下的中医瑰宝！</p>",
  "article_time": "2022年04月03日 10:46",
  "comments": [
    {
      "id": "59258536a6f3c29324de25c01120ec82",
      "author": "內經初學者",
      "time": "2022年04月03日 20:29",
      "content": "<p>這對年輕的父母印證了古人的一句話：“為人子女者，不知醫為不孝；為人父母者，不知醫為不慈”。</p>\n<p>李醫師，是什麼原因使得這個牛寶寶有一系列的問題？</p>",
      "level": 0,
      "highlight": false,
      "children": []
    },
    {
      "id": "b063b84c945170c5d1cf583c96ef3c48",
      "author": "永恒的爱恋",
      "time": "2022年04月04日 05:30",
      "content": "<p>李博士是开了小建中汤吗</p>",
      "level": 0,
      "highlight": false,
      "children": [
        {
          "id": "8543e742565e57a97c43f6795c3b4a1f",
          "author": "李宗恩",
          "time": "2022年04月11日 11:37",
          "content": "<p>有小建中湯的成分。</p>",
          "level": 1,
          "highlight": true,
          "children": [
            {
              "id": "937381c01e4e7fc1906d6913ac7b6835",
              "author": "敬征",
              "time": "2022年06月25日 09:51",
              "content": "<p>您好！ 李宗恩医生。请问我在中国能有什么方式联系您给孩子看病吗？</p>",
              "level": 2,
              "highlight": false,
              "children": [
                {
                  "id": "32930d0b89feeb3ee8c51ad4dd8c62bd",
                  "author": "李宗恩",
                  "time": "2022年06月29日 09:46",
                  "content": "<p>請聯絡診所info@youngQi.com，不過，目前遠程新病人可能得等到明年。</p>",
                  "level": 3,
                  "highlight": true,
                  "children": []
                }
              ]
            }
          ]
        }
      ]
    },
    {
      "id": "ee05b31bcb08f42970fe1b7b2993c4fa",
      "author": "carey",
      "time": "2022年04月05日 18:48",
      "content": "<p>好厲害！照片上完全不同的狀態！<br/>\n做有智慧的家長是多麽的難能可貴！</p>",
      "level": 0,
      "highlight": false,
      "children": []
    },
    {
      "id": "d4a9a631fb0ea652b9e9b590e3dbdbc4",
      "author": "芳菲",
      "time": "2022年04月07日 02:20",
      "content": "<p>李医师可以说下病因和治疗思路吗？以及如何辩证的，想学又困惑，无人解惑。</p>",
      "level": 0,
      "highlight": false,
      "children": [
        {
          "id": "3d7c23681e955fcdb476831c1b4d5319",
          "author": "李宗恩",
          "time": "2022年04月11日 11:40",
          "content": "<p>以後有時間再解釋，這篇文章只是把病人來函分享給大家。</p>",
          "level": 1,
          "highlight": true,
          "children": [
            {
              "id": "af349065682e511f1401ed34bf47657f",
              "author": "Helen",
              "time": "2022年04月19日 08:44",
              "content": "<p>期待您对这个案例的分析讲解</p>",
              "level": 2,
              "highlight": false,
              "children": []
            }
          ]
        }
      ]
    },
    {
      "id": "7c1dc47fcf4cc179ffd9e354e346d510",
      "author": "暗香疏影",
      "time": "2024年03月21日 21:32",
      "content": "<p>博士讲过如果不是什么特殊情况导致，一般孩子的问题从脾胃着手，因为脾胃为后天之本，这里有两个问题请教博士，1: 新生儿出生最普遍的问题就是黄疸和胃脾虚弱，这是不是应该和母体关系比较密切？母亲本身就有肝胆问题和孕期喜食冷、寒之品的习惯。2:这个马牙（刚刚网上搜了一下照片，密集恐惧症患者表示看了背后脊梁骨发毛）是什么原因呢？不管起因是脾胃影响肾，还是肾连累脾胃,肯定和肾有关（肾主骨），是不是在该长牙的阶段由于脾胃虚弱没长对地方（脾主肌肉）？错长的是不是还要拔掉？</p>",
      "level": 0,
      "highlight": false,
      "children": []
    }
  ],
  "page": 12,
  "order": 3,
  "filename": "data\\page12\\page12_order2_8543e742565e57a97c43f6795c3b4a1f.json"
}