{
  "article_url": "https://andylee.pro/wp/?p=11906",
  "title": "中醫淺談系列之一：脈診及回答問題",
  "content": "<figure class=\"wp-block-image size-full\"><a href=\"https://andylee.pro/wp/wp-content/uploads/2022/09/mmexport1663258076178.png\"><img alt=\"\" class=\"wp-image-11905\" decoding=\"async\" fetchpriority=\"high\" height=\"977\" sizes=\"(max-width: 580px) 100vw, 580px\" src=\"https://andylee.pro/wp/wp-content/uploads/2022/09/mmexport1663258076178.png\" srcset=\"https://andylee.pro/wp/wp-content/uploads/2022/09/mmexport1663258076178.png 580w, https://andylee.pro/wp/wp-content/uploads/2022/09/mmexport1663258076178-178x300.png 178w\" width=\"580\"/></a></figure>\n<p><strong>時間：</strong>加州時間9月24日周六下午7pm / 北京時間9月25日周日上午10am</p>\n<p><strong>內容：</strong>脈診及回答問題</p>\n<p><strong>主辦單位：</strong>岐黃聖賢智慧公益學習平台</p>\n<p><strong>觀看直播通過方式預約：</strong></p>\n<p>用微信（WeChat）掃描圖片中的二維碼，點擊預約直播，屆時進入微信視頻號觀看直播。</p>\n<p><strong>簡介：</strong></p>\n<p>脈診，在許多中醫愛好者心中帶有神秘的色彩，也為許多人過度渲染。然而，明朝李時珍撰寫「瀕湖脈學」時，開宗明義，在序文中直言「世之醫病兩家，咸以脈為首務，不知脈乃四診之末，謂之巧者爾，上士欲會其全，非備四診不可」。如果醫家以爲單憑脈診就可以深入了解病情，多半是缺乏臨床治療複雜病症及急重症的經驗，或者流為紙上談兵的中醫訓詁學家。</p>\n<p>不過，脈診依然有其重要性，提供更多的資訊給醫家思考，讓診斷更加完善。李時珍爲了正視聽，寫下了「瀕湖脈學」，其中列舉了「浮、沈、遲、數、滑、澀、虛、實、長、短、洪、微、緊、緩、孔、弦、革、牢、濡、弱、散、細、伏、動、促、結、代」27種脈象。 後代醫家也多有著作闡述脈學，現代人更延伸各種理論，提出所謂的三層脈五層脈等，甚至西傳歐美，譬如美國西醫Dr. Leon Hammer寫了一本厚達八百多頁的「飛龍脈學」(“Chinese Pulse Diagnosis – A Contemporary Approach”)。然而，絕大多數的脈診解釋都是「條例式」，這個位置代表哪個臟腑，那個脈型代表哪個問題，缺乏整體的核心思維，往往讓人穿鑿附會、各説各話，到頭來連「四診之末」都無法勝任。</p>\n<p>其實，脈診可以不用那麽虛無縹緲、玄而又玄。這次網上講座，我們以現代流體力學的概念來探討寸口脈的意義及表徵，思考如何連接中醫古籍的闡述，建立脈診的核心思維。如此就不僅僅是寸關尺、浮中沉幾個部位，也不僅僅是27種脈象，而是一個連續的思維空間。同時，也可以理解爲什麽脈診是反應身體某部分的可能狀態，而非直接定論某個臟腑的絕對問題，以及在「脈症不合」的情況下，知道該如何思考與解釋。</p>\n<figure class=\"wp-block-image size-full\"><a href=\"https://andylee.pro/wp/wp-content/uploads/2013/09/pulse-011.jpg\"><img alt=\"\" class=\"wp-image-99\" decoding=\"async\" height=\"244\" src=\"https://andylee.pro/wp/wp-content/uploads/2013/09/pulse-011.jpg\" width=\"291\"/></a><figcaption class=\"wp-element-caption\">圖表 1 – 立體圖</figcaption></figure>\n<figure class=\"wp-block-image size-full\"><a href=\"https://andylee.pro/wp/wp-content/uploads/2013/09/pulse-02.jpg\"><img alt=\"\" class=\"wp-image-96\" decoding=\"async\" height=\"210\" src=\"https://andylee.pro/wp/wp-content/uploads/2013/09/pulse-02.jpg\" width=\"289\"/></a><figcaption class=\"wp-element-caption\">圖表 2 – 側視圖</figcaption></figure>\n<figure class=\"wp-block-image size-full\"><a href=\"https://andylee.pro/wp/wp-content/uploads/2013/09/pulse-03.jpg\"><img alt=\"\" class=\"wp-image-97\" decoding=\"async\" height=\"203\" loading=\"lazy\" src=\"https://andylee.pro/wp/wp-content/uploads/2013/09/pulse-03.jpg\" width=\"280\"/></a><figcaption class=\"wp-element-caption\">圖表 3 – 上視圖</figcaption></figure>\n<figure class=\"wp-block-image size-full\"><a href=\"https://andylee.pro/wp/wp-content/uploads/2013/09/pulse-04.jpg\"><img alt=\"\" class=\"wp-image-98\" decoding=\"async\" height=\"202\" loading=\"lazy\" src=\"https://andylee.pro/wp/wp-content/uploads/2013/09/pulse-04.jpg\" width=\"234\"/></a><figcaption class=\"wp-element-caption\">圖表 4 – 剖面圖</figcaption></figure>\n<div class=\"wp-block-file\" data-wp-interactive=\"core/file\"><object aria-label=\"脈診現代淺釋 的嵌入內容。\" class=\"wp-block-file__embed\" data=\"https://andylee.pro/wp/wp-content/uploads/2022/11/脈診現代淺釋.pdf\" data-wp-bind--hidden=\"!state.hasPdfPreview\" hidden=\"\" style=\"width:100%;height:600px\" type=\"application/pdf\"></object><a href=\"https://andylee.pro/wp/wp-content/uploads/2022/11/脈診現代淺釋.pdf\" id=\"wp-block-file--media-bc7efa13-b74d-471c-be15-219b11458452\">脈診現代淺釋</a><a aria-describedby=\"wp-block-file--media-bc7efa13-b74d-471c-be15-219b11458452\" class=\"wp-block-file__button wp-element-button\" download=\"\" href=\"https://andylee.pro/wp/wp-content/uploads/2022/11/脈診現代淺釋.pdf\">下載</a></div>",
  "article_time": "2022年09月15日 11:25",
  "comments": [
    {
      "id": "7b6b1b3d3346da5ccaeb5e541539747f",
      "author": "明辰",
      "time": "2022年09月15日 18:45",
      "content": "<p>李老师您好，请问，我爸59岁静脉曲张很多年了，服用了汉唐系列HT-60　强力天青丸，买的仙丰的，吃了一瓶没有任何效果，我爸觉得没有效想要做手术，我在倪师的视频里看到这个药是，白芍附子甘草汤，是否可以继续吃来看一下效果呢？您应该不建议手术治疗是吧，吃这个时不考虑其他症状加减也可以是吧，望百忙之中可以给予答疑解惑，非常感谢</p>",
      "level": 0,
      "highlight": false,
      "children": [
        {
          "id": "b1fe6c33cfd67bb9e2b915a657f95ca7",
          "author": "李宗恩",
          "time": "2022年10月04日 09:14",
          "content": "<p>不是靜脈曲張就服用天青丸、白芍附子甘草湯等等，而是得深入了解病人身體背後的原因，自己亂服用，是本末倒置。</p>",
          "level": 1,
          "highlight": true,
          "children": []
        }
      ]
    },
    {
      "id": "e3c93eb2ea0ecca4e02f6610fe12de26",
      "author": "zjr",
      "time": "2022年09月18日 08:30",
      "content": "<p>wechat扫描二维码是千聊公众号，没有直播预约界面吖？</p>",
      "level": 0,
      "highlight": false,
      "children": [
        {
          "id": "6a09cc096838b241ae404bb5d420d7dc",
          "author": "Tommy",
          "time": "2022年09月19日 03:41",
          "content": "<p>直播在千聊平台里，需要关注千聊公众号，再通过点击扫码之后出现的对话链接进去收听或者预约。</p>",
          "level": 1,
          "highlight": false,
          "children": []
        }
      ]
    },
    {
      "id": "8c69181dbd325de471c70d6a5ed8502e",
      "author": "kerry",
      "time": "2022年09月18日 08:33",
      "content": "<p>wechat扫描之后是千聊公众号吖怎么回事呢？没有显示直播预约的界面，是因为没有连外网吗？</p>",
      "level": 0,
      "highlight": false,
      "children": []
    },
    {
      "id": "7bc90eba2c835aab213b883bcf1fd84b",
      "author": "高先生",
      "time": "2022年09月20日 01:57",
      "content": "<p>李师您好：我患有西医讲的“血小板增多症”，我想传统中医一定可以治疗，但苦于寻不到名师。今有缘看到您的文章，知您是中医高人。恳请您推荐治疗“血小板增多症”的经方，或推荐可以治疗此病的大陆医师。万分感谢！</p>",
      "level": 0,
      "highlight": false,
      "children": []
    },
    {
      "id": "e04fdeae816f34b31bb92c25a6bc385a",
      "author": "高先生",
      "time": "2022年09月20日 02:12",
      "content": "<p>现在的症状：人很消瘦，怕冷。容易疲倦、乏力。吃一点生冷的食物就肠胃不适。血小板500左右，血红蛋白和红细胞有一点偏低。</p>",
      "level": 0,
      "highlight": false,
      "children": []
    },
    {
      "id": "f0540bd84b31b5e1a686e2419e132247",
      "author": "秦嗷嗷",
      "time": "2022年09月24日 19:40",
      "content": "<p>李老师，想问一下“女性左主血右主气，男性左主气右主血”的说法成立嘛？谢谢！</p>",
      "level": 0,
      "highlight": false,
      "children": [
        {
          "id": "3309d03d507fe50dda802d6e00734c1b",
          "author": "秦嗷嗷",
          "time": "2022年09月24日 19:41",
          "content": "<p>指的是脉诊</p>",
          "level": 1,
          "highlight": false,
          "children": []
        },
        {
          "id": "5686cfc2893bf4dc980c172bbb67f62f",
          "author": "李宗恩",
          "time": "2022年10月04日 09:19",
          "content": "<p>不成立。</p>",
          "level": 1,
          "highlight": true,
          "children": []
        }
      ]
    },
    {
      "id": "25af29ac13e530d643ec2e8cdb80b047",
      "author": "Vincent.Do",
      "time": "2022年09月27日 16:57",
      "content": "<p>真心期待宗恩老师早日正式开课，与倪师一样传道授业。用正确的医学给大众正确的观念。</p>",
      "level": 0,
      "highlight": false,
      "children": [
        {
          "id": "74e880c1770a28268c52fb7dede1dded",
          "author": "李宗恩",
          "time": "2022年10月04日 10:25",
          "content": "<p>謝謝你的支持及鼓勵。</p>",
          "level": 1,
          "highlight": true,
          "children": []
        }
      ]
    },
    {
      "id": "ab41153fcca47bf09e780c519f13b7a5",
      "author": "YcLin",
      "time": "2022年09月28日 12:21",
      "content": "<p>李医师您好，请问小孩多大可以吃中药呢？西医说婴儿要4个月后才可以吃中药，因为那时候肝肾功能才发育比较完善，中药也是要经过肝肾代谢的，如果4个月内吃会对肝肾不利，是不是这样呢？</p>",
      "level": 0,
      "highlight": false,
      "children": [
        {
          "id": "269bf7517659eb2ff485c6b00e12d9db",
          "author": "李宗恩",
          "time": "2022年10月04日 10:28",
          "content": "<p>嬰兒得使用很輕的藥材及劑量，但沒有什麽四個月後才能服用中藥的道理，食物也要經過肝腎代謝，那麽是不是不能給嬰兒任何食物？</p>",
          "level": 1,
          "highlight": true,
          "children": []
        }
      ]
    },
    {
      "id": "890e59662518e95df8328f650771d775",
      "author": "闫党康",
      "time": "2022年10月08日 22:40",
      "content": "<p>李宗恩老师好：</p>\n<p>  直播中听到您说“做学问”这件事，有所感触，又颇感许多新入门的朋友做学问却不太会“问”问题，在此推荐一篇来自github的帖子“https://github.com/ryanhanwu/How-To-Ask-Questions-The-Smart-Way/blob/main/README.md”；以此希望中医学子高效提问并可节约时间，使得大家受益。</p>\n<p>  此外，再次感谢您的公益直播，受益良多！</p>",
      "level": 0,
      "highlight": false,
      "children": [
        {
          "id": "d4fbac6f7eb88e59a5be692e939018c9",
          "author": "ieitZYB",
          "time": "2022年10月09日 16:32",
          "content": "<p>github的理科生 🙂</p>",
          "level": 1,
          "highlight": false,
          "children": []
        },
        {
          "id": "287ac4a98c500847bb4688a0aa5c5bbd",
          "author": "李宗恩",
          "time": "2022年10月10日 15:08",
          "content": "<p>謝謝你的分享！</p>",
          "level": 1,
          "highlight": true,
          "children": []
        }
      ]
    },
    {
      "id": "926e66004eae55690a0924fbd7820cea",
      "author": "陆明",
      "time": "2022年10月13日 17:24",
      "content": "<p>李老师您好，我是一个中医爱好者，最近我晚上阴颈长时间勃起，有3个小时，很硬，我会揭开被子晾一晾用意念让下去，疲软以后，会感觉阴颈很累有微微的疼痛感，这个在中医怎么解释，和治疗，谢谢！</p>",
      "level": 0,
      "highlight": false,
      "children": [
        {
          "id": "525c7c85e3580f1a4a7984e4a53e09bf",
          "author": "李宗恩",
          "time": "2022年10月19日 11:03",
          "content": "<p>最常看到的原因是腎陰虛時，雖然腎陽也虛了，但相對而言卻陽不能內收而陽亢，常見於性行為或手淫過度的病人。</p>",
          "level": 1,
          "highlight": true,
          "children": [
            {
              "id": "92e911306a32c0a51393a06e58bed68e",
              "author": "陆明",
              "time": "2022年11月03日 07:10",
              "content": "<p>谢谢，李医生，受你启发，单味菟丝子，30克，每次10克，泡水三天，搞定。</p>",
              "level": 2,
              "highlight": false,
              "children": [
                {
                  "id": "104e64842f73bd95574a8270be232eee",
                  "author": "李宗恩",
                  "time": "2022年11月10日 12:02",
                  "content": "<p>不錯，謝謝你分享結果。</p>",
                  "level": 3,
                  "highlight": true,
                  "children": []
                }
              ]
            }
          ]
        }
      ]
    }
  ],
  "page": 12,
  "order": 10,
  "filename": "data\\page12\\page12_order9_5686cfc2893bf4dc980c172bbb67f62f.json"
}