{
  "article_url": "https://andylee.pro/wp/?p=12015",
  "title": "第十二届國際經方班 授課内容",
  "content": "<p>廣州中醫藥大學將於11月26日至28日舉辦第十二届國際經方班，這是我第四次應邀參與國際經方班的教學演講。因為中國大陸目前在新冠疫情管控下，非廣州中醫藥大學師生只能線上參加，海外授課專家亦改為事先錄製演講內容。鑑於主辦單位將無需教育學分的線上參加改為公益教學，不收取費用，同時許多非中國大陸的讀者反饋不易登錄該教學平台，所以我把這次預錄的演講內容上傳，讓更多的讀者可以觀看。</p>\n<figure class=\"wp-block-video\"><video controls=\"\" src=\"https://andylee.pro/wp/wp-content/uploads/2022/11/李宗恩-第十二届國際經方班.mp4\"></video></figure>\n<div class=\"wp-block-file\" data-wp-interactive=\"core/file\"><object aria-label=\"第十二届國際經方班 的嵌入內容。\" class=\"wp-block-file__embed\" data=\"https://andylee.pro/wp/wp-content/uploads/2022/11/第十二届國際經方班.pdf\" data-wp-bind--hidden=\"!state.hasPdfPreview\" hidden=\"\" style=\"width:100%;height:600px\" type=\"application/pdf\"></object><a href=\"https://andylee.pro/wp/wp-content/uploads/2022/11/第十二届國際經方班.pdf\" id=\"wp-block-file--media-635360a8-269f-452e-95df-55815006fb27\">第十二届國際經方班</a><a aria-describedby=\"wp-block-file--media-635360a8-269f-452e-95df-55815006fb27\" class=\"wp-block-file__button wp-element-button\" download=\"\" href=\"https://andylee.pro/wp/wp-content/uploads/2022/11/第十二届國際經方班.pdf\">下載</a></div>",
  "article_time": "2022年11月23日 10:00",
  "comments": [
    {
      "id": "1af89d4798b9b80b8b1355ef304275be",
      "author": "魯豆腐",
      "time": "2022年11月23日 16:46",
      "content": "<p>感謝Dr.李普及化中醫的佛心</p>",
      "level": 0,
      "highlight": false,
      "children": []
    },
    {
      "id": "4a5dd9435c5723dc0a57f35bd34460b0",
      "author": "T3",
      "time": "2022年11月23日 21:11",
      "content": "<p>感谢李医师的无私分享！</p>",
      "level": 0,
      "highlight": false,
      "children": []
    },
    {
      "id": "b1bb8b30bb1570250ab8c9165ae70a34",
      "author": "Dking",
      "time": "2022年11月24日 17:42",
      "content": "<p>感谢李医生的无私奉献！</p>",
      "level": 0,
      "highlight": false,
      "children": [
        {
          "id": "d8aaedb8f828b52c4e91a7a57a2526a1",
          "author": "李宗恩",
          "time": "2022年11月27日 21:06",
          "content": "<p>謝謝你的支持及鼓勵。</p>",
          "level": 1,
          "highlight": true,
          "children": [
            {
              "id": "5b8a9feab66f3a2e17a8e0b6c38ef5cd",
              "author": "徐君锋",
              "time": "2022年11月28日 07:16",
              "content": "<p>您好，李老师<br/>\n求购，倪海厦正版书籍的渠道。最好能在国内买到。有电话号码最好。<br/>\n父母有病，自学自治，因为中医院开药一大堆无效后，不得已自学13533477727</p>",
              "level": 2,
              "highlight": false,
              "children": [
                {
                  "id": "635be69b1ae40a46db65e38296ebaef0",
                  "author": "徐君锋",
                  "time": "2022年11月28日 21:50",
                  "content": "<p>13523477727</p>",
                  "level": 3,
                  "highlight": false,
                  "children": []
                }
              ]
            },
            {
              "id": "3df8af5aa499f24c9b7b14c928fdb14f",
              "author": "徐君锋",
              "time": "2022年11月28日 07:24",
              "content": "<p>您好大夫，<br/>\n求倪海厦正版书籍购买渠道，最好有电话号码的渠道。<br/>\n因为家人有病，中医院要求切片化验才开中药方，且治疗无效。不愿温病派治疗，又找不到经方家，无奈自学自治。</p>",
              "level": 2,
              "highlight": false,
              "children": []
            },
            {
              "id": "b010ec4f45924385732cab4e84477b06",
              "author": "张欢欢",
              "time": "2022年12月06日 20:28",
              "content": "<p>李博士，您好。我来自江苏常州金坛，父亲有高血压长期服用降压药，我没有更好的办法让他不再吃药，我父亲也知道以后可能会引起中风，我们周边的中医寥寥无几，我自己也有月经不调的问题，吃了十几副中药也没有好转，不得已，向远在他国的您求助。对于父亲的高血压症状应该要怎么办。</p>",
              "level": 2,
              "highlight": false,
              "children": [
                {
                  "id": "89a411b91e69c468b4cc430d8899d02f",
                  "author": "ieitZYB",
                  "time": "2022年12月07日 19:14",
                  "content": "<p>当代悲剧，在曾经的所谓“孟河医派”核心区，倪师敬重的江阴曹颖甫也在河对面，却找不到可靠的中医师。</p>",
                  "level": 3,
                  "highlight": false,
                  "children": []
                },
                {
                  "id": "fb7134092431bde72071544584fbd423",
                  "author": "李宗恩",
                  "time": "2022年12月07日 20:36",
                  "content": "<p>有醫療需要，請聯絡診所 <a href=\"mailto:info@youngQi.com\">info@youngQi.com</a></p>",
                  "level": 3,
                  "highlight": true,
                  "children": []
                }
              ]
            }
          ]
        }
      ]
    },
    {
      "id": "13c5bfadf93d60f934165e9a1d88faed",
      "author": "劉鵬雲",
      "time": "2022年11月25日 12:19",
      "content": "<p>看到周左宇先生說過，凡是救人之事，不必保留，大愛李師。感謝。</p>",
      "level": 0,
      "highlight": false,
      "children": [
        {
          "id": "0b25754f6ca8a54ac3ecab02e2fe53de",
          "author": "李宗恩",
          "time": "2022年11月27日 21:06",
          "content": "<p>謝謝你的支持及鼓勵。</p>",
          "level": 1,
          "highlight": true,
          "children": []
        }
      ]
    },
    {
      "id": "1708330350522bd7fc7aeb1e157e0348",
      "author": "Vincent.Do",
      "time": "2022年11月25日 17:49",
      "content": "<p>感谢李老师的无私大爱！授人玫瑰，必手留余香。</p>",
      "level": 0,
      "highlight": false,
      "children": [
        {
          "id": "a426db7010a006053c8fc4f42be29bfe",
          "author": "李宗恩",
          "time": "2022年11月27日 21:10",
          "content": "<p>謝謝你的支持及鼓勵。</p>",
          "level": 1,
          "highlight": true,
          "children": []
        }
      ]
    },
    {
      "id": "486a2ac0a813561e34d7ad9636bf7b23",
      "author": "古中医",
      "time": "2022年11月26日 05:07",
      "content": "<p>李老师，不知道是不是我错觉，刚开始视频播放的时候感觉您的嘴巴有点歪了，是否是一侧背部受了凉，保重身体，祝您身体健康</p>",
      "level": 0,
      "highlight": false,
      "children": [
        {
          "id": "3d5bb48171815cb99f32983a1f9d2e81",
          "author": "李宗恩",
          "time": "2022年11月27日 21:10",
          "content": "<p>謝謝你的關心，那是拔牙的關係。</p>",
          "level": 1,
          "highlight": true,
          "children": [
            {
              "id": "156530a01023ca2493283b650ba56297",
              "author": "gordon",
              "time": "2022年12月03日 05:54",
              "content": "<p>李醫師，請問牙痛用中醫藥怎麽治療？一般很多人都是牙肉腫痛。</p>",
              "level": 2,
              "highlight": false,
              "children": [
                {
                  "id": "6f8b8a8b3ba7508702adf24fac7e0b7f",
                  "author": "李宗恩",
                  "time": "2022年12月05日 13:31",
                  "content": "<p>一般情況下可以使用牙粉，但重點是身體哪裏出了問題，導致牙肉腫痛，得去瞭解來治療。</p>",
                  "level": 3,
                  "highlight": true,
                  "children": []
                }
              ]
            },
            {
              "id": "d34ae35b1211098beb1f1d07a0771d5e",
              "author": "gkr",
              "time": "2023年10月06日 03:26",
              "content": "<p>李医生是牙齿出问题了吗，我之前看到过一个牙齿的方子，好像很好。然后毛邓时代的赤脚医生也有提到过，我把他们讲的分享给你，<br/>\n“固齿神方”，此方缘于《陈修园医书七十二种》一书。<br/>\n治牙之方甚多，苦无大效。昔有人四十后病齿，大牙已脱三个，遇德州鲁南石相国之弟传此方，用之动者复固，齿病遂除，既冬月食火锅并煎炒等物，牙缝里出疙瘩，用此末多擦一二次，旋既消减，真第一效方也。若于三四十岁既用之，无间断，可保至老不脱，永免牙患。有此神方，诸方可废也。”<br/>\n《陈修园医书七十二种》还公开了“固齿神方”的配方用量及制作方法。<br/>\n青盐五钱 石膏五钱 补骨脂四钱制（青盐炒）  花椒一钱五分去目 白芷一钱五分 南薄荷二钱五分 旱莲草二钱五分 防风二钱五分 细辛一钱五分<br/>\n共为细末。每早洗脸后擦牙。用水频漱吐之。治牙陈方甚多。苦无大效。昔有人四十后病齿。大牙已脱三个。遇德州庐南石相国之弟。传此方用之。动者复固。齿病遂除。即冬月食火锅并煎炒等物。牙缝里出疙瘩。用此末多檫一二次。旋即消灭。真第一效验方也。若于三四十岁即用之无间断，可保至老不脱。永无牙患。有此神方。诸方可废矣。</p>\n<p>在华医学会如皋分会与江苏省如皋县中医院于1981年合编的《餐菊轩医辑》中也有记录：这一章说：<br/>\n俗说:“千方易得,一效难求”﹐诚如治牙疼,成方甚多，苦无大效。昔有人病齿，大牙已脱三个，即以此方用之，动者复固,齿病遂除。余历年病齿,剧痛时不可忍受，常乞怜干止痛片,仅能暂缓其势，又恒用没石子含置,亦取效于一时，万不得已则拔之，遇痛即拔，终非善策，乃检箧中录存有固齿良方照方配用,颍著神奇,三年多来,齿病非独未发，而动者亦固。经验有据，始介绍于诸同好,益广流布。<br/>\n一、本方来源 山东德州卢南石相国之弟传。（见《陈修园七十二种》有方无论。）原书载::“若三四十岁之人，用之无阀断,其牙可保至老不脱，永免牙患,有此神方,他方可废矣”.<br/>\n.二、药品组成<br/>\n青盐15克.生石膏15克 制补骨脂12克 花椒(去目)5克 白芷5克 防风8克 薄荷叶8克 旱壁草8克 细辛5克 上药生晒，研为细末<br/>\n3.方药诠释，这个我觉得不辑录也可以，李医生的本草很厉害自己能有理解。<br/>\n四、使用方法  每天清晨用牙刷蘸药末轻轻刷遍全牙、并稍含片刻〈约三至五分钟)，再用清水嗽口。本药无付作用，可长期使用. </p>\n<p>我在网上查阅了，也有评论说牙周炎症用了一次见效简直神效，说用了一段时间效果显著。好像基本上都有用。还有自述的分享出来的一个故事：李医生是牙齿出问题了吗，我之前看到过一个牙齿的方子，好像很好。然后毛邓时代的赤脚医生也有提到过，我把他们讲的分享给你，<br/>\n“固齿神方”，此方缘于《陈修园医书七十二种》一书。<br/>\n治牙之方甚多，苦无大效。昔有人四十后病齿，大牙已脱三个，遇德州鲁南石相国之弟传此方，用之动者复固，齿病遂除，既冬月食火锅并煎炒等物，牙缝里出疙瘩，用此末多擦一二次，旋既消减，真第一效方也。若于三四十岁既用之，无间断，可保至老不脱，永免牙患。有此神方，诸方可废也。”<br/>\n《陈修园医书七十二种》还公开了“固齿神方”的配方用量及制作方法。<br/>\n青盐五钱 石膏五钱 补骨脂四钱制（青盐炒）  花椒一钱五分去目 白芷一钱五分 南薄荷二钱五分 旱莲草二钱五分 防风二钱五分 细辛一钱五分<br/>\n共为细末。每早洗脸后擦牙。用水频漱吐之。治牙陈方甚多。苦无大效。昔有人四十后病齿。大牙已脱三个。遇德州庐南石相国之弟。传此方用之。动者复固。齿病遂除。即冬月食火锅并煎炒等物。牙缝里出疙瘩。用此末多檫一二次。旋即消灭。真第一效验方也。若于三四十岁即用之无间断，可保至老不脱。永无牙患。有此神方。诸方可废矣。</p>\n<p>在华医学会如皋分会与江苏省如皋县中医院于1981年合编的《餐菊轩医辑》中也有记录：这一章说：<br/>\n俗说:“千方易得,一效难求”﹐诚如治牙疼,成方甚多，苦无大效。昔有人病齿，大牙已脱三个，即以此方用之，动者复固,齿病遂除。余历年病齿,剧痛时不可忍受，常乞怜干止痛片,仅能暂缓其势，又恒用没石子含置,亦取效于一时，万不得已则拔之，遇痛即拔，终非善策，乃检箧中录存有固齿良方照方配用,颍著神奇,三年多来,齿病非独未发，而动者亦固。经验有据，始介绍于诸同好,益广流布。<br/>\n一、本方来源 山东德州卢南石相国之弟传。（见《陈修园七十二种》有方无论。）原书载::“若三四十岁之人，用之无阀断,其牙可保至老不脱，永免牙患,有此神方,他方可废矣”.<br/>\n.二、药品组成<br/>\n青盐15克.生石膏15克 制补骨脂12克 花椒(去目)5克 白芷5克 防风8克 薄荷叶8克 旱壁草8克 细辛5克 上药生晒，研为细末<br/>\n3.方药诠释，这个我觉得不辑录也可以，李医生的本草很厉害自己能有理解。<br/>\n四、使用方法  每天清晨用牙刷蘸药末轻轻刷遍全牙、并稍含片刻〈约三至五分钟)，再用清水嗽口。本药无付作用，可长期使用. </p>\n<p>我在网上查阅了，也有评论说牙周炎症用了一次见效简直神效，说用了一段时间效果显著。好像基本上都有用。</p>\n<p>还有一篇分享这个方子的自述给我留下很深刻印象，我把它分享给你：</p>\n<p>以下所有内容源自一位台湾朋友，愿大家的牙齿都健康！</p>\n<p>固齿神方──跟牙周病轻松说拜拜</p>\n<p>去年五月二十六日，与两位友人从外地回到台北已是中午，朋友开车送我们到一处素食小吃店用餐。那是一个我完全陌生的地方，连在什么路上，至今我仍然不知。三人在店前点好各自的餐点后，便走入店内找位子。因为时间已过了一点，店内顾客稀少，有四位中年的太太及一位着袈裟的行者，聚在一起。当我坐定时，仔细听他们谈论的话题，好像彼此在分享赞叹某种东西非常的神效，有如仙丹一般！老板娘帮我们上好三碗面后，也加入他们的行列。天生有一根好奇天线的我，心想：到底是什么东西，对什么非常神效真希望他们也能跟我分享？。</p>\n<p>就在我们吃到面碗快见底时，老板娘手上拿着一小叠资料，除了分发一张给邻桌的先生外，也分了一张给我们，并说：这个药方对牙齿的病痛非常有效另一位太太，也走过来跟我们分享她们使用后铁证如山的疗效走出店门上了车，我心里想着：。。这应是真的，否则非亲非故，素昧平生，不仅无利可图，还要花时间，金钱去影印。而长期以来，也常听一些长辈或朋友深为牙周病所苦，于是，我决定回到住处，把这份资料重新打字，寄给信箱里的朋友，同时将药方传真到迪化街一家十余年来有需要时，都会向他们采购药材的中药店，请他们帮我照这个方子做三十份，以小瓶子分装再寄给我。</p>\n<p>收到后，我随缘的分送给朋友们，因为自已忙于工作，也没去过问朋友用后的效果如何。几天之后，有一位平日对中药颇为铁齿又有牙周病的男性朋友，表示他本来几乎是三天两头牙痛，深为牙周病所苦，这个药方真的有效，当下就解决了他的牙痛，他也分送给另一位正在牙痛的朋友，也是一样有效，于是向我索取药方。</p>\n<p>我自己则是一瓶搁在盥洗镜台前，刚开始用了几次，后来因为忙累而偷懒，一年过去了都没有去动。直到昨晚从录音室收工出来，左下排的牙根隐隐作痛，到深夜一点半，我痛到无法入眠，这时想到，不如把先前的牙粉拿来涂一涂，试他一试没想到真的在五到十分钟之间，牙痛逐渐缓解。我又涂抹第二次，却完全不痛了，也终于可以好好的睡了。</p>\n<p>今天早上，我专程到地下一楼的餐厅，向在厨房工作的一位妈妈询问，她用牙粉的成效。因为，先前就常听说她去她堂弟的诊所洗牙，后来，我看她也开始很勤劳的在用这个牙粉;前不久路过餐厅，还听到她在向人介绍，我想了解到底她的牙齿怎么了她说她的牙周病本来要开四次刀，在用牙粉？之前已经开过一次，非常痛苦，她很怕再开刀，因为麻药退后，约一个星期左右，真的痛得苦不堪言，后来听说这个牙粉有效，心想：就死马当活马医吧没想到去年这个牙粉真的把她的牙周病治好了她现在不仅不会痛，刷牙也不会再流血;上次才去她堂弟那边检查，堂弟说：！。你的牙龈现在保养得很健康了。如今，她们不知已经送出去几百瓶。</p>\n<p>心中满溢感恩之情，让我深觉不能辜负前辈们的一番苦心，决定将这个老祖宗传下来的药方，在这个我没有用心经营的网志，与网路上有缘的朋友分享。</p>\n<p>后面这份资料，就是我在小吃店所得的内容。这个药方是一位八十几岁名叫范津的长辈为了医治自己的牙周病，费尽苦心从中国医书中找到的，他将个人治牙的经过全写在这份资料里，非常感谢他，真的功德无量！他文中若有冒犯到医界的朋友，请大家能见谅一位病人的苦衷。另外，若因为这个药方的留传，而不小心使得牙医朋友们的生意萧条，也请看在上天慈悲，不忍众生受苦的份上，可千万拜托，不要来骂我。</p>\n<p>这份资料中“编者按”的最后一项，是我根据小吃店及我们厨房妈妈的分享，加以整理编写的，仅提供大家参考而已，实际的临床医理，小女子我是不懂的，若有任何问题，请朋友们拿药方去请教对中药有研究的人。只希望朋友们能因为这个药方，今后不再受牙痛的折磨。</p>\n<p>********************************</p>\n<p>固齿神方（出自“清。陈修园医书”），范津</p>\n<p>台湾患牙周病的人极为普遍，牙医诊所到处林立，而且他们最欢迎牙周病人上门，因为，便可鼓动如簧之舌，趁机力劝患者拔牙，拔得越多越好，如果整排牙齿拔掉，再制做假牙，则钞票就会滚滚而来了。</p>\n<p>笔者三十年前，患牙周病，有一大半牙已呈动摇之象，坐立不安，当时医师劝我：“长痛不如短痛”，把它拔掉，但我对真牙视如瑰宝，予以婉拒，与其求牙医拔牙解决，何不自己悉心研究，或有比拔牙较安全一些的办法，于是，翻阅中医书借，得陈修园医书72种，内有“固齿神方”一则：</p>\n<p>青盐五钱，石膏五钱，补骨脂四钱制，</p>\n<p>花椒1钱5分（去目），白芷1钱5分，</p>\n<p>南薄荷1钱5分（关于这个方子，我本人查阅了陈修园医术七十二种的电子版，在急救经验良方里面找到了，这里的薄荷确应当是两钱五分，应当是传抄过程中模糊或弄错了。其他的很多分享这个方子还有那个中医院写的书分享的，薄荷的量是也是两钱五分），旱莲草2钱5分，</p>\n<p>防风2钱5分，细辛1钱5分</p>\n<p>※上药共为细末（以上药方研成细末）。</p>\n<p>方内说明如下：</p>\n<p>上药共为细末，每早洗脸后擦牙，用水频漱吐之。治牙陈方甚多，苦无大效，昔有人四十病齿，大牙已脱三个，遇德州卢南石相国之弟，传此方用之，动者复固，齿病遂除。即或冬月食火锅，并煎炒等物，牙缝里出疙瘩，用此末多擦一，二次，即消减，真是第一效验方也！若于三，四岁即用之无间断，可保至老不脱落，永免牙患，有此神方，诸方可废矣。</p>\n<p>笔者当即请中药店照方配制，用以刷牙三月后，动者复固，迄今已年逾八十有六，仍保持满口真牙，丝毫未受牙病之苦，可见传统中医典借中宝藏甚多，正等待后人发掘。我庆幸深受其惠，除感恩外，特献此方，给牙病者，作为自疗之参考，并盼广为推荐以利众生，则功德无量！</p>\n<p>————————————————–  —————</p>\n<p>※编者按：</p>\n<p>一，陈修园，名念祖，清福建长乐县人，少孤，家徒四壁，笃志力学，尤精于医，后举于乡，服官畿辅，所至以医术利民，著述甚多，有“陈修园医书“传世。</p>\n<p>二，本方之“细辛”，为牙痛常用药，细辛又名“马仙草”。</p>\n<p>三，本方之“花椒”须“去目”，系将花椒内含之核除去，中药店配制时必十分了解。</p>\n<p>四，本方之“青盐”一味，希望不要用普通盐代替。</p>\n<p>五，本方价格低廉，可依照比例加大其量，用磁瓶装，可长期保存备用。</p>\n<p>六，能早晚各刷牙一次，最有效力，但就寝前必刷一次。</p>\n<p>七，每次刷牙用药较多，必使其在口腔中停留五分钟以上，以发药效。</p>\n<p>八，有患者除晨起，睡前各刷一次外，并于三餐饭后，将牙齿刷洗干净，再以本方涂擦牙龈，经五分钟后，再以清水漱口，于三日或一星期内即见卓效。亦有患者用后，除了消解牙病，同时排出大量宿便，其原因据小吃店的太太说，可能吞食了未漱洗干净而残留的药粉。</p>\n<p>【后记】：</p>\n<p>二一年一月上旬，那位三天两头牙痛的朋友，送了几瓶他自己去药房订制的固齿神方牙粉到山上给我，瓶子上面贴着贴纸，简单写下自己。和亲友使用后的心得我想他既然如此用心，还是把他使用的心得分享给大家，故抄录如下：</p>\n<p>每晚睡前刷完牙后，用牙刷沾“固齿粉”刷牙龈，含口中十分钟后，清水漱口吐掉。</p>\n<p>防：牙龈萎缩，牙周病，牙痛。</p>\n<p>固：真，假牙寿命延长</p>\n<p>以上就是我分享给李医师你的，希望对你有所帮助。祝大家牙齿健康。</p>",
              "level": 2,
              "highlight": false,
              "children": [
                {
                  "id": "ecf3c112127ab92ea484c3daafaa43b3",
                  "author": "李宗恩",
                  "time": "2023年10月16日 12:46",
                  "content": "<p>謝謝你的分享，陳修圓的固齒神方很有名，診所的牙粉依據其方再加強。</p>",
                  "level": 3,
                  "highlight": true,
                  "children": []
                }
              ]
            }
          ]
        }
      ]
    },
    {
      "id": "7f9048f5405d8e9f8a5dec697fdf1c77",
      "author": "缠迷学医",
      "time": "2022年11月26日 09:05",
      "content": "<p>我是特意来感谢您的，李大夫。我们县城的疫情已经彻底失控了，幸好在此之前我按您的通方备齐了药，身边朋友及亲人感染新冠的都是得于您通方痊愈的，我也自学倪师人纪几个月了所以剂量上很谨慎，时刻提醒他们服后的一些情况，真的是一剂知二剂已，十几位朋友基本上都是这一副药喝2.3碗就缓解大半或痊愈了，比起隔离在防仓的朋友他们治疗4.5天了依然没有大的缓解（我了解到防仓用药的种类有安瑞克、甘草片、金银花颗粒，藿香正气水，时有时无的中药一袋，不知道啥成分），反正他们回馈效果很差全靠自己抗着<br/>\n有个问题就是症状缓解后，有个朋友频频出汗，汗后恶冷，经观察跟桂枝汤加炮附症状非常相似，此时能用次方医治吗？之前了解是桂枝汤症自吃连花清瘟胶囊，症状加重后用了一副通方得已缓解后即停用通方，但汗依然动也则自出饮水自出，2.3天一次大便，喜喝热水，身轻痛无力。平时身虚体弱且脾胃不好怕冷</p>",
      "level": 0,
      "highlight": false,
      "children": [
        {
          "id": "33dbebe5970824c62cbc573a6a9a4e65",
          "author": "李宗恩",
          "time": "2022年11月27日 21:14",
          "content": "<p>謝謝你的分享。服用連花清瘟，反而讓身體更寒涼，症狀緩解後也不應該立即停用通方，病人現在的情況，看來裡寒仍在，可以依照症狀來開方處理。</p>",
          "level": 1,
          "highlight": true,
          "children": [
            {
              "id": "ca6001c5c46bccfa08b0dca651af64e5",
              "author": "缠迷学医",
              "time": "2022年11月28日 18:22",
              "content": "<p>的确是。后我反思隔日症状反复的问题，跟停药有很大原因，不管怎样倪师跟你的方子确实奏效，也改变了他们以往对中药疗效慢的观念，谢谢您，虽相隔万里，但你跟倪师的光芒依旧能照亮一位爱好者转向职业的决心。</p>",
              "level": 2,
              "highlight": false,
              "children": []
            }
          ]
        }
      ]
    },
    {
      "id": "4d027dbbcf1bf9b658712ea548e4d556",
      "author": "想",
      "time": "2022年11月27日 02:31",
      "content": "<p>感恩李博士的无私奉献！您的授课超级精彩，尤其您从新冠预防方（桂枝汤加五苓散）跳到淋巴癌治疗方向（桂枝汤加五苓散加生硫磺）那一段，我仿佛有种错觉似乎是倪师重生了，感恩！</p>",
      "level": 0,
      "highlight": false,
      "children": [
        {
          "id": "e87ed15e1e7d7825dd69f2dcf86f0a26",
          "author": "李宗恩",
          "time": "2022年11月27日 21:14",
          "content": "<p>謝謝你的支持及鼓勵。</p>",
          "level": 1,
          "highlight": true,
          "children": []
        }
      ]
    },
    {
      "id": "85b39b788408ba117e2bed68fdf13085",
      "author": "Andy",
      "time": "2022年11月27日 18:43",
      "content": "<p>你好,李大夫.<br/>\n请问有没有中医入门级的英文版的教材可以推荐?<br/>\n有西人朋友想要学习.而我又不想推荐那些学院里的西化的中医教材.</p>\n<p>另外,In my view, 您这个域名似乎不太好记住.</p>",
      "level": 0,
      "highlight": false,
      "children": [
        {
          "id": "4f0e287e3f426d94ac5966ba2b594be0",
          "author": "李宗恩",
          "time": "2022年11月27日 21:17",
          "content": "<p>目前沒有滿意的英文教材，我有打算以後出英文版的中醫入門書籍。這個網域名是延續使用多年前的個人部落格，你可以使用 DrLee.us，會直接連結過來。</p>",
          "level": 1,
          "highlight": true,
          "children": []
        }
      ]
    },
    {
      "id": "0a9597c01958021f1a69a59f22dd5cd1",
      "author": "Andy",
      "time": "2022年11月27日 23:06",
      "content": "<p>好,那我姑且先推薦一些.<br/>\n祝愿你的英文版啟蒙教材能早日出版.如有有吾能幫助的地方,Happy to help.</p>",
      "level": 0,
      "highlight": false,
      "children": []
    },
    {
      "id": "8b7d8c95885281c6850ab7e1565c754d",
      "author": "明遠",
      "time": "2022年12月02日 01:54",
      "content": "<p>李醫師 您好:</p>\n<p>教材第19:17說道:麻黃附子細辛湯把中下焦的陽發散掉。是否口誤?應該是把中下焦的寒發散掉。</p>\n<p>謝謝</p>",
      "level": 0,
      "highlight": false,
      "children": [
        {
          "id": "a82fc43e97d9116b1bafcd009afd05ca",
          "author": "李宗恩",
          "time": "2022年12月02日 09:27",
          "content": "<p>利用麻黃發陽的特性來加强附子和細辛的熱力。</p>",
          "level": 1,
          "highlight": true,
          "children": []
        }
      ]
    },
    {
      "id": "ea1de79b0b131a8fd65267ab7f08d2bd",
      "author": "Tommy",
      "time": "2022年12月03日 12:32",
      "content": "<p>好些天了，都看到人家讲得西医有关新冠的研究，各种后遗症，看到都怕。自己也挨过一次，一直头疼不消，当地找医生做针灸，吃药效果一般，想得看诊，但见耗费稍高，等久，太遭罪了。</p>",
      "level": 0,
      "highlight": false,
      "children": []
    },
    {
      "id": "3ff32ed51a8ad5179a8fe01dc6c1b45f",
      "author": "离中虚",
      "time": "2022年12月09日 06:18",
      "content": "<p>你好 李医师 我从小手脚冰凉看过倪师的视频后 自己尝试用当归四逆汤 桂枝9g白芍9g炙甘草9g大枣10枚当归6g细辛6g<br/>\n木通9g 第一次喝了7碗水煮成3碗 第二次9碗水煮成3碗 喝了两三天感觉手脚冰凉症状好些了 但是我已经两天没大便了（可能是之前在饭店吃饭上火嘴巴起水泡）倪师视频中说要是喝过药后便秘 把木通拿掉<br/>\n但是倪师在扶阳论坛里说要加重当归木通 这是怎么回事？</p>",
      "level": 0,
      "highlight": false,
      "children": [
        {
          "id": "892ed348ba89d620fa6b321ea06ab5b2",
          "author": "李宗恩",
          "time": "2022年12月17日 10:01",
          "content": "<p>不是手腳冰冷就服用當歸四擬湯，得探討身體的問題在哪裡。</p>",
          "level": 1,
          "highlight": true,
          "children": [
            {
              "id": "2abbdc6d55802a50bccc6a3effff0d5a",
              "author": "过江之鲫",
              "time": "2022年12月24日 06:22",
              "content": "<p>真的耶，李博士，我也吃了四副当归四逆汤，感觉没啥反应。</p>",
              "level": 2,
              "highlight": false,
              "children": []
            }
          ]
        }
      ]
    },
    {
      "id": "bb85d0d3b0ca313429e690e26e43f0c8",
      "author": "大道至简",
      "time": "2022年12月11日 22:10",
      "content": "<p>李博士用现代科学的语言来解释中医，有坐标系，路径图，让我特别容易理解接受。<br/>\n李博士有倪师的风采。<br/>\n之前的视频里有脉学的模型图，这次有人体状态坐标图，如果后面有一本这样的书系统的用科学语言讲解中医就更好了。</p>",
      "level": 0,
      "highlight": false,
      "children": []
    },
    {
      "id": "36252f767789b112dc291abfc46eb6d5",
      "author": "sean",
      "time": "2022年12月12日 12:01",
      "content": "<p>李醫師您好, 想請教身體好發粉瘤該如何處置?<br/>\n中醫有辦法調理讓粉瘤消失嗎?</p>",
      "level": 0,
      "highlight": false,
      "children": [
        {
          "id": "e410a9667e554cc7ac23cc02fc718432",
          "author": "李宗恩",
          "time": "2022年12月17日 10:09",
          "content": "<p>一般是脾虛而無法去除廢水痰飲。</p>",
          "level": 1,
          "highlight": true,
          "children": []
        }
      ]
    },
    {
      "id": "f5b8e08237a7b89951e3501b6d369267",
      "author": "想",
      "time": "2022年12月15日 12:52",
      "content": "<p>请教李博士，白芍在内经中记载为，苦平主泄（并无酸味），在桂枝汤中功能是泄营而解肌（发挥阴的功能），为何倪师和您都解释白芍为酸收呢？</p>",
      "level": 0,
      "highlight": false,
      "children": []
    },
    {
      "id": "7f39c89f599f994297fd45e446ee5747",
      "author": "想",
      "time": "2022年12月15日 12:59",
      "content": "<p>请教李博士，白芍在内经中记载为，苦平主泄（并无酸味），在桂枝汤中功能是泄营而解肌（以补泄的角度来看桂草姜枣为补，白芍为泄；以阴阳的角度来看，桂枝主阳白芍主阴，草姜枣助脾以加强营气来源），为何倪师和您都解释白芍为酸收呢？</p>",
      "level": 0,
      "highlight": false,
      "children": [
        {
          "id": "fd7a4de0b178620ce2e5eade7e404db9",
          "author": "內經初學者",
          "time": "2022年12月15日 19:49",
          "content": "<p>《神農本草》芍藥 【性味】味苦酸，性平，無毒。<br/>\n你說的是《內經》那一章？</p>",
          "level": 1,
          "highlight": false,
          "children": []
        },
        {
          "id": "9c3a092dae7a6dbe6b72cb49e7054b9b",
          "author": "李宗恩",
          "time": "2022年12月17日 10:20",
          "content": "<p>白芍苦酸帶微甘。</p>",
          "level": 1,
          "highlight": true,
          "children": []
        }
      ]
    },
    {
      "id": "b62555995a6ff12fb4522b49dce01afb",
      "author": "江文周",
      "time": "2023年01月28日 05:55",
      "content": "<p>李医师，新年好！生半夏使用时加生姜（或干姜）以制其毒性，那请问 生天南星 使用时需要搭配什么？谢谢！</p>",
      "level": 0,
      "highlight": false,
      "children": [
        {
          "id": "fe73831fde4f64debf653b3f898499cd",
          "author": "李宗恩",
          "time": "2023年02月07日 11:23",
          "content": "<p>一般以生薑、白矾等來炮製南星。</p>",
          "level": 1,
          "highlight": true,
          "children": []
        }
      ]
    },
    {
      "id": "388e5aa4285fe3ebfb86c3acea68f5bc",
      "author": "知守",
      "time": "2023年01月28日 20:26",
      "content": "<p>转载一波王德峰对中医的看法（来自王德峰的哲学研修班，25分钟左右）<br/>\n<a href=\"https://www.ixigua.com/7082028142961164837?logTag=223b75ec53b8eb8ea2c8\" rel=\"nofollow ugc\">https://www.ixigua.com/7082028142961164837?logTag=223b75ec53b8eb8ea2c8</a></p>\n<p>中国人认为真理是不脱离感性的，而西方人则说真理首先是逻辑的东西，然后运用来讨论感性的事。于是形成了不同的科学，一种叫中国科学，一种叫西方科学。</p>\n<p>中医就是中国科学的一种。</p>\n<p>中医诊断病人的疾病绝不用抽象的方式和测量的方式，他基本手段就是四种：望闻问切。这四种每一种都是感性，都是感受。</p>\n<p>那么这就意味着西方的自然科学跟中国的自然科学有一个很大的差别。就是西方自然科学的基础是一系列哲学的抽象做基础，而中国自然科学是中国的哲学做它的基础，但它不抽象，它是感性的。</p>\n<p>而西医怎么检查你的身体的疾病的，诊断如何诊断。就是测量，测量是以数字做基础的，正常值范围都是定好的。不管是红细胞白细胞血红蛋白，它每一种成分都规定了正常值范围。那诊断疾病就是测量，它以数学理性做前提。</p>",
      "level": 0,
      "highlight": false,
      "children": []
    }
  ],
  "page": 12,
  "order": 3,
  "filename": "data\\page12\\page12_order2_b1bb8b30bb1570250ab8c9165ae70a34.json"
}