{
  "article_url": "https://andylee.pro/wp/?p=11132",
  "title": "治療不是單純的症狀對應",
  "content": "<p>這位病人有複雜的關節炎，從頸部、肩膀、手肘、膝蓋、到脚踝的關節都有問題，一下這裏痛，一下那裏痛，關節活動能力也受到大幅限制，也因爲疼痛無法正常睡眠，讓病人生活痛苦不堪。病人幾年來找過許多中西醫看診，西醫治療效果不彰就不討論了，病人看了好多位中醫師，從中國大陸到美國，包括一些以經方稱著的中醫師，效果依然不佳，每年冬天，更是加倍的疼痛。</p>\n<p>看診時，我會先問清楚病人之前接受治療的方法及反應，病人把之前看診過的中醫師及藥方解釋了一遍。我認識其中幾位中醫師，有的以桂枝芍藥知母湯加減爲主，有的以烏頭湯加減爲主，也有的使用大劑量的烏頭等等。病人很疑惑地問我，她也看過倪海厦老師的中醫教材，那些藥方都是倪老師教導治療關節炎的藥方，爲什麽沒有效果？</p>\n<p>我們先繞過這個疑問，先看看病人遠程初診到前幾天第二次看診的反應。 初診時，我沒有使用什麽熱藥或重藥，反而使用了很平淡的甘麥大棗湯、酸棗仁湯等的加減組合。病人服用一個多月，本來以爲會和往年冬天一樣疼痛不已，沒想到關節疼痛明顯減輕，睡眠也好了許多。</p>\n<p>爲什麽會如此？病人一堆症狀中，如果我們按照嚴重程度及重要性來排序，和關節炎直接相關的症狀占據了前面一大半，爲什麽那些本來設計治療關節炎的藥方沒有效果，反而簡單的甘麥大棗湯、酸棗仁湯等卻產生明顯的功效？治療不是單純的症狀對應，症狀是我們搜集的線索，線索就只是線索，雖然大的、明顯的線索告訴我們許多資訊，但不代表是最關鍵的線索，也不代表是解答的下手處，得藉由所有的線索，回溯到中醫生理病理上的問題，才能真的了解病情及解決的辦法。這就好像警探辦案一樣，如果找到某人的的指紋，甚至DNA，就認定是那個人做的，那可能就會冒出一大堆冤獄。 </p>\n<p>這位病人的關鍵在於血虛，長年關節疼痛讓她睡不好，血虛更加嚴重。雖然桂枝芍藥知母湯、烏頭湯等不是沒有道理，但好像汽車引擎無力時，就只想著狂踩油門，卻忽略掉汽油不足、品質不好，這種情況下，多裝個渦輪增壓器也無法讓引擎輸出功率增加多少， 狂踩油門只會虛耗更多。先把汽油加好了，再去解決引擎的問題，那就事半功倍。我告訴病人，她現在回去服用之前中醫師開的桂枝芍藥知母湯、烏頭湯等的加減，可能就會感受到效果。不過，我還是不急著使用那些中藥材或藥方，第二次看診時，只在原方中增加了幾味藥，既然嚴冬下病情都可以改善，那麽到了春天，治療就水到渠成。 </p>\n<p>即使是口碑好、療效不錯的中醫師，偶而都難免卡在症狀對應的思維誤區，一般學習中醫的人，更難逃怎樣症狀組合就使用哪個方劑的誘惑，畢竟這樣直截了當、簡單易懂。這其實也是很多人對中醫失去信心的原因，一開始對中醫充滿希望，有了什麽小毛病，就上網查一下，服用一些看起來對症的方劑也就好了，一方面覺得中醫很厲害，另一方面認爲那就是中醫。後來遇到了比較複雜一些的狀況，還是按照原來症狀對應的方法，試了這個方劑沒效，改試那個方劑，換來換去，服用了十幾個方劑都無效，反而病情越來越糟，這個時候改口罵中醫，說中醫只能養養生，其它都是假的。那麽，那是誰的問題？如果中醫就只是把症狀拿來對應對應方劑或中藥材，那中醫還算是一門學問嗎？當然，很多中醫師確實是以症狀連連看的方式來看診，甚至大力推銷這樣看診的方式給學生及病人，所以，中醫爲什麽衰敗，也不用多解釋了。</p>\n<p></p>",
  "article_time": "2022年02月11日 12:07",
  "comments": [
    {
      "id": "90ab6930d8f3df73c55e9b3705d1a864",
      "author": "出師未捷身先死",
      "time": "2022年02月11日 18:10",
      "content": "<p>倪師的人紀視頻裡面經常提到他很不讚成滋陰，認為那是溫病派的做法。血虛也是陰虛，既然是陰虛，為何不用陽藥讓陰回頭？我感覺自己也有血虛的症狀，之前由於經常發燒感冒濫用退燒藥paracetamol，結果感覺平時在劇烈運動時心臟搏動得非常厲害，不僅是心臟劇烈搏動，心臟在搏動之後心跳會變慢，感覺心跳都要停止了。我平時從來不口渴，在聽說經方之後用了很多桂枝麻黃附子，但是感覺運動之後心臟還是會劇烈跳動。難道這就是發動機汽油的問題？？？</p>",
      "level": 0,
      "highlight": false,
      "children": [
        {
          "id": "a9190145451c46531295e5f14800332e",
          "author": "李宗恩",
          "time": "2022年02月23日 10:11",
          "content": "<p>你沒有看懂文章的重點，當病人陰虛時，很多情況下並非材料不足，而是陽不足、工廠不開工，只知道拼命地滋陰，並不能解決問題，但是該滋陰時還是得滋陰，倪老師也常常如此階段性的治療。</p>",
          "level": 1,
          "highlight": true,
          "children": []
        },
        {
          "id": "a53b1d239165b853607561381ab4fe78",
          "author": "送你座帆船",
          "time": "2023年09月13日 01:26",
          "content": "<p>以下是个人浅见，个人认为必要时还是要滋阴，他所说的阴回头是建立在你的阴没有太大问题的情况下，靠平时水，食物就可以补回来的那种。</p>",
          "level": 1,
          "highlight": false,
          "children": []
        }
      ]
    },
    {
      "id": "bce71233210f3b080c189e893ca1ecf8",
      "author": "莫桥兰",
      "time": "2022年02月11日 18:41",
      "content": "<p>“倪老师交付我两个任务：第一，老师要我以英文传承他的中医教学，把经典中医传给全世界，第二，老师要我制作一套儿童中医啓蒙教材，让幼儿一开时就有正确的健康观念。”<br/>\n李医师，我在国内，非常愿意协助您制作与推广儿童中医启蒙教材，我能做些什么呢，另外我可以来美国跟诊吗？</p>",
      "level": 0,
      "highlight": false,
      "children": [
        {
          "id": "1ae5b499ed9430f797f3697bf0c95508",
          "author": "李宗恩",
          "time": "2022年02月23日 10:11",
          "content": "<p>目前還不對外開放跟診。</p>",
          "level": 1,
          "highlight": true,
          "children": [
            {
              "id": "70320e2b89847f2e1ae394ddd9bab678",
              "author": "marina",
              "time": "2022年06月08日 17:14",
              "content": "<p>请问您有英文传承中医的课程吗？</p>",
              "level": 2,
              "highlight": false,
              "children": [
                {
                  "id": "87ff99a4cbcadac96a588d5a6ff0fffe",
                  "author": "李宗恩",
                  "time": "2022年06月10日 13:03",
                  "content": "<p>目前沒有，仍在策劃中。</p>",
                  "level": 3,
                  "highlight": true,
                  "children": [
                    {
                      "id": "e03340763125f68645bc375ffcbf8507",
                      "author": "周书元",
                      "time": "2022年12月20日 17:38",
                      "content": "<p>李博士，我在国内华南区，硕士学历。非常喜爱你和倪师，非常愿意协助您制作与推广儿童中医启蒙教材。</p>",
                      "level": 4,
                      "highlight": false,
                      "children": []
                    },
                    {
                      "id": "306402888bdeab1a48af08d5cd48339a",
                      "author": "李宗恩",
                      "time": "2022年12月28日 17:35",
                      "content": "<p>謝謝你告訴我。</p>",
                      "level": 4,
                      "highlight": true,
                      "children": []
                    }
                  ]
                }
              ]
            }
          ]
        }
      ]
    },
    {
      "id": "f7a9eddb25968f6783fa8a2d9bf78b74",
      "author": "莫桥兰",
      "time": "2022年02月11日 18:42",
      "content": "<p>李医师，自闭症有治愈希望吗？我有位朋友孩子是这种情况，想推荐去找您看诊。</p>",
      "level": 0,
      "highlight": false,
      "children": [
        {
          "id": "0bccc15d7591e9dcf80c20362d89900f",
          "author": "李宗恩",
          "time": "2022年02月23日 10:12",
          "content": "<p>每個個案不一樣，不是聽到一個西醫病名就問中醫能不能治療。</p>",
          "level": 1,
          "highlight": true,
          "children": []
        }
      ]
    },
    {
      "id": "b54f68649a7938e0afb41943339192e2",
      "author": "明遠",
      "time": "2022年02月12日 01:57",
      "content": "<p>李醫師 您好:</p>\n<p>此案例您治療效果好過其他中醫師的關鍵在於先處理了病人血虛問題，想請問，那為何之前的中醫師沒有處理血虛問題?是因為此病人血虛不容易看出嗎?還是血虛本來就不容易診斷?能否說明，您是如何診斷出有血虛症狀，且補血的藥物也有好幾種，為何選擇甘麥大棗湯和酸棗仁湯?</p>\n<p>謝謝</p>",
      "level": 0,
      "highlight": false,
      "children": [
        {
          "id": "ee124e861b706228e32b307a22732766",
          "author": "呼拉阿黑又",
          "time": "2022年02月17日 04:34",
          "content": "<p>我也学过倪海厦，我也可以明确说，这就是发动机汽油的问题。而且你伤阴了。<br/>\n我之前听过李老师讲课，确实很有道理。你应该在琢磨琢磨。</p>",
          "level": 1,
          "highlight": false,
          "children": []
        },
        {
          "id": "ef187b9db8a48e86da7574c0cb015771",
          "author": "李宗恩",
          "time": "2022年02月23日 10:14",
          "content": "<p>血虛不難看出來，但每位中醫師有自己的想法及認為治療順序。補血只是一個很粗略的描述，當然得針對病人的情況來決定如何處理、開什麼藥方。</p>",
          "level": 1,
          "highlight": true,
          "children": []
        }
      ]
    },
    {
      "id": "ee3a1ccd3331132e9ac1cca532719a3c",
      "author": "Vincent.Do",
      "time": "2022年02月16日 17:23",
      "content": "<p>病人如果体虚，如血虚、气虚、津液亏损等等，肯定会导致正衰而难以胜邪，即使有药物帮助也未必能扭转局面，所以应先扶正。</p>",
      "level": 0,
      "highlight": false,
      "children": []
    },
    {
      "id": "bee0799732f333b37a2e5090800cae57",
      "author": "Frank",
      "time": "2022年02月18日 11:52",
      "content": "<p>毕竟吾辈多数愚钝，能到“知犯何逆，随症治之”已经挺难了。再深入的系统性 和 中医要发扬广大，还需要系统、细微、正确的讲解。</p>",
      "level": 0,
      "highlight": false,
      "children": []
    },
    {
      "id": "0b13efc2c616a5f706a4d7b6c49fa818",
      "author": "易心医易",
      "time": "2022年03月04日 08:25",
      "content": "<p>李医师，下痢便脓血为什么这么难治请指教</p>",
      "level": 0,
      "highlight": false,
      "children": [
        {
          "id": "6399070170f98732b0b6902288698689",
          "author": "李宗恩",
          "time": "2022年03月09日 16:18",
          "content": "<p>一個病症不易治癒時，代表病人還有其它隱藏的問題，只專注在下痢便膿血也就無法治癒。</p>",
          "level": 1,
          "highlight": true,
          "children": []
        }
      ]
    },
    {
      "id": "c28d327a5ec671b1787d9b8fdaee3584",
      "author": "Hwang Sing Day",
      "time": "2022年03月19日 18:56",
      "content": "<p><a href=\"https://andylee.pro/wp/?p=2406網站描素「來自西雅圖的一家人，今天來看診，其中一位病患全身疼痛，臉部麻木，……當中使用微量生硫磺點燃腎火，再加上粉劑的調理，酸棗仁湯加六味地黃丸，他身上的疼痛開始減少」\" rel=\"ugc\">https://andylee.pro/wp/?p=2406網站描素「來自西雅圖的一家人，今天來看診，其中一位病患全身疼痛，臉部麻木，……當中使用微量生硫磺點燃腎火，再加上粉劑的調理，酸棗仁湯加六味地黃丸，他身上的疼痛開始減少」</a><br/>\n<a href=\"https://andylee.pro/wp/?p=11132網站描素「這位病人有複雜的關節炎，從頸部、肩膀、手肘、膝蓋、到脚踝的關節都有問題，一下這裏痛，一下那裏痛，關節活動能力也受到大幅限制，也因爲疼痛無法正常睡眠……我沒有使用什麽熱藥或重藥，反而使用了很平淡的甘麥大棗湯、酸棗仁湯等的加減組合。病人服用一個多月，本來以爲會和往年冬天一樣疼痛不已，沒想到關節疼痛明顯減輕，睡眠也好了許多。」\" rel=\"ugc\">https://andylee.pro/wp/?p=11132網站描素「這位病人有複雜的關節炎，從頸部、肩膀、手肘、膝蓋、到脚踝的關節都有問題，一下這裏痛，一下那裏痛，關節活動能力也受到大幅限制，也因爲疼痛無法正常睡眠……我沒有使用什麽熱藥或重藥，反而使用了很平淡的甘麥大棗湯、酸棗仁湯等的加減組合。病人服用一個多月，本來以爲會和往年冬天一樣疼痛不已，沒想到關節疼痛明顯減輕，睡眠也好了許多。」</a><br/>\n我覺得以上病人的症狀描素比較像是陳士鐸石室密錄裡的內傷肝鬱描素「更有人病內傷，而頭疼目疼，心脅痛，遍身痛，手足又痛，此皆肝氣鬱蒸之故。或頭痛救頭，腳痛救腳，治何日始能盡期？當據其要而先治之，餘者不治自癒。此方妙在白芍為君，柴胡為臣，祛風祛痰之藥為佐使。一劑而脅痛失，再劑而諸痛平，三劑而一身泰，真扼要爭奇，解法之至妙者。施之內傷之症，尤多奇功。願世人勤而用之，收功無量也。」</p>",
      "level": 0,
      "highlight": false,
      "children": []
    },
    {
      "id": "a0f33b4ed0c8854fa3d5f7cefe0b5631",
      "author": "Hwang Sing Day",
      "time": "2022年03月20日 02:53",
      "content": "<p>一個白人癌末患者試過一周中醫治療後的變化網站描素「來自西雅圖的一家人，今天來看診，其中一位病患全身疼痛，臉部麻木，……當中使用微量生硫磺點燃腎火，再加上粉劑的調理，酸棗仁湯加六味地黃丸，他身上的疼痛開始減少」<br/>\n本網站描素「這位病人有複雜的關節炎，從頸部、肩膀、手肘、膝蓋、到脚踝的關節都有問題，一下這裏痛，一下那裏痛，關節活動能力也受到大幅限制，也因爲疼痛無法正常睡眠……我沒有使用什麽熱藥或重藥，反而使用了很平淡的甘麥大棗湯、酸棗仁湯等的加減組合。病人服用一個多月，本來以爲會和往年冬天一樣疼痛不已，沒想到關節疼痛明顯減輕，睡眠也好了許多。」<br/>\n我覺得以上病人的症狀描素比較像是陳士鐸石室密錄裡的內傷肝鬱描素「更有人病內傷，而頭疼目疼，心脅痛，遍身痛，手足又痛，此皆肝氣鬱蒸之故。或頭痛救頭，腳痛救腳，治何日始能盡期？當據其要而先治之，餘者不治自癒。此方妙在白芍為君，柴胡為臣，祛風祛痰之藥為佐使。一劑而脅痛失，再劑而諸痛平，三劑而一身泰，真扼要爭奇，解法之至妙者。施之內傷之症，尤多奇功。願世人勤而用之，收功無量也。」</p>",
      "level": 0,
      "highlight": false,
      "children": [
        {
          "id": "4b2588da3c057d59dacbbb571d841518",
          "author": "陳雷公",
          "time": "2022年03月20日 23:28",
          "content": "<p>「四逆散」合「痛瀉要方」。對肝鬱引起酸痛有效？對癌症有癒效嗎？</p>",
          "level": 1,
          "highlight": false,
          "children": []
        },
        {
          "id": "b93c532ad6e056675a8675146826eb02",
          "author": "李宗恩",
          "time": "2022年04月11日 09:59",
          "content": "<p>單靠柴胡白芍，對病人關節炎的療效會相當有限。</p>",
          "level": 1,
          "highlight": true,
          "children": []
        }
      ]
    },
    {
      "id": "b9758a2dbd0f02fa2248ddb94bb725ab",
      "author": "广东",
      "time": "2022年04月17日 10:14",
      "content": "<p>李老师，甘麦大枣汤，曹颖莆说专取甘，助脾精上输于肺，肺阴足，倪老师说肝藏血，心主血，当里面津液不足时也会产生这种现象…中医的观念里面认为小麦是心之谷，五谷杂粮之中，唯小麦是入心脏，能够滋补心气。甘草、红枣能够生津液，把津液补足。这病案里又是发挥补肝血的作用，一个方这么多作用，如何理解，又怎么样才能根据药和方反推生理病理呢</p>",
      "level": 0,
      "highlight": false,
      "children": [
        {
          "id": "2fa75e50221a9e26301e23a7d6ce748a",
          "author": "李宗恩",
          "time": "2022年04月20日 10:08",
          "content": "<p>不要想得那麼複雜，重點是你希望利用浮小麥、甘草、紅棗和其它中藥材搭配下發揮什麼作用，而不是抓著甘麥大棗湯的各家解釋，硬要說甘麥大棗湯就是這樣那樣。</p>",
          "level": 1,
          "highlight": true,
          "children": [
            {
              "id": "7897e7a0a67d5764322b6200150a23b5",
              "author": "Devin Peng",
              "time": "2023年09月29日 06:55",
              "content": "<p>重点是你希望利用浮小麦、甘草、红枣和其它中药材搭配下发挥什么作用，而不是抓着甘麦大枣汤的各家解释，硬要说甘麦大枣汤就是这样那样。—-李医生是在传神！</p>",
              "level": 2,
              "highlight": false,
              "children": []
            }
          ]
        }
      ]
    },
    {
      "id": "5ae625f595b7aaa2830770f1f2f87fb1",
      "author": "甘草",
      "time": "2022年05月23日 22:09",
      "content": "<p>症状方剂连连看，抓主证，似乎才能解决一天要看上百甚至几百个得小病的病人，危重症的再连连看就容易出错</p>",
      "level": 0,
      "highlight": false,
      "children": [
        {
          "id": "472ec63091740a50c2f710a52057eb0e",
          "author": "李宗恩",
          "time": "2022年05月24日 11:00",
          "content": "<p>沒有仔細診斷，如何知道病人是「小病」？以連連看的方式，一天看上百個病人，是很不負責任的。</p>",
          "level": 1,
          "highlight": true,
          "children": []
        }
      ]
    },
    {
      "id": "9c6e6d14f3e2726eec96c8e826411a02",
      "author": "marina",
      "time": "2022年06月08日 17:30",
      "content": "<p>倪老师交付我两个任务：第一，老师要我以英文传承他的中医教学，把经典中医传给全世界</p>\n<p>您好：李医生，您有英文的教程吗？</p>",
      "level": 0,
      "highlight": false,
      "children": []
    },
    {
      "id": "0dc971cc349aa1f105b0851228fd1e56",
      "author": "曾宇",
      "time": "2022年09月10日 20:53",
      "content": "<p>李老师，心阳不足会导致肝血虚，肝血虚也会导致心阳不足，您是如何判断谁先谁后的问题呢？就拿这个病人做例子，您是通过他的症状描述推测出来肝血虚是该病的根，还是结合了前医的治疗经过反推出来的？</p>",
      "level": 0,
      "highlight": false,
      "children": [
        {
          "id": "082c66a9ff63a6f0035016ba89ff91de",
          "author": "李宗恩",
          "time": "2022年09月15日 13:20",
          "content": "<p>這就是爲什麽臨床看診時，醫家等多了解多年來的身體及生活的狀況，看診不是只看一個時間點，而是得深入了解在時間軸上的演變。</p>",
          "level": 1,
          "highlight": true,
          "children": []
        }
      ]
    },
    {
      "id": "50488220ecd12d9155026ab718345d85",
      "author": "周书元",
      "time": "2022年12月20日 18:42",
      "content": "<p>补充下：我是一名2岁孩子的母亲，孩子纯母乳喂养到7个月。孩子足月出生，出生7.2斤，1个月，孩子就长到10斤，3个月13斤，3个月后就一直不长了，体重一直在13斤，直到一岁半。稍微有点增加，但达不到平均水平。<br/>\n      我们每个月做儿保，儿保的医生也只是告诉你，孩子身高、体重不达标，要补钙晒太阳、吃维生素，每天晒太阳、吃钙片、维生素也不见长。看了很多名专家，也只是说，你的孩子营养不良，开一些药，祛湿健脾，稍有好转，最终情况还是差强人意。同时家里有两个特别有责任心的爷爷奶奶，每天逼着小孩吃3碗粥、一碗菜、3个鸡蛋黄，从7个月开始，每天这样。<br/>\n      得亏我在怀孕的时候，开始看倪师的作品，才知道原来生理学的奥妙，但是没有实践，自己的孩子到了一岁半，才恍然大悟，喝母乳的孩子也会积食，也要按点吃，（为什么儿保的医生没有人知道，为什么儿科的专家也不知道！），睡眠不好、大便不好，就会长得不好。目前孩子一天吃5-6顿（一天3顿饭、2-3顿奶，1-2顿水果），原因是，孩子的爷爷奶奶觉得她营养不良，要多吃，晚上还得多吃，因为睡觉时间长，会饿！“若要小儿安，三分饥与寒”。我们怎么跟爷爷奶奶说，也不行，目前因为矛盾，他们已经带着孩子回老家了！孩子目前1睡不好，2每天还是羊屎便，3.不好好吃饭，爱吃零食。4.牙齿目前长得慢，5.身高、体重不达标。 6.语言发育也比其他同龄人慢。学过一点中医知识的人深深知道，小孩子身体基础要打好，所以今年年后打算离职，全职带孩子。<br/>\n      同时我也在观察，很多家长都有习惯性思维，喝奶粉有营养（有母乳也不给孩子吃）；长不高吃钙片；头发少吃维生素；长得慢吃维生素；不爱吃饭补锌；高烧了喝美琳；喉咙疼喝凉茶（菊花茶、蒲公英），出门孩子要用车子推，原因是不能让孩子太受累（不能走的孩子推着还行，2-4岁的孩子也这样）。喝牛奶增强免疫力（我们本来在华南区，常年吹冷气，湿寒体质不用说，还喝湿寒的牛奶！），还有孩子出湿疹了，用药膏涂抹，这种不行，换一种！感冒喝抗病毒口服液、莲花清瘟胶囊。还有很多这种习惯性思维，重点是，目前很多名专家出的书、说的话，也是非常不负责任！我看在眼里，痛在心里。同时，鉴于我目前能力非常有限，我能小小望诊，知道一些亲人的身体出了问题，但是无法帮助他们，悲痛！<br/>\n     感恩遇见你们。我目前只看您和倪师的作品。公共信息是无用的，我期待我有一天能找到好的跟诊医生，好好学习中医，弘扬正统中医，同时能出一部书，推广正确的生理学知识，让大家都能成为自己的医生。<br/>\n      （PS：由于我和我老公是您和倪师的忠实粉丝。各种原因，大陆政府已经放开了疫情的风控，阴性阳性人员可以自由行走，我和我老公都阳了，由于我们之前读过您的书，我们坚持喝五苓散和桂枝汤、甘草干姜汤，所以我们症状比较轻，感谢您！）<br/>\n     如能有幸加入您的创作团队，求之不得！</p>",
      "level": 0,
      "highlight": false,
      "children": []
    },
    {
      "id": "1d2545a0e9ebd338d455e8dd19d0a866",
      "author": "李梁",
      "time": "2024年11月04日 03:44",
      "content": "<p>宗恩老师，其实这里我个人还想再精进一点！您之前有在直播间说过一句话貌似身体津液运作不正常，一些药无法正常到该到的位置发挥作用，后面就说先不说这么复杂！那么OK，这篇文章我个人觉得非常贴合您直播中那句话讲解的东西！那么您能否针对上次直播中的这句话在做一个稍微详细点的分析，至少让我们对整体辩证有一个再详细点的细节考虑思维在里面！</p>",
      "level": 0,
      "highlight": false,
      "children": []
    }
  ],
  "page": 12,
  "order": 10,
  "filename": "data\\page12\\page12_order9_f7a9eddb25968f6783fa8a2d9bf78b74.json"
}