{
  "article_url": "https://andylee.pro/wp/?p=3069",
  "title": "僑報：李宗恩谈屠呦呦获诺奖",
  "content": "<p><a href=\"https://andylee.pro/wp/wp-content/uploads/2015/10/1444184366770.jpg\"><img alt=\"1444184366770\" class=\"alignnone size-full wp-image-3068\" decoding=\"async\" fetchpriority=\"high\" height=\"569\" sizes=\"(max-width: 450px) 100vw, 450px\" src=\"https://andylee.pro/wp/wp-content/uploads/2015/10/1444184366770.jpg\" srcset=\"https://andylee.pro/wp/wp-content/uploads/2015/10/1444184366770.jpg 450w, https://andylee.pro/wp/wp-content/uploads/2015/10/1444184366770-237x300.jpg 237w\" width=\"450\"/></a></p>\n<p><strong>僑報：<a href=\"http://sf.uschinapress.com/2015/1006/1039326.shtml\">李宗恩谈屠呦呦获诺奖</a></strong></p>\n<p>【<a href=\"http://www.uschinapress.com/\" target=\"_blank\">侨报</a>记者任子晟10月6日旧金山报道】近日，中国本土科学家屠呦呦荣获2015年度诺贝尔医学奖，成为第一位获得诺贝尔科学奖项的本土中国科学家、第一位获得诺贝尔生理医学奖的华人科学家。屠呦呦是第一个发现青蒿素对疟疾有显著疗效的科学家。</p>\n<p>屠呦呦获奖消息传遍世界，侨报记者访问到湾区知名中医师李宗恩博士，请他谈谈对这件事的看法。</p>\n<p>怎么看待屠呦呦得奖？</p>\n<p>李宗恩说：“这是一件很好的事情。中国的研究一直以来都不太受到国外的重视。屠呦呦的获奖实在是太晚了。屠呦呦最早在20世纪70年代就发现了青蒿素，到2015年才正式获得诺贝尔奖，这足足晚了四十多年。”</p>\n<p>屠呦呦得奖算是中医的胜利吗？</p>\n<p>不可否认的是，中国古老药方里的青蒿是促成青蒿素提炼成功的关键提示。李宗恩表示，屠呦呦的科研成果与中药的关系非常大。他特别指出东汉以前的《神农本草经》就已经有关于青蒿治疗疟疾的记载。屠呦呦从东晋葛洪的医书中找到灵感，并提取出青蒿素并加以推广，这更多的是对青蒿素这种化学物质的普及。</p>\n<p>中西药物的区别和未来</p>\n<p>李宗恩表示，中药的理论主要在于药性和人体的平衡。如果一个人身体不适，实际上就是人体失去了平衡，而服用中药则使人体恢复平衡。对比之下，西药更讲究成分。李宗恩说：“西药的好处很单纯。化学物质是怎样的，就能通过化学原理治好什么病，一切都解释得很清楚。但业界也逐渐发现了西药的局限性，因此近年来美国食物和药物管理局（FDA）开始准许使用草药。业界著名的克利夫兰诊所更是开始使用中药粉剂。中国古代医书写下的配方导致了青蒿素的诞生。我们完全无法否定中医是有效的。”</p>\n<p>屠呦呦研发的抗疟疾青蒿素药物，是中国唯一被世界承认的原创新药。根据世卫组织的统计数据，自2000年起，撒哈拉以南非洲地区约2.4亿人口受益于青蒿素联合疗法，约150万人因该疗法避免了疟疾导致的死亡。</p>",
  "article_time": "2015年10月07日 09:27",
  "comments": [
    {
      "id": "e861a09932c69dbc15812d83d056a754",
      "author": "朱明明",
      "time": "2024年01月17日 22:12",
      "content": "<p>认真学习网站知识。感谢李博士。</p>",
      "level": 0,
      "highlight": false,
      "children": []
    }
  ],
  "page": 54,
  "order": 5,
  "filename": "data\\page54\\page54_order4_7afb8688be8df44d373f40ad58a7ceef.json"
}