{
  "article_url": "https://andylee.pro/wp/?p=3009",
  "title": "FM 96.1：二十歲的男生常半夜咳醒，算嚴重嗎 ?",
  "content": "<!--[if lt IE 9]><script>document.createElement('audio');</script><![endif]-->\n<audio class=\"wp-audio-shortcode\" controls=\"controls\" id=\"audio-3009-1\" preload=\"none\" style=\"width: 100%;\"><source src=\"https://andylee.pro/wp/wp-content/uploads/2015/09/dr_case_20150721_509-545pm_35m31s_converted.mp3?_=1\" type=\"audio/mpeg\"/><a href=\"https://andylee.pro/wp/wp-content/uploads/2015/09/dr_case_20150721_509-545pm_35m31s_converted.mp3\">https://andylee.pro/wp/wp-content/uploads/2015/09/dr_case_20150721_509-545pm_35m31s_converted.mp3</a></audio>\n<p>在兩年前，一位高科技的前輩李開復　博士，在新浪微薄上發出了一條訊息：世事無常，生命有限，原來，在癌症面前，人人平等。隨後被證實罹患淋巴癌四期，也因此他從新思考自己的人生，撰記了《向死而生：我修的死亡學分》一書，在接受西醫十七個月的治療後，逐漸恢復健康。李　博士的生活忙碌，長期不眠不休，每年度西醫體檢報告都正常，這也是西醫健康檢查的一個盲點，相對的這也是中醫逐漸受到重視的地方，在疾病發生之前，身體發出的某些警訊是可被觀察的，中醫就可以知微見著，藉由望、聞、問、切達到預防疾病的效果，在西醫數據指標異常前就先發現問題所在。而李　博士的故事也讓我們反思，我們一生所追求的名利指數相較於幸福健康指數，到頭來孰重孰輕？！</p>\n<p>一名大一男學生，每天晚上會有咳嗽情況，凌晨兩三點還無法入睡，白天不咳，平時有也有運動，飲食也不大量，但是小腹胖大， 藉此就可以推斷其身體濕重，特別在夜晚入睡時躺下開始發病的情況，中醫認為是所謂的陰病，由這些線索來看，其肺部下方已逐漸積濕，而一般常識推論，液體在身體內的流動性是大的，因此在患者躺下時就開始咳嗽，中醫認為中膈已經有濕，而小腹的產生就是由此而生。這個案例有趣的是，我們只花了一個星期就幫他解決問題，但治療過程中卻使用了較重的方劑，當然必須考慮到病患的身體狀況，以及受藥的反應，有時輕劑量的藥劑是起不了效果的，將他體內的濕氣排出後，對於將來疾病的對抗也會有很大的幫助，如果未能將他身體的濕氣去除，將來比同年紀男生生病的機會高且重。</p>\n<p>反觀這位病患的生活型態，在十一年級後的小孩開始有升大學的壓力，熬夜至兩三點的生活習慣已持續數年，倘若還有飲酒的習慣，對於肝臟的影響就會更大，雖然一開始肝臟的警訊還不多，但是影響到脾胃的狀況已經出現，即是中醫所謂的木剋土（肝剋脾胃），造成脾胃的功能下降，濕氣開始累積，因此建議這名病患從根本做起，不熬夜是首要步驟。</p>\n<p>案例一：王女士，女兒三十二歲，現在懷孕五個月，懷孕前腳會浮腫，手腳縫開始出現小膿皰，導致夜晚睡眠不佳，想請教李　醫師，生活飲食需要注意哪些？</p>\n<p>很多人在懷孕期間容易水腫，中醫認為這是由於本身體質偏於濕重的人，特別是平時容易手腳冰冷的女性，由於懷孕期間胎兒需要充足的血液供應，孕婦的身體負擔開始增加，這個時候就容易有疹子，當然可以少量服用薏仁這類的利水食材，只是孕婦在服用食材或藥物時得特別小心。</p>\n<p>提及婦女的問題，先前有位病患，於月經期間都會大出血，甚至到達貧血的地步，西醫竟然建議她將子宮切除，而我們診斷為她是中氣不足而導致氣無法收血，還有這類的例子：經前便秘，經期卻開始拉肚子。其實許多問題並沒有西醫講的那麼嚴重，反而藉由中醫就可以輕易的解決，何不嘗試看看呢？</p>\n<p>案例二：黃女士，哥哥今年四十三歲，幾年前右手第二個手指變黑，初期看中醫沒有治好，接著西醫就將他的手指切除，現在左手拇指開始變黑，想請問李醫師是否有方法？</p>\n<p>正好有一位中醫班的學生也有類似的問題，手部先發疹子，接著皮膚變硬變黑，診斷時手腳雖然溫暖，但是其他現象指出他氣血無法到手掌，一開始使用熱藥反應不好，接著使用較溫和的藥物清理，效果也不彰，回頭使用更重的熱藥，其中包含烏頭蜜，手指開始恢復正常了，這位聽眾的哥哥可以來試試看中醫的治療。</p>\n<p><strong>（語音檔案由FM96.1電台提供，文章摘錄自語音檔案內容，部分文字略有異同，敬請見諒。）</strong></p>",
  "article_time": "2015年07月21日 17:16",
  "comments": [
    {
      "id": "7b6d4c8098825e3b0e6eed320f4f32e6",
      "author": "中医太美",
      "time": "2015年11月17日 17:00",
      "content": "<p>液體在身體內的流動性是大的，因此在患者躺下時就開始咳嗽，中醫認為中膈已經有濕，而小腹的產生就是由此而生. </p>\n<p> 不明白躺下咳嗽怎么推断的是中隔有湿，不是体内寒饮吗？小腹的产生跟中隔有关系？</p>",
      "level": 0,
      "highlight": false,
      "children": [
        {
          "id": "3577c9560556e5d2d2cba0975dbad588",
          "author": "andy",
          "time": "2015年11月18日 08:35",
          "content": "<p>我回去聽了一下錄音檔，這篇摘錄的有點太簡化，如果只看文字檔，沒有聽原來的錄音，確實會讓人有些誤解，前後順序混亂掉了。我會和工作人員說一聲，要求他們不要過度簡化。</p>",
          "level": 1,
          "highlight": true,
          "children": []
        }
      ]
    }
  ],
  "page": 54,
  "order": 5,
  "filename": "data\\page54\\page54_order4_bdddee89b49537be142fd847305d1014.json"
}