{
  "article_url": "https://andylee.pro/wp/?p=6208",
  "title": "FM96.1：中醫美容，不僅要美臉，更要美內臟",
  "content": "<figure class=\"wp-block-audio\"><audio controls=\"\" src=\"https://andylee.pro/wp/wp-content/uploads/2019/10/S09242019-中醫美容，不僅要美臉，更要美內臟.mp3\"></audio></figure>\n<p><strong>（語音檔案由FM96.1電台提供，文章摘錄撰寫中，請稍加等待謝謝。）</strong></p>",
  "article_time": "2019年09月17日 22:47",
  "comments": [
    {
      "id": "fa67cbe75d3674887d6c245b58d115f2",
      "author": "淳賓",
      "time": "2019年09月30日 06:59",
      "content": "<p>為什麼臉上針幾十針的方法針多了臉會變僵硬?</p>",
      "level": 0,
      "highlight": false,
      "children": [
        {
          "id": "45fbefb6a620768e324dd71940577c03",
          "author": "andy",
          "time": "2019年09月30日 09:15",
          "content": "<p>用幾十針或者很粗的針來做臉部提升、修改輪廓等等面部美容，並不是依照中醫的方式來改善氣血、通利三焦，而是破壞皮膚下淺層筋膜組織，藉由淺層筋膜組織重新修復來達到效果，然而，每一次破壞皮膚下淺層筋膜組織都會造成無法完全消失的內部傷疤，內部傷疤多了，臉部就變僵硬了，同時，再用一樣的方法來做面部美容，也就沒有什麼效果了。</p>",
          "level": 1,
          "highlight": true,
          "children": [
            {
              "id": "0829911b478b49c1606a14a453a35c6d",
              "author": "淳賓",
              "time": "2019年10月01日 17:55",
              "content": "<p>謝謝回覆☺️</p>",
              "level": 2,
              "highlight": false,
              "children": []
            }
          ]
        }
      ]
    }
  ],
  "page": 29,
  "order": 2,
  "filename": "data\\page29\\page29_order1_45fbefb6a620768e324dd71940577c03.json"
}