{
  "article_url": "https://andylee.pro/wp/?p=6618",
  "title": "遠見雜誌高層參觀史丹佛",
  "content": "<figure class=\"wp-block-image\"><img alt=\"\" class=\"wp-image-6624\" decoding=\"async\" fetchpriority=\"high\" height=\"1024\" sizes=\"(max-width: 669px) 100vw, 669px\" src=\"https://andylee.pro/wp/wp-content/uploads/2019/11/70432969_417521038941972_6820274204802285568_n-1-1-669x1024.jpg\" srcset=\"https://andylee.pro/wp/wp-content/uploads/2019/11/70432969_417521038941972_6820274204802285568_n-1-1-669x1024.jpg 669w, https://andylee.pro/wp/wp-content/uploads/2019/11/70432969_417521038941972_6820274204802285568_n-1-1-196x300.jpg 196w, https://andylee.pro/wp/wp-content/uploads/2019/11/70432969_417521038941972_6820274204802285568_n-1-1-768x1176.jpg 768w, https://andylee.pro/wp/wp-content/uploads/2019/11/70432969_417521038941972_6820274204802285568_n-1-1.jpg 912w\" width=\"669\"/></figure>\n<p>這週挺忙碌的，除了原本看診及個人的行程外，接待了台灣知名的遠見雜誌及關係企業高層主管參觀史丹佛大學，包括遠見雜誌主編、天下文化社長兼總經理、運營平台副總經理、未來親子學習平台社長、未來親子學習平台資深編輯、哈佛商業評論(Harvard Business Review)全球繁體中文版主編等等，一位還在攻讀土木工程博士的學弟也來一起幫忙導覽。</p>\n<p>一行人中，除了兩位外，其他人都是第一次參觀史丹佛大學。我帶他們從經典的Main Quad、Memorial Church、Hoover Tower走到工學院Engineering Quad，繞到醫學院李嘉誠學習中心、Jim Clara Bio-X Center，再穿過新蓋好的生物學大樓、地震後改建的化學大樓，來到學校的醫術區 Art Quad，看到了法國羅丹的地獄門、沈思者雕塑等等。</p>\n<p>他們十分驚艷，史丹佛大學建築宏偉、規劃完善，校園中到處都是各種文化背景的藝術品，樹木花草連成一片，就連庭院的桌椅、擺設，也讓許多知名的國際度假中心相形失色。史丹佛大學為世界高科技中心矽谷的靈魂，校園中卻充滿了學術及人文氣息，音樂及體育活動盛行，不因為科技創新風潮而有任何的減少。</p>\n<p>其中幾位高層主管感觸良多的問我，這樣弘大的格局與眼界，台灣的大學，甚至全華人地區的大學，怎麼能趕得上？我告訴他，史丹佛、哈佛、柏克萊加大等世界頂尖的大學，依靠的不僅僅是龐大的經費及卓越的管理，更重要的是每一代師生的堅持，以及校友的向心力。在Memorial Church正門口，他們看到了一排刻著數字的地磚，一塊接一塊的連到了Main Guad另一頭。我告訴他們，這每一塊地磚上面刻的數字代表每一年，從1891年到今年2019年，每一位該年畢業學生的名字、論文題目及指導教授名字，都埋藏在相對的那塊地磚下面！每一位校友都是學校歷史的一部分，我們畢業後，繼續擔負了學校的使命感及榮譽心，這樣強大的向心力，才是造就世界頂尖大學的推動力。</p>\n<p>這群遠見雜誌的高層主管們，對中醫及我個人背景也非常有興趣，畢竟遠見雜誌已經採訪過我兩次。在介紹及參觀史丹佛大學前，我們已經花了不少時間討論中醫及我個人的經驗，在校園參觀時，也一面介紹學校，一面繼續討論中醫相關話題。我們一致認為中醫越來越受到各地的重視，許多的中醫理念也開始改變世人的生活習慣。然而，中醫及相關產業的整體專業度仍非常低落，更不用說那些似是而非、假借中醫之名來斂財的人事物。如果中醫產業無法快速提升自我的專業度，世界各地反而會因為中醫的普及化而制定更多、更嚴格的法規，而這些新的法規多半會是對中醫不熟悉、甚至對中醫有敵意的人來制定的，這樣將會把中醫帶入另一個浩劫。自重而人重之，中醫師及中醫愛好者不僅僅要自愛其身，更應該站出來對抗那些破壞中醫專業的人事物。Martin Luther King Jr. ：「歷史將記取的社會轉變的最大悲劇，不是壞人的喧囂，而是好人的沉默。」</p>\n<p>我有個夢想，希望未來我們有一所和史丹佛大學醫學院一樣地位與規模的正統中醫學院，秉持堅定的使命感及榮譽心，引領世人走向更健康的人生。<span style=\"background-color: rgb(232, 234, 235);\"></span></p>",
  "article_time": "2019年11月16日 16:14",
  "comments": [
    {
      "id": "3d6a6acacae62acdd6d198f0d7b7855a",
      "author": "瑞芳",
      "time": "2019年11月17日 03:10",
      "content": "<p>这个梦想太难了…</p>",
      "level": 0,
      "highlight": false,
      "children": [
        {
          "id": "ea71bb2a04c72955eab3d6daaa290cde",
          "author": "瑞芳",
          "time": "2019年11月21日 18:09",
          "content": "<p>古之传道者，皆是言传身受，全凭文字难以解之，然言传身受亦有不解之处，何也？上古之人受之，十之八九；中古之人受之，十之五六；今时之人受之，不过一二尔！</p>",
          "level": 1,
          "highlight": false,
          "children": []
        }
      ]
    },
    {
      "id": "b9959d6075881cbdc5f289193c8f0201",
      "author": "甘",
      "time": "2021年04月10日 08:45",
      "content": "<p>何人能助您成就梦想？如果可以，请算上我余生的绵薄之力。即使很难，人能在实现梦想的路上，也是幸福而充实的。我没有您的宏伟梦想，但有一个人，能成为让我后半生追随的目标，来救赎我前半生犯下的错，也成了我余生的方向。</p>",
      "level": 0,
      "highlight": false,
      "children": [
        {
          "id": "843332700b4940bc5ae773a79c98cff7",
          "author": "李宗恩",
          "time": "2021年04月11日 18:01",
          "content": "<p>感謝你的支持，如果有機緣，一定請你加入幫忙的行列。</p>",
          "level": 1,
          "highlight": true,
          "children": []
        }
      ]
    }
  ],
  "page": 29,
  "order": 8,
  "filename": "data\\page29\\page29_order7_853de9599a93b7ef1ed60167e9fbd668.json"
}