{
  "article_url": "https://andylee.pro/wp/?p=3749",
  "title": "FM96.1 : 談奧運選手引發的中醫熱",
  "content": "<!--[if lt IE 9]><script>document.createElement('audio');</script><![endif]-->\n<audio class=\"wp-audio-shortcode\" controls=\"controls\" id=\"audio-3749-1\" preload=\"none\" style=\"width: 100%;\"><source src=\"https://andylee.pro/wp/wp-content/uploads/2016/09/drcase_20160816_511-544pm_28m07s_converted.mp3?_=1\" type=\"audio/mpeg\"/><a href=\"https://andylee.pro/wp/wp-content/uploads/2016/09/drcase_20160816_511-544pm_28m07s_converted.mp3\">https://andylee.pro/wp/wp-content/uploads/2016/09/drcase_20160816_511-544pm_28m07s_converted.mp3</a></audio>\n<p>最近報章媒體拍攝到里約奧運的運動選手，身上遺留下拔罐的痕跡，更有日本的百米記錄選手，在某些穴位上黏著貼布，這些方法對於運動傷害和復原有良好的功用，某些穴位如：臍上四吋，中脘，胃之募穴，可強健胃氣；足三里，對於強健腿力有良好的效果。現代拔罐的儀器進步，多數中醫使用真空拔罐的原理，在患部先進行熱敷，或是使用紅外線烤燈，　取代傳統火罐的使用，又安全又可達到傳統火罐的效用，對於局部的勞損很有幫助。</p>\n<p>＂冷敷　＂，在許多運動場上用來冰敷選手受傷的部位，這個方法是三十年前，一位西醫所提出的方法，而早在幾年前這位醫師公開承認，這是錯誤的步驟，雖然這個方法可以暫時減少紅腫的發生，但血液循環降低同時也減慢復原速度。受傷時，讓部位疼痛緩解後，使用熱敷增加血液循環，讓患處更快修復，針灸的治療更可以增加患處氣血的充營，恢復運動的功能。</p>\n<p>運動可以強身健體，許多民眾使用化學營養品補充鍛鍊後的肌肉，的確可以增加肌肉的質量，另一方面間接傷害腎臟，而停止使用後肌肉也容易回復，而中藥方劑＂小建中湯＂，主要功用可以健脾，脾主四肢肌肉，這類方劑對於運動恢復有事半功倍效果，甚至沒有化學營養品所造成的副作用。</p>\n<p>案例一：李女士，關節置換手術後，需要冷敷或是熱敷，而時間的長短如何掌握？</p>\n<p>置換關節材料不同，處置的方式也有差異，必須詢問西醫手術的醫師，一開始西醫避免術後發炎的反應，醫師會建議冷敷。建議患者可以在＂絕骨穴＂，外踝上三吋處按壓，對於手術多少有些幫助。</p>\n<p>案例二：陳女士，西醫診斷慢性咽喉炎，近日有白色泡沫痰，</p>\n<p>西醫給予抗生素治療慢性咽喉炎，中醫認為氣滯痰飲於喉部，中藥方劑＂半夏厚朴湯＂就可以解決這類問題，但是咳出的痰中帶有小米粒狀且濃稠，就必須考慮到肺的問題，建議親自就診找出確切原因。</p>\n<p><strong>（語音檔案由FM96.1電台提供，文章摘錄自語音檔案內容，部分文字略有異同，敬請見諒。）</strong></p>",
  "article_time": "2016年08月16日 17:09",
  "comments": [
    {
      "id": "c7feaeccd540957f10f84d0345aacbef",
      "author": "逍遙中醫",
      "time": "2016年09月20日 18:10",
      "content": "<p>中國人從來都喜歡 “出口轉內銷”,<br/>\n十年前韓國拍的 “大長今” 劇集大熱,<br/>\n中國人才醒悟, 原來中醫針灸那麼厲害,<br/>\n於是, 中醫中藥又來一場大熱…..</p>\n<p>近日奧運運動員身上出現拔罐痕跡,<br/>\n大家又對這遠古的中醫外治法感興趣,<br/>\n焦點又投向中醫這種 “另類” 醫學上去!</p>\n<p>也好吧, 畢竟真的多了年輕才來,<br/>\n找中醫拔拔火罐, 應個潮流…..</p>",
      "level": 0,
      "highlight": false,
      "children": [
        {
          "id": "e3a9ace8738351f6968eb1bcee68a431",
          "author": "andy",
          "time": "2016年09月22日 08:58",
          "content": "<p>中國人的民族自信心在苦難的一百多年中已經喪失，即使現在中國有錢了，充裕的物質還是無法彌補失去的根。臉書的Mark Zuckerberg剛剛宣佈拿出30億美金來推動新的西醫學研究，什麼時候中國的鉅富才會願意拿出同等的資金來推動中醫研究？即使捐錢，也捐給了什麼「癌症質子治療」等等，聽起來非常先進的西醫治療方法，臨床效用卻不如中醫。中醫是已經有療效卻沒人注意，西醫研究是還看不見什麼療效，大家就搶著投錢，好像這樣才趕得上時髦。</p>",
          "level": 1,
          "highlight": true,
          "children": []
        }
      ]
    }
  ],
  "page": 47,
  "order": 10,
  "filename": "data\\page47\\page47_order9_a7b8c3c05047fbb08e3342cb020ac7ca.json"
}