{
  "article_url": "https://andylee.pro/wp/?p=3533",
  "title": "廣州中醫藥大學教授群來訪",
  "content": "<p><a href=\"https://andylee.pro/wp/wp-content/uploads/2016/04/IMG_2519.jpg\"><img alt=\"IMG_2519\" class=\"alignnone size-large wp-image-3531\" decoding=\"async\" fetchpriority=\"high\" height=\"768\" sizes=\"(max-width: 1024px) 100vw, 1024px\" src=\"https://andylee.pro/wp/wp-content/uploads/2016/04/IMG_2519-1024x768.jpg\" srcset=\"https://andylee.pro/wp/wp-content/uploads/2016/04/IMG_2519-1024x768.jpg 1024w, https://andylee.pro/wp/wp-content/uploads/2016/04/IMG_2519-300x225.jpg 300w, https://andylee.pro/wp/wp-content/uploads/2016/04/IMG_2519-768x576.jpg 768w, https://andylee.pro/wp/wp-content/uploads/2016/04/IMG_2519-640x480.jpg 640w, https://andylee.pro/wp/wp-content/uploads/2016/04/IMG_2519.jpg 1280w\" width=\"1024\"/></a></p>\n<p>這週廣州中醫藥大學多位醫學教授及專家來加州演講與交流，領團的是知名的國際經方班主辦人、廣州中醫藥大學經典臨床研究所所長李賽美教授，很高興地與這麼多位的友人交流並帶他們參觀史丹佛大學。李賽美教授當面再度邀請我參加今年十一月在廣州舉辦的第六屆國際經方班大型中醫研討會，盛情難卻，我很榮幸地再次答應前往廣州演講教學。</p>\n<p><a href=\"https://andylee.pro/wp/wp-content/uploads/2016/04/IMG_2518.jpg\"><img alt=\"IMG_2518\" class=\"alignnone size-large wp-image-3532\" decoding=\"async\" height=\"768\" sizes=\"(max-width: 1024px) 100vw, 1024px\" src=\"https://andylee.pro/wp/wp-content/uploads/2016/04/IMG_2518-1024x768.jpg\" srcset=\"https://andylee.pro/wp/wp-content/uploads/2016/04/IMG_2518-1024x768.jpg 1024w, https://andylee.pro/wp/wp-content/uploads/2016/04/IMG_2518-300x225.jpg 300w, https://andylee.pro/wp/wp-content/uploads/2016/04/IMG_2518-768x576.jpg 768w, https://andylee.pro/wp/wp-content/uploads/2016/04/IMG_2518-640x480.jpg 640w, https://andylee.pro/wp/wp-content/uploads/2016/04/IMG_2518.jpg 1280w\" width=\"1024\"/></a></p>",
  "article_time": "2016年04月20日 08:53",
  "comments": [
    {
      "id": "9ee1bd2ceb7770967009f85e48021802",
      "author": "maggie",
      "time": "2016年05月04日 17:52",
      "content": "<p>赞</p>",
      "level": 0,
      "highlight": false,
      "children": []
    }
  ],
  "page": 47,
  "order": 6,
  "filename": "data\\page47\\page47_order5_c3b9eb2c22fb5fd65b2aea04ea1995cd.json"
}