{
  "article_url": "https://andylee.pro/wp/?p=3547",
  "title": "中國醫藥大學 4/28演講視頻與投影片",
  "content": "<p>這次赴中國醫藥大學交流演講，收穫很多。三場的演講，亦得到了不少的迴響。主辦單位因為技術與人力分配，錄影了最長的一場演講，其它兩場內容也大多有包含在這場演講，因此，我們與大家分享這場演講的視頻。視頻有三段，共約兩個半小時，YouTube會自動切換。至於中國大陸的讀者們，診所工作同仁會試著把視頻傳上Youku網，讓大家可以看，如果有那位大陸的讀者能幫忙轉檔，也非常感謝。</p>\n<p>視頻：</p>\n<p><iframe allow=\"accelerometer; autoplay; clipboard-write; encrypted-media; gyroscope; picture-in-picture; web-share\" allowfullscreen=\"\" frameborder=\"0\" height=\"281\" referrerpolicy=\"strict-origin-when-cross-origin\" src=\"https://www.youtube.com/embed/videoseries?list=PLigHre30xv8MyrBzKGWvGttIwpwIHooHH\" title=\"【系學會教學部】【 李宗恩博士 中醫對重症的治療-重症病例討論】\" width=\"500\"></iframe></p>\n<p>投影片：<a href=\"https://drive.google.com/file/d/0B8QOcoOKJCqJU29VejNSd2lBRmc/view\">https://drive.google.com/file/d/0B8QOcoOKJCqJU29VejNSd2lBRmc/view</a></p>\n<p>除了演講之外，與中國醫藥大學李文華校長及其他教授們交談有很多的共鳴與火花，同時亦開始合作來檢視中醫臨床治療效果，讓人十分振奮。這些部分，我會另外寫幾篇文章與大家分享，不過可能等一兩週，我剛回到加州，許多事情得處理，暫時分不出太多時間寫文章。</p>\n<p><a href=\"https://andylee.pro/wp/wp-content/uploads/2016/05/13177213_869379843205891_8523488562543111199_n.jpg\"><img alt=\"13177213_869379843205891_8523488562543111199_n\" class=\"alignnone size-full wp-image-3553\" decoding=\"async\" fetchpriority=\"high\" height=\"540\" sizes=\"(max-width: 960px) 100vw, 960px\" src=\"https://andylee.pro/wp/wp-content/uploads/2016/05/13177213_869379843205891_8523488562543111199_n.jpg\" srcset=\"https://andylee.pro/wp/wp-content/uploads/2016/05/13177213_869379843205891_8523488562543111199_n.jpg 960w, https://andylee.pro/wp/wp-content/uploads/2016/05/13177213_869379843205891_8523488562543111199_n-300x169.jpg 300w, https://andylee.pro/wp/wp-content/uploads/2016/05/13177213_869379843205891_8523488562543111199_n-768x432.jpg 768w\" width=\"960\"/></a></p>\n<p><a href=\"https://andylee.pro/wp/wp-content/uploads/2016/05/13118840_865989473544928_5344567592285221617_n.jpg\"><img alt=\"13118840_865989473544928_5344567592285221617_n\" class=\"alignnone size-full wp-image-3554\" decoding=\"async\" height=\"394\" sizes=\"(max-width: 296px) 100vw, 296px\" src=\"https://andylee.pro/wp/wp-content/uploads/2016/05/13118840_865989473544928_5344567592285221617_n.jpg\" srcset=\"https://andylee.pro/wp/wp-content/uploads/2016/05/13118840_865989473544928_5344567592285221617_n.jpg 296w, https://andylee.pro/wp/wp-content/uploads/2016/05/13118840_865989473544928_5344567592285221617_n-225x300.jpg 225w\" width=\"296\"/></a></p>\n<p><a href=\"https://andylee.pro/wp/wp-content/uploads/2016/05/13174205_869379903205885_5941115941694082187_n.jpg\"><img alt=\"13174205_869379903205885_5941115941694082187_n\" class=\"alignnone size-full wp-image-3548\" decoding=\"async\" height=\"540\" loading=\"lazy\" sizes=\"auto, (max-width: 960px) 100vw, 960px\" src=\"https://andylee.pro/wp/wp-content/uploads/2016/05/13174205_869379903205885_5941115941694082187_n.jpg\" srcset=\"https://andylee.pro/wp/wp-content/uploads/2016/05/13174205_869379903205885_5941115941694082187_n.jpg 960w, https://andylee.pro/wp/wp-content/uploads/2016/05/13174205_869379903205885_5941115941694082187_n-300x169.jpg 300w, https://andylee.pro/wp/wp-content/uploads/2016/05/13174205_869379903205885_5941115941694082187_n-768x432.jpg 768w\" width=\"960\"/></a></p>",
  "article_time": "2016年05月04日 20:52",
  "comments": [
    {
      "id": "1d18e3b14f7045478f6365b3ada78e64",
      "author": "魯豆腐",
      "time": "2016年05月05日 12:22",
      "content": "<p>感謝您精心提出的這些資料，對我來說是很好的溫習資料，相信對中國醫藥大學的教授和學生們亦造<br/>\n成一種正面的思考衝擊作用，讓他們知道學習的方向是否走偏了，會否導回正確的學習路線，一場很好的衝突性學習。</p>",
      "level": 0,
      "highlight": false,
      "children": []
    },
    {
      "id": "1ed68999f575d8365dbbb83be8fda0ff",
      "author": "fly999",
      "time": "2016年05月14日 06:07",
      "content": "<p>我傳到Youku上了，等審核過了發出來。</p>",
      "level": 0,
      "highlight": false,
      "children": []
    },
    {
      "id": "98f41312a03ae2d3cf6c60d57950d9ee",
      "author": "fly999",
      "time": "2016年05月14日 06:57",
      "content": "<p>Youku播放地址：<br/>\n<a href=\"http://v.youku.com/v_show/id_XMTU3MDI2NjM4MA==.html?f=27249254\" rel=\"nofollow ugc\">http://v.youku.com/v_show/id_XMTU3MDI2NjM4MA==.html?f=27249254</a></p>",
      "level": 0,
      "highlight": false,
      "children": [
        {
          "id": "6011c16f641013a4d6c92e1de070c3c4",
          "author": "andy",
          "time": "2016年05月19日 17:16",
          "content": "<p>謝謝幫忙轉檔！</p>",
          "level": 1,
          "highlight": true,
          "children": []
        }
      ]
    },
    {
      "id": "fa702e83f96cdb90e340d93ca2d54645",
      "author": "刘斌",
      "time": "2024年11月28日 06:31",
      "content": "<p>这个视频的投影片链接打不开了，请问李老师能不能再给上传一下这个视频的ppt呀，谢谢李老师了。</p>",
      "level": 0,
      "highlight": false,
      "children": [
        {
          "id": "f43a749b1c5c0b77e5fea8e518aa41b4",
          "author": "送你座帆船",
          "time": "2024年11月29日 12:18",
          "content": "<p>bilbil有这个讲座的视频，ppt不重要，重要的是说的理论</p>",
          "level": 1,
          "highlight": false,
          "children": []
        },
        {
          "id": "1b8097064bbcd0e3174c8a646f959a6e",
          "author": "李宗恩",
          "time": "2024年12月10日 13:44",
          "content": "<p>太久以前了，Google連結已經過期。</p>",
          "level": 1,
          "highlight": true,
          "children": []
        }
      ]
    }
  ],
  "page": 47,
  "order": 4,
  "filename": "data\\page47\\page47_order3_6011c16f641013a4d6c92e1de070c3c4.json"
}