{
  "article_url": "https://andylee.pro/wp/?p=3789",
  "title": "卵巢囊腫",
  "content": "<p>雖然我常常看卵巢囊腫的病人，治療效果也不錯，每次聽到病人的好消息，還是會高興一下下。</p>\n<p>昨天一對台大的學弟妹夫婦來複診，他們都三十多歲，也都是學電機工程的。太太三個月前初診時告訴我，西醫檢查出來她有卵巢囊腫，大小接近7公分，超過一般婦產科醫生認為的5公分「安全範圍」。同時，掃描顯示約一半偏向密度高的物質，而非常見的水狀物質。這種情況下，婦產科醫生認為不會像一般較小、較偏水囊的卵巢囊腫會在兩三個月左右自己消掉，因而通常會建議開刀拿掉。</p>\n<p>這位學妹在完全以中醫的方式治療下，九月下旬掃描檢查顯示，卵巢囊腫已經消到3公分以下，原本看到的密度高部分也已經不見了，剩下的全部是「安全很多」的水狀物質，婦產科醫生認為已經不需要西醫治療，只要每半年檢查一下即可。</p>\n<p>這位學妹告訴我，他們本來已經把十一月感恩節假期保留下來，如果卵巢囊腫沒有縮小，他們打算拿那段時間來進行卵巢囊腫切除手術，現在卵巢囊腫縮小了，不用做手術了，他們很高興地安排去夏威夷度假，夫婦帶兩個小孩去好好享受親子之情。不用去開刀，全家去度假，是件非常好的事情，我也很替他們感到高興。</p>\n<p>至於中醫怎麼治療卵巢囊腫的，每一個病例都不太一樣，我在這裡就不把這個病人的中藥處方一一列出，以免有些卵巢囊腫的讀者自己跑去中藥店抓藥，而不去找專業的中醫師好好看診。不過，這個病例治療的大方向倒是沒什麼複雜，基本上以強心陽讓小腸、少腹、卵巢子宮熱起來為主，加上通利水道及一點點活血化瘀，兼顧補血，專業的中醫師應該很容易了解我的思維。</p>\n<p> </p>",
  "article_time": "2016年09月29日 11:48",
  "comments": [
    {
      "id": "e5e6e4a494ea68c17ea4aea5589ca675",
      "author": "魯豆腐",
      "time": "2016年09月29日 17:56",
      "content": "<p>美國的西醫還算有良心，不會為了績效而開刀，台灣多的是為業績而開刀的醫生，既然病人敢進來，焉有不宰之理</p>",
      "level": 0,
      "highlight": false,
      "children": [
        {
          "id": "81ff51129b4c495cde0c0368e53127a8",
          "author": "andy",
          "time": "2016年09月30日 10:32",
          "content": "<p>是的，基本而言，我也覺得美國的西醫比台灣和大陸的西醫有良心，但是，還是得看每個醫生個別的情況。</p>",
          "level": 1,
          "highlight": true,
          "children": [
            {
              "id": "189c3c4544d47aeb7a094acdda08aa51",
              "author": "apple",
              "time": "2016年10月03日 20:05",
              "content": "<p>真的要看運氣勒.<br/>\n我老公多年前動了rotator cuff surgery,之後一切”安好”,他很開心.<br/>\n(註:開刀之前他痛了十年,但每次痛我就用紅花油幫他按摩後就好久都不會痛,後來有保險之後醫生說他必須開刀,還說不敢相信他可以忍痛這麼久,其實已經好多年都沒痛了,但因為有保險了所以想去檢查以免以後沒保險有問題就GG惹XD)<br/>\n結果今年砍院子裡的樹叢後又開始痛了,去檢查醫生說之前醫生處理的不好,所以還要再開刀,還說現在不開以後老了也是免不了一刀.<br/>\n所以勒,很容易被恐嚇的北七就乖乖去挨刀,復健完再去給開刀醫師確認,結果醫師說”其實你這個不開刀也可以”!!!!!!!!!</p>\n<p>各位看倌你說該哭還是該笑?????</p>",
              "level": 2,
              "highlight": false,
              "children": []
            }
          ]
        }
      ]
    },
    {
      "id": "ac7bc77e4adbdab07b1a3779ee21dfa0",
      "author": "君荷",
      "time": "2024年11月25日 05:07",
      "content": "<p>李老师，您好！有几个问题想要请教您:<br/>\n(1）卵巢囊肿是痰湿或血瘀的组成，所以病因可能是小肠冷，也可能是病人脾虚不能运化湿?您在本文的病例中使用的通利水道药物就是健脾的思路吧？<br/>\n(2)肝囊肿、肾囊肿的病因以及治疗原则是否跟卵巢囊肿类似?<br/>\n(3)摄护腺增生钙化，应该也是一样的思路，对吗？<br/>\n(4）总而言之，囊肿、结节、增生都是身体里面应该代谢掉却没有代谢掉的痰湿、淤血。所以，健脾通利水道是必须的；如果是下焦寒冷导致的，还要把心阳往下引；如果是肺结节，肺是娇脏，不用活血化瘀的重药，苓桂术甘汤＋半夏厚朴汤加减。我的总结对吗？</p>\n<p>我在您的网站中学到了很多很多，感恩李老师。祝您工作顺利，生活愉快！</p>",
      "level": 0,
      "highlight": false,
      "children": [
        {
          "id": "f8a3407bd08e290a912c454dfdbe9cd9",
          "author": "送你座帆船",
          "time": "2024年11月27日 06:01",
          "content": "<p>病因可以很多，但是证差不多一样，还是要整体来看</p>",
          "level": 1,
          "highlight": false,
          "children": []
        },
        {
          "id": "f9110e7649ce1db7276f80e14a6723a4",
          "author": "李宗恩",
          "time": "2024年12月09日 04:45",
          "content": "<p>（1）小腸冷和脾虛不能運化濕，兩者並沒有衝突，兩者也常常一起出現（2）不一樣（3）不要看到一個西醫病名，就想著連結中醫什麼治療方式，已經說過很多次了（4）不知道該怎麼回答你，不能說不對，但你把問題過度單純化。</p>",
          "level": 1,
          "highlight": true,
          "children": []
        }
      ]
    }
  ],
  "page": 44,
  "order": 6,
  "filename": "data\\page44\\page44_order5_f9110e7649ce1db7276f80e14a6723a4.json"
}