{
  "article_url": "https://andylee.pro/wp/?p=3991",
  "title": "視力減退 – 養兒育女必須知道的21件中醫知識（6）",
  "content": "<p>受到電子科技進步的影響，現在小孩子的「screen time（屏幕時間）」遠遠超過以前，iPhone、iPad、 Pokemon Go、Xbox、 PS4、Kindle等等，許多小孩子連小學都還沒有上，就已經戴上眼鏡，一付老氣橫秋的樣子！</p>\n<p>不用說爸爸媽媽也知道，過長時間盯著小小的電子屏幕看，非常容易得近視及散光，特別是在光線黯淡下，瞳孔放大，局部的視網膜受到強度過高的電子屏幕光線刺激，沒有十分鐘，就看得出來小孩子的眼睛瞇瞇的、虛虛的樣子，中醫的「望神」好像就差了一半！所以，想要小孩子視力保持良好，首要是避免長時間、低光度下使用電子產品。</p>\n<p>再來是飲食及生活習慣。中醫認為肝開竅在眼睛，因此，任何對肝臟不利的飲食及生活習慣，都會直接或間接的傷害視力，譬如說太晚睡覺、補血的紅肉吃太少、吃太多充滿人工添加物的零食、服用大量的維他命等營養補充產品等等。另外，小孩子上小學前，視力有些問題，不要急著戴眼鏡，眼科醫生會說要及早戴眼鏡彌補，以免視力變得更差，其實不然。在許多的臨床案例看來，小孩子在成長過程裡，本來就會身體一部分長得快、一部分長得慢，這也就是為什麼小孩子某些時段上，身體個部分的比例有時候會看起來怪怪的。眼睛及四週的結構也是一樣，在成長的過程中，有時候會因為人體組織生長的快慢不同，而導致暫時的視力不良或散光。一旦戴上了眼鏡，等於是強迫眼睛接受這樣的調整，反而是「假性近視、散光」變成「真性近視、散光」。</p>\n<p>那麼中醫怎麼治療近視及散光？最好的方式是在睛明穴下針。睛明穴下針，會讓眼睛的氣血大增，讓人體自我修復，對視力有很大的幫助。這次我到廣州參加第六屆國際經方班，遇到了馬來西亞中醫工會理事長、馬來西亞中醫學院謝奇教授，他臨床針灸44年，花很多時間臨床研究睛明穴的效用，也和眼科醫師一起做比較，大量臨床案例證明睛明穴下針對近視、散光、老花眼、青光眼、白內障等等眼科問題有很大的幫助。與會演講的專家們，有一天晚上一起用餐時，謝奇教授正好坐在我旁邊，他特意跟我解釋，他發現睛明穴下針得進針1.5寸，偏向眼球6度，會有刺到一個特定點的感覺，效果特別好！</p>\n<p>不過，在睛明穴下針，病人得要有十足的勇氣，畢竟針是得刺進眼眶裡。同時，雖然不會刺到眼球，眼球後方四週有很多細小的微血管，如果留針時眼睛亂動，很容易變成「熊貓眼」，雖然只是暫時瘀血，一兩週就會消掉，但是，不明白的人，會以為是家暴，學校老師看到小孩子熊貓眼，搞不好會以為被爸爸媽媽虐待，立刻通報社工人員！</p>\n<p>有沒有其它的辦法？當然有。我們可以不針睛明穴，改下攢竹、絲竹空、太陽、陽白透魚腰等等眼眶外面的穴位，或者再加上手腳上對眼睛或肝有幫助的穴位，譬如光明穴等等。</p>\n<p>如果小孩子怕下針，能不能用按摩的？可以，不過，最適合按摩的地方反而不是這些穴位，最好的按摩部位是沿著眼眶內緣按摩一圈。如果你用手指頭隔著眼皮輕輕按入眼眶內緣，你可能會發現有些很小很小像沙粒樣子的小小凸點，那其實代表眼睛及四週的氣血不是很足夠。如果你沿著眼眶內緣慢慢按摩，手指左右左右按動，沿著眼眶內緣按一整圈，大約10～15分鐘一圈，幾天下來，你會發現那些沙粒樣子的小小凸點不見了，眼睛也好像比較輕鬆了。 這樣每天按摩兩個眼眶內緣，連續兩個月，小孩子的視力會大幅改善。不過，要記得把指甲剪好、修平，免得刮傷小孩子的眼皮，同時一定要先好好洗手，免得眼睛感染。如果使用磨的很平滑的牛骨棒代替手指來按摩，效果會更好。</p>\n<p>不過，從臨床的經驗看來，許多的爸爸媽媽，通常自己很忙，寧可讓小孩子戴「角膜塑型片（Ortho-K）」，也不願意花時間陪小孩子說說故事，順便按摩眼眶30分鐘。請記住，角膜塑型片只是硬式的隱形眼鏡鏡片，利用晚上睡覺時長時間的配戴，強迫眼角膜的形狀，利用物理性質讓小孩子的視力暫時恢復，但是並非真的增強眼睛的康復力，最多也只是治標不治本。還是多陪陪孩子，多幫他們按摩眼眶吧，保證不只是視力轉好，親子關係也會更加的緊密！</p>\n<p> </p>",
  "article_time": "2016年11月28日 15:58",
  "comments": [
    {
      "id": "9de492f20f287cbe4778791f963d0154",
      "author": "魯豆腐",
      "time": "2016年11月28日 18:23",
      "content": "<p>此篇真是確實切中所有為人父母者的要害，太受用了，感謝您</p>",
      "level": 0,
      "highlight": false,
      "children": []
    },
    {
      "id": "707d0f06a25f87d71466568bcf97d7c6",
      "author": "张张",
      "time": "2016年12月15日 12:35",
      "content": "<p>李医师您好，看到您这篇文章很是庆幸，可能是东方人体质原因，近视概率比西方人高，现在所有的西医方法无论手术或者配镜，都是治标不治本，特别是手术可以算作美容范畴，非治病，后遗症甚至失明，大陆地区中医衰微，针术徒有其表，为什么这么说，虽然每个中医院都是针灸科，但是都是无关痛痒的地方给扎，你说的眼部这么高危的地方，不是患者不愿意，是医生不愿意。在此想和您请教一下按摩的方法的细节，这样患者就能自救了，万分感激！<br/>\n问题1、按摩方向是不是，从眼角开始沿下眼眶内侧向眼尾左右按摩，按摩到眼尾后再继续从眼尾到眼角，沿上眼框内侧左右按摩直到眼角，完成一周的按摩，方向对吗？<br/>\n问题2、刚才试了一下以上的按摩法，按过后睁眼，视野模糊，过一会后， 视野恢复，这是说明按摩方法正确是正常现象，还是按摩错误？<br/>\n问题3、您说的牛骨棒，有图吗，什么样子的牛骨棒适合这种按摩，可以给大家参考一下器具的形态吗？<br/>\n问题比较多，但是这么实用的方法，希望孩子大人都能掌握，李医师您功不可没！赞叹！</p>",
      "level": 0,
      "highlight": false,
      "children": [
        {
          "id": "5fe7a7b4b18eea667fdbb42f098abd08",
          "author": "andy",
          "time": "2016年12月15日 10:33",
          "content": "<p>按摩方向沒什麼差別，多試幾次就會順手。什麼形狀的牛骨棒沒什麼差別，只要好用、不傷到眼睛及眼睛四周就可以了。</p>",
          "level": 1,
          "highlight": true,
          "children": []
        }
      ]
    },
    {
      "id": "36e305f07cb422bd7505c1768bf78f1a",
      "author": "张张",
      "time": "2016年12月15日 12:57",
      "content": "<p>第二个问题有关于静脉曲张的治疗，看过张孟超医生的治疗视频，通过三菱针委中穴放血治疗，达到消除血管肿胀，但是这一方法我请教了我身边的明医（非贬义），经他叙述，静脉曲张的器质性原因是静脉瓣膜闭合不全，导致血流出现逆流，淤住血管导致血管肿胀病变，放血疗法，经过她的实践操作，虽然可以一时将淤血排除，但是根本原因，静脉瓣膜闭合不全并没有恢复，有的病人一天都不到，如果站立或者走动，血管恢复肿胀状态，因为瓣膜不全，新鲜血液照样会逆流，以上论述纯粹从器质性上面的解释。<br/>\n在此向您请教，再委中穴放血后，是不是可以通过艾灸的方法，可以恢复静脉瓣膜的功能，达到治愈静脉曲张的目的，有个穴位好像是可以缓解下肢肿胀的状态，关元穴，有没有其他更加针对性的穴位，如果有可否公开一下吗？毕竟大陆这边很多患者最终都求助于手术治疗，后患无穷，又无可奈何。万分感激！</p>",
      "level": 0,
      "highlight": false,
      "children": [
        {
          "id": "92ab3332a3858bb0363df4c17f9391d8",
          "author": "andy",
          "time": "2016年12月15日 10:39",
          "content": "<p>一個瓶子蓋不上蓋子，不一定是蓋子有問題，也很有可能是瓶子變形了。換句話說，靜脈瓣膜閉合不全，很多是靜脈的問題，而非瓣膜變形了。嚴重的靜脈曲張，單單靠放血或艾灸是很難治好的，還是得服用中藥。</p>",
          "level": 1,
          "highlight": true,
          "children": [
            {
              "id": "c8f7143d39951123f8e7a871d6f6b39f",
              "author": "张张",
              "time": "2016年12月15日 20:55",
              "content": "<p>您有治愈的案例可以分享一下吗，如果是单纯性的静脉曲张，服药期间一般多长？</p>",
              "level": 2,
              "highlight": false,
              "children": [
                {
                  "id": "e29211b18016b33502b1e81bfd9f032d",
                  "author": "andy",
                  "time": "2016年12月20日 20:16",
                  "content": "<p>每個病人都不一樣，沒用什麼「一般多長」這樣的答案。</p>",
                  "level": 3,
                  "highlight": true,
                  "children": [
                    {
                      "id": "461e24125e65cc020ecd3579448488d5",
                      "author": "张张",
                      "time": "2016年12月21日 17:28",
                      "content": "<p>谢谢您的每一次回复，只是我的问题太烂了，抱歉</p>",
                      "level": 4,
                      "highlight": false,
                      "children": []
                    }
                  ]
                }
              ]
            }
          ]
        }
      ]
    },
    {
      "id": "e637318c10f4f4a1e67d9b521a0b1b38",
      "author": "医学僧",
      "time": "2017年02月26日 04:12",
      "content": "<p>李医师，您好，又打扰您了！我的视力现在特别不好，经常长时间使用手机和电脑，我是学中医的，我们老师给推荐的是石斛夜光丸，我试过了，效果不明显；六味地黄丸加枸杞、菊花泡茶，我也试过了，效果也不明显，现在看东西、看文字特别模糊，眼前有血丝跟着眼球一起运动，晚上睡觉中间醒来的时候，感觉眼皮里面像隔着什么东西，早上醒来就没有这种感觉了，一天当中眼睛最舒服的时候是中午，最不舒服的时候是阴天的时候，看什么什么看不清楚。我从初中就开始戴眼镜了，我现在还在读书，像我这样的近视，您文中说到得按摩方法，对我有用吗？能推荐一些中成药给我吗?大陆能够容易买到的，国外的中药虽然好，实在是太贵了。<br/>\n谢谢您~</p>",
      "level": 0,
      "highlight": false,
      "children": [
        {
          "id": "4b40a1534e6539e290665fcab667d3a6",
          "author": "andy",
          "time": "2017年03月03日 22:07",
          "content": "<p>你得就近找好的中醫師看診，不是在網路上學個按摩方法，或者要個什麼成方就可以解決問題的。</p>",
          "level": 1,
          "highlight": true,
          "children": [
            {
              "id": "4b1cb62d3644984cf766cf7ecc20052e",
              "author": "医学僧",
              "time": "2017年03月04日 19:14",
              "content": "<p>嗯，您说得有道理</p>",
              "level": 2,
              "highlight": false,
              "children": []
            }
          ]
        }
      ]
    },
    {
      "id": "22c5db492247c8138e350b5e7a727b0a",
      "author": "Tutufairy",
      "time": "2017年06月03日 15:43",
      "content": "<p>請教李醫師，天生眼睛遠視及兩眼視差（眼科醫生診斷兩個眼球不一樣大小）導致的弱視，是不是也不宜趁早戴眼鏡呢？（小女5歲半）弱視在中醫上有解嗎？謝謝李醫師</p>",
      "level": 0,
      "highlight": false,
      "children": [
        {
          "id": "dda1f548469762467114e2ab463bf65d",
          "author": "andy",
          "time": "2017年06月19日 11:03",
          "content": "<p>時差太大，會有現實生活上的問題，得多方面考慮。弱視中醫是可以改進，但是能不能恢復到正常狀態，那就得看個案了。</p>",
          "level": 1,
          "highlight": true,
          "children": []
        }
      ]
    },
    {
      "id": "1dc95395a8957ab53ecf209904b0f024",
      "author": "Raymond",
      "time": "2017年06月12日 12:44",
      "content": "<p>Dr. Lee,</p>\n<p>Could you recommend 中醫倪海廈’s students or colleagues who practice in New York City area?</p>\n<p>Thanks,</p>",
      "level": 0,
      "highlight": false,
      "children": [
        {
          "id": "dda02400d7d589541b25e39720e5dabd",
          "author": "andy",
          "time": "2017年06月19日 11:03",
          "content": "<p>Please check Dr. Ni’s old website <a href=\"http://www.hangtang.com\" rel=\"nofollow ugc\">http://www.hangtang.com</a> for the information.</p>",
          "level": 1,
          "highlight": true,
          "children": []
        }
      ]
    },
    {
      "id": "b5e1745e159dc01f44e4a04befb9a5b6",
      "author": "也想请教下，儿童单纯轻度近视，请问咱们中医可以调理吗？",
      "time": "2017年08月08日 23:13",
      "content": "<p>李老师，您好。看到您这篇文章，晚上来给孩子按摩，简单易行，感恩您！也想请教下，儿童单纯轻度近视，请问咱们中医可以调理吗？谢谢您。</p>",
      "level": 0,
      "highlight": false,
      "children": [
        {
          "id": "73613e8912c83bb7889d745476c63042",
          "author": "andy",
          "time": "2017年08月10日 09:45",
          "content": "<p>可以。</p>",
          "level": 1,
          "highlight": true,
          "children": []
        }
      ]
    },
    {
      "id": "361e38a699fe6ff37cfe7d0c646ae9be",
      "author": "RayZ",
      "time": "2017年09月02日 21:51",
      "content": "<p>李博士你好，成人近视度数上千的适合用这个按摩方法吗</p>",
      "level": 0,
      "highlight": false,
      "children": [
        {
          "id": "ca27e5c95105caa46833811c3302c1e0",
          "author": "andy",
          "time": "2017年09月05日 14:38",
          "content": "<p>會有些幫助，減緩老化，但是視力變回20/20應該是不可能的。</p>",
          "level": 1,
          "highlight": true,
          "children": []
        }
      ]
    },
    {
      "id": "a63bfb064029d87b934aa3294a8f3ff7",
      "author": "Gordon",
      "time": "2018年12月16日 12:44",
      "content": "<p>andy ，您好，请问小孩近视除了按摩，有没有从中药方面用药，或者有没有简便的代茶饮（用中药泡茶喝）。</p>",
      "level": 0,
      "highlight": false,
      "children": [
        {
          "id": "626985ec4e1fdea7694271ea3ebfc878",
          "author": "andy",
          "time": "2018年12月21日 09:37",
          "content": "<p>一般人在沒有看專業中醫師下，可以試一試明目地黃丸，但是，我還是建議找中醫師看診，因為小孩子可能有其它問題，譬如脾胃問題導致消化吸收不好，因而肝血不足、視力不良，不去治療脾胃，一直服用明目地黃丸，是不能解決問題的。</p>",
          "level": 1,
          "highlight": true,
          "children": []
        }
      ]
    },
    {
      "id": "1034d47efde587fa363329296623e085",
      "author": "明遠",
      "time": "2019年07月07日 22:09",
      "content": "<p>李醫師 您好:</p>\n<p>倪老師說:眼睛的問題，把所有治眼睛的藥找出來，然後分寒熱，放在柴胡湯加減裡面，幾乎所有眼科的病都可治好。<br/>\n請問:青光眼，是屬於寒?還是熱?眼睛藥物有多種，哪些藥物效果比較好?</p>\n<p>謝謝</p>",
      "level": 0,
      "highlight": false,
      "children": [
        {
          "id": "a217bbfade03631278866333516514e3",
          "author": "andy",
          "time": "2019年07月10日 19:44",
          "content": "<p>寒或熱，是病人的身體情況，不是指某一個西醫病名可以對應到中醫寒症或熱症，同樣的道理，中藥方劑在改變人體內部的平衡，而非對應什麼西醫的病名。</p>",
          "level": 1,
          "highlight": true,
          "children": [
            {
              "id": "53f0c02fa9fd54c76d5a73d33a1ab86f",
              "author": "明遠",
              "time": "2019年07月21日 12:04",
              "content": "<p>謝謝李醫師的回覆。</p>",
              "level": 2,
              "highlight": false,
              "children": []
            }
          ]
        }
      ]
    },
    {
      "id": "3b4a440acbdafc81381b67e86a1f5d80",
      "author": "Day",
      "time": "2020年10月19日 01:37",
      "content": "<p>以下摘錄自陳士鐸醫學全書<br/>\n夜盲症<br/>\n陰虛之目痛，可見日而不可見燈火，養目至神湯：熟地、山茱萸各五錢，甘菊花、地骨皮、當歸、生白芍、茯苓、葳蕤各三錢，枸杞子二錢，白芥子一錢，柴胡三分；水煎服。</p>\n<p>畏強光症<br/>\n陽症之目痛，必羞明惡亮，大眥必赤如火，而小眥反覺淡紅，其痛必如刺戳，流水結眵。開目散：生白芍、白蒺藜各三錢，半夏、柴胡、車前子各二錢，當歸、陳皮、生甘草、蒼朮、黃連、草決明、天花粉各一錢；水煎服。<br/>\n實痛之症，必然紅腫流淚，結眵，或如錐傷，或如砂入，羞明喜暗，見日光而如觸，對燈影而若刺，起障生星，發寒發熱，吐痰吞酸，大便實而小便黃，此皆邪火之實症也。瀉火全明湯：玄參五錢，草決明、天花粉、生白芍各三錢，柴胡、甘菊花、炒梔子各二錢，生甘草、澤瀉、車前子、龍膽草各一錢；水煎服。</p>\n<p>飛蚊症<br/>\n人有病目之後，眼前常見禽鳥昆蟲之飛走，捉之則無，乃肝膽血虛，有痰而閉結之也。方用四物湯加味治之。當歸一兩，生白芍，酸棗仁各五錢，熟地，青葙子，茯神，半夏各三錢，川芎，生白朮各二錢，陳皮，生甘草各一錢；水煎服。四劑目無所見矣。</p>\n<p>乾眼症<br/>\n人有目痛之後，眼角刺觸，羞明喜暗，此膽血之乾燥也。方用四物湯加味治之。熟地，生白芍各一兩，當歸，甘菊花各三錢，白蒺藜一錢五分，川芎，柴胡各一錢；水煎服。連服四劑而目痛之疾自除，再服四劑而羞明喜暗之病去。</p>\n<p>近視<br/>\n人有能近視而不能遠視者，近視則蠅腳細字辨晰秋毫，遠視則咫尺之外不辨真假，人以為肝血之不足，誰知是腎火之本微乎。方用養火助明湯：巴戟天一兩，熟地、葳蕤各五錢，山茱萸、枸杞、麥冬各三錢，肉桂一錢，北五味子三分；水煎服。一月之後，自然漸能遠視矣。仍將前藥修合丸散，日日吞服，一年之後，遠近俱能視也。但服藥之時，必須堅忍色慾為妙，否則僅得半之道耳。</p>\n<p>散光<br/>\n人有無故忽視物為兩人，以為肝氣之有餘，誰知是腦氣之不足乎？方用助肝益腦湯：生白芍二兩，當歸一兩，生地、甘菊花各五錢，人參、川芎、天門冬各三錢，郁李仁、天花粉各二錢，甘草一錢，薄荷八分，柴胡、細辛各五分，白芷三分；水煎服。一劑而視物為一矣，二劑痊癒。</p>",
      "level": 0,
      "highlight": false,
      "children": [
        {
          "id": "aca2f1b744e4c18de540a98ce6eddd14",
          "author": "李宗恩",
          "time": "2020年10月19日 10:03",
          "content": "<p>看得出來你剛剛開始學習中醫，對歷代醫家寫的書籍非常贊嘆，然而，臨床並不是那麽單純。陳士鐸是位大醫，著作也很有價值，不過，書中的陳述為一個可能的方向及建議的藥方，幫助讀者思考，並非這個病就那樣治療，臨床看診還是得好好的辨證論治。同時，即使真的為書中陳述的某個内臟問題，那個内臟也不一定是病根，而可能是其它内臟的問題導致的。這二三十年來，很多西藥廠及藥物研發團隊拿了很多的中藥方來做研究、雙盲測試，結果都失敗了，爲什麽？就是他們以爲夜盲症就拿陳士鐸的這個藥方，飛蚊症就拿陳士鐸的那個藥方，思維環繞在中藥方上，而不深入研究中醫的生理病理學，更沒有以中醫臨床治療為依據。所以，如果你認爲治病就只是把症狀對應到書中的方劑，那麽你就走錯方向了。</p>",
          "level": 1,
          "highlight": true,
          "children": []
        }
      ]
    },
    {
      "id": "9090c8b19e712f8bce24da385d8b2ae8",
      "author": "carey",
      "time": "2021年04月12日 12:12",
      "content": "<p>李医师，向您请教下， 如果下针攢竹、絲竹空、太陽、陽白透魚腰等眼眶外面的穴位，间隔几天下一次针呢？谢谢！</p>",
      "level": 0,
      "highlight": false,
      "children": [
        {
          "id": "fa81f5e6074ec6cd0084270ac8882da4",
          "author": "李宗恩",
          "time": "2021年04月17日 08:26",
          "content": "<p>精神好時，可以天天下針，精神不好或感冒時，得休息幾天。</p>",
          "level": 1,
          "highlight": true,
          "children": []
        }
      ]
    },
    {
      "id": "2e77a863b29e7a929367c9d1efe93e0c",
      "author": "Alia",
      "time": "2021年04月16日 09:40",
      "content": "<p>李醫師您好，</p>\n<p>非常謝謝您百忙中抽空回答我其他地方的問題 🙂<br/>\n這裡想分享一下自己的經驗，我小時候不知道為什麼就會自己在睡前轉眼睛，視力雖說不上頂好，但在三個孩子裡是唯一沒戴眼鏡的。<br/>\n長大後才知道，如果轉的時候越極限（越往各個方向極限看）跟越慢效果更好。自己也曾在很累的時候試過，眼睛壓力會減小看東西也會變“亮”。<br/>\n個人經驗提供給大家參考。</p>",
      "level": 0,
      "highlight": false,
      "children": [
        {
          "id": "e93c9ed2eea303462e15862ff20e18c0",
          "author": "李宗恩",
          "time": "2021年04月17日 08:28",
          "content": "<p>謝謝你的分享，是的，轉動眼睛以及交替看遠看近也對視力有很大的幫助。</p>",
          "level": 1,
          "highlight": true,
          "children": []
        }
      ]
    },
    {
      "id": "df9eaf31e5e67c0cee8e8f35c831a1d5",
      "author": "傳承",
      "time": "2021年09月14日 07:56",
      "content": "<p>尊敬的李博士，您好，現在電子產品很多，很多小孩子都近視，央視研究過，除了西藏那些常年看雪山視力達到2.0以上的小朋友在，內地的中小學生視力達到1.0的不到3成。前幾天堂姐說要帶侄子去做全飛秒近視激光手術，對於這種手術，不知道你怎麼看？大陸這邊基本上都搜不到相關的後遺症，身邊也有一些朋友做了近視手術就去參軍。</p>",
      "level": 0,
      "highlight": false,
      "children": [
        {
          "id": "9cf0139250560ce2835bf8f8160475c2",
          "author": "李宗恩",
          "time": "2021年09月20日 21:24",
          "content": "<p>近視激光手術後，許多人會產生乾眼症，隨著年齡增長，也有許多人產生夜盲症。</p>",
          "level": 1,
          "highlight": true,
          "children": [
            {
              "id": "4e7964f93c03bbdcd191f2d16f7e4140",
              "author": "傳承",
              "time": "2021年09月21日 08:39",
              "content": "<p>太感謝李博士的耐心解答了。中秋節快樂</p>",
              "level": 2,
              "highlight": false,
              "children": []
            },
            {
              "id": "e7c1264c65f073c4d426f85987026613",
              "author": "杨学锐",
              "time": "2024年09月14日 20:18",
              "content": "<p>李老师，您有遇到过做过激光近视手术后出现视力问题的病人吗？</p>\n<p>我偶然看过一位”手术失败”的人分享的治疗、补救全过程和她查找的资料。<br/>\n链接https://zhuanlan.zhihu.com/p/63173872?utm_id=0</p>\n<p>我觉得这个手术非常非常坑人，实际手术后的效果没有理论上讲的那么好听，副作用远不是宣传的和一般人认为的那样轻微，出现问题后，眼科医生也没有什么好办法解决，也不会赔偿，只能含泪吞下。</p>",
              "level": 2,
              "highlight": false,
              "children": []
            }
          ]
        }
      ]
    },
    {
      "id": "c5fb1d8871ddfa15f3992bf428ed74a2",
      "author": "傳承",
      "time": "2022年12月11日 21:24",
      "content": "<p>李博士，你好，請教一下，中醫能治療鬥雞眼嗎？看見有些三四歲的小孩子鬥雞眼，怪心疼的。好像要做手術</p>",
      "level": 0,
      "highlight": false,
      "children": [
        {
          "id": "4aca03e8757535b8058f8fe3854073d9",
          "author": "李宗恩",
          "time": "2022年12月17日 10:07",
          "content": "<p>鬥雞眼是肌肉的問題，如果是後天形成的，中醫可以有很大的幫助，但是如果是天生的，那就得看個案了。</p>",
          "level": 1,
          "highlight": true,
          "children": []
        }
      ]
    },
    {
      "id": "4308837d8c1596b5a92fe60322e2c5e2",
      "author": "sclin",
      "time": "2024年04月18日 23:44",
      "content": "<p>李大夫，想請教一下上眼眶凹陷是屬於脾土肌肉有關聯，還是肝血充盈有關係呢</p>",
      "level": 0,
      "highlight": false,
      "children": [
        {
          "id": "7d8a2c0c8fc181e4ed515f504dd3c314",
          "author": "李宗恩",
          "time": "2024年04月22日 13:34",
          "content": "<p>中醫不是以單一症狀來診斷。</p>",
          "level": 1,
          "highlight": true,
          "children": []
        }
      ]
    },
    {
      "id": "93985b4ee3eb1d7fc2f08c941cd6533f",
      "author": "mebrolu",
      "time": "2025年03月03日 04:13",
      "content": "<p>请问不管是单眼还是双眼看东西有重影，看一个小小的牙签都能变得非常大，距离越远越明显，在中医上来说是有哪些原因呢，有没有调养建议呢</p>",
      "level": 0,
      "highlight": false,
      "children": [
        {
          "id": "9f54169c3d1653160ae32e4e8d04d5a5",
          "author": "李宗恩",
          "time": "2025年03月08日 07:51",
          "content": "<p>中醫不是單一症狀來診斷，你也可能只是亂視。</p>",
          "level": 1,
          "highlight": true,
          "children": [
            {
              "id": "036862382b2d1f0649aa69972ed9acfb",
              "author": "mebrolu",
              "time": "2025年03月12日 19:00",
              "content": "<p>好的谢谢，期待您的治疗眼睛案例分享</p>",
              "level": 2,
              "highlight": false,
              "children": []
            }
          ]
        }
      ]
    },
    {
      "id": "ef8558b26b98d83358d75aa7805024d5",
      "author": "Ashley",
      "time": "2025年06月13日 01:11",
      "content": "<p>李醫師您好：老年人很容易流眼油(台語)，這是因為身體機制出了什麼問題？我有在您的部落格查尋，但還沒有找到相關的文章，希望您能講解一下此種現象，感謝李醫師！</p>",
      "level": 0,
      "highlight": false,
      "children": [
        {
          "id": "94c5d587d9eb8cb2b7d35c4988a029c3",
          "author": "李宗恩",
          "time": "2025年06月24日 15:20",
          "content": "<p>脾虛</p>",
          "level": 1,
          "highlight": true,
          "children": []
        }
      ]
    }
  ],
  "page": 44,
  "order": 8,
  "filename": "data\\page44\\page44_order7_8927d4f7a90c56111bdfa98ab82bf9c5.json",
  "timestamp": 1752540818.207666
}