{
  "article_url": "https://andylee.pro/wp/?p=6070",
  "title": "被囚禁在身軀裡的靈魂",
  "content": "<p>這是一個注定的悲劇，能做的只是在悲劇中加上一些喜樂，卻無法改變悲劇的本質 ……</p>\n<p>三年多前，在這個世界不可能有解決方法的共識下，基於醫生的良知及心中無比的憐憫，接下了這個在台灣的病案。2016年九月，第一屆臺北漢唐經方論壇中，我討論了這個病例，快三年過去了，第三屆臺北漢唐經方論壇馬上要在七月初舉辦了，讓我覺得除了討論新的病例外，也應該告訴大家這個病例的發展，重症病例的長久追蹤是很重要的。</p>\n<p>這位年幼的病人，不知為何，被老天安排了一個很不尋常的命運，還在媽媽肚子裡就開始有問題。媽媽妊娠時抽血報告檢查出神經管缺陷指數過高，超音波檢查發現胎兒頭圍偏小、頭形異常，認為是心臟異常發展造成，出生後很快就做了主動脈窄縮手術。病人10個月大時開始出現癲癇的抽搐，以及肢體、聽覺、視力等各方面動作發展遲緩，台大醫院給予大劑量的抗癲癇藥物，Topamax、Frisium、Sabril、Keppra等，被認定得終生服用多種抗癲癇藥物。然而，那些抗癲癇藥物不但沒有壓抑住癲癇現象，副作用卻大幅壓抑了大腦的發育，也出現了嚴重的焦慮症症狀，常常無故大哭大鬧、發出怪聲，久久不能平息。</p>\n<p>或許，用「悲劇」兩個字，讀者們沒有太大的感受，我說明一下第一次看到這位小病人的情況。那個時候，小孩子4歲多，爸爸媽媽來找我看診時，把他「放在」我前面的沙發上，小孩子手腳捲曲，無法自己控制雙手雙腳，沒有辦法端坐在沙發上，沒有人扶著就會倒下來。小孩子雙眼是空洞的，無法說話，沒有什麼行為能力，與人溝通更是不可能的，完全無法知道他在想什麼，或者應該說，完全無法知道他有沒有在想什麼，小孩子的智力似乎滯留在幾個月大。他的靈魂被深深囚禁在身軀裡，一個沒有窗、沒有門的監獄，外面的世界對他而言，似乎毫無意義。病人的綜合表現很像非常嚴重的「天使人症（Angelman Syndrome）」，可是，病人爸爸媽媽說，在國內外做了幾次不同的基因檢查，沒有一個定論，比較具體的解釋是可能在妊娠期間胎兒腦部受到傷害、缺氧等，導致了這樣的病情。</p>\n<p>我能幫這個小孩子什麼忙？說真的，我不知道該如何解救他的靈魂，更不知道隔著一萬公里的大平洋，我又該怎麼做。第一次見到病人時，我告訴爸爸媽媽，至少我們該列幾個目標，我列了三項：一為減輕癲癇、二為減少焦慮症狀、三為提高與外界互動的能力。那時，我告訴他們，第一項、第二項我應該可以做到，這樣至少爸爸媽媽的生活可以比較平靜，而第三項就未知了，得等到第一、第二項有明顯進展後，再來評估。</p>\n<p>三年多來，斷斷續續的治療，親自看到病人的次數只有三次，其它時候，每隔一段時間告訴我病情發展，讓我調整治療方向。病人爸爸媽媽很配合，很快就把抗癲癇藥物都停了，然而，病人的身體非常脆弱，無法使用較強的中藥藥方，只能用科學中醫粉劑慢慢推動。一開始的幾個月，治療效果不錯，癲癇症狀大幅減少，不自主流口水現象變少，喝水意願增加，警醒時精神好一些，眼睛睜得比較大，也較容易逗笑，坐的時候比較可以固定坐在同一位置，不像之前會慢慢往前滑，變成躺姿，不過兩側仍須靠枕輔助以免左右傾倒。簡單的說， 病人父母覺得整體進步不少。</p>\n<p>然而，我常常提醒學生及病人，複雜冗長的疾病，一開始看到療效，不要太早慶祝，更不能掉以輕心。冬天來臨了，天氣轉冷，台北也開始了陰寒的雨季，小孩子開始常常感冒。小孩子一感冒，舌苔馬上變白厚，脾虛嚴重，除了感冒症狀外，癲癇症狀又會再度出現。同時，感冒會拖很久，呼吸系統的問題也就伴隨出現，中下焦的寒濕也會猛然增加很多。我們都得先救急，把眼前的問題先解決，再回來治療癲癇，過沒多久，病人又感冒，又得來救急。這樣反反覆覆了好幾次，雖然整體是持續進步的，我對這樣的膠著不甚滿意，也很頭大。</p>\n<p>還好，時間幫了我們一個大忙，一方面，微弱的中藥粉劑慢慢改善了小孩子身體的基本平衡，另一方面，小孩子隨著時間過去，身體也長大一些。這樣的改變，讓小孩子身體開始可以承受藥性較強的中藥及水藥，本來想做卻不能做的動作，可以開展了。</p>\n<p>這大半年來，病人父母幾次告訴我小孩子的情況，已經沒有什麼癲癇的表現了，只有偶爾周圍突然發生很強大刺耳的聲音時，會有兩三秒驚嚇不動的情形，不確定是癲癇症狀，還是驚嚇的反應。情緒穩定很多，沒有以前那些焦慮的症狀，若有哭鬧，也能在口語安撫後迅速冷靜下來。最重要的是，小孩子和外界的互動進步了很多，叫他都有明顯的雀躍回應，和他說話、逗他，小孩子會有開心的反應，強迫他做他不想做的動作、吃不想吃的東西，小孩子會有不高興的反應，認知方面也有進步。病人媽媽說，這樣的互動，讓他們感受到了親子的天倫之樂，而且現在小孩子會去注意四周環境，常常會莫名的自己高興起來、狂笑不已，做父母的看他笑得開心也覺得「很療癒」。三年多前開始治療時，為病人父母訂下來的那三個目標，算是做到了不少。</p>\n<p>然而，雖然藉由中醫的治療，我為這位小孩子及爸爸媽媽帶來了一些喜樂，靜下心來想想，小孩子依然無法獨立自主的生活，永遠需要他人的照料。想到這位小病人及爸爸媽媽未來還得承受多少的痛苦與艱辛，讓我十分難過。我為病人全家帶來的那些喜樂，改變不了悲劇的本質，更改變不了老天安排的命運。或許，我幫那座牢牢的監獄打開了一個小小的窗戶，那個被囚禁的靈魂，卻依然只能在那小小的監獄裡渡過這一生 ……</p>",
  "article_time": "2019年06月28日 14:20",
  "comments": [
    {
      "id": "b4ec5f17293ddf34b1103a40af16e698",
      "author": "Andrew",
      "time": "2019年06月28日 17:46",
      "content": "<p>是个悲劇的故事。<br/>\n我们可怜孩子，也同情父母。</p>\n<p>悲劇里的故事也说到。。</p>\n<p>“還在媽媽肚子裡就開始有問題”，“會有兩三秒驚嚇不動的情形”, “焦慮症”, “救他的靈魂”, “，小孩子依然無法獨立自主的生活，永遠需要他人的照料”，等等。</p>\n<p>小弟不是中医师，只是一个黄帝内经的老师与心理辅导师。我从这两个角度来分享我的感想。</p>\n<p>我的一对一的辅导个案，我是如此和个案解释。</p>\n<p>1） 三分治七分养</p>\n<p>个案找自己信任的医师，那是30%应该做的。还有70%是个案自己，或父母给孩子应该天天做的调理。</p>\n<p>2) 不治已病治未病</p>\n<p>我的黄帝内经视频课程有强调什么是“不治已病治未病”的重要性。这是古人的整体观 （今天科学家说的“System Theory“）。</p>\n<p>个案学习了黄帝内经的视频课程，了解的整体观，就要每天在个方面做调理，不是单一的调理，或只是依靠医师给的药。</p>\n<p>3）情志调理</p>\n<p>悲劇的故事有提到”還在媽媽肚子裡就開始有問題”，之后也说到 “會有兩三秒驚嚇不動的情形”</p>\n<p>情志被伤的可能性非常大，尤其是恐惧感。</p>\n<p>黄帝内经说 ： “恐伤肾”</p>\n<p>古人也说 : “久病治肾“</p>\n<p>因此每天也需要做情志调理。也需要特别注意肾个方面的生理调理。</p>\n<p>4） 与靈魂沟通</p>\n<p>这是个案，或父母对孩子需要每天做的。</p>\n<p>黄帝内经说 ： “心藏神”</p>\n<p>与靈魂沟通也是与神沟通。</p>\n<p>5） 求医也得求自己。</p>\n<p>为什么？这也关系到“神”是最重要的自愈。只有自己能帮助自己，或孩子，医生帮不到的。</p>\n<p>每天感受自己阴阳的变化，每天的调理，就是为了提高自己的意识力。”Consciousness level”, 有了意识力的调理，才能与靈魂沟通。</p>\n<p>6) 以后孩子会这样？無法獨立自主的生活？</p>\n<p>我觉得这是老天的决定。我们只是好好学习及应用所有有关的知识进行调理，先做自己应该做的本分。</p>\n<p>这是小弟小小的分享。 有兴趣学习黄帝内经视频课程的朋友，可以用以下的 Links</p>\n<p>黄帝内经视频课程</p>\n<p><a href=\"https://www.cn.360q.com/%E9%BB%84%E5%B8%9D%E5%86%85%E7%BB%8F%E8%A7%86%E9%A2%91%E8%AF%BE%E7%A8%8B/\" rel=\"nofollow ugc\">https://www.cn.360q.com/%E9%BB%84%E5%B8%9D%E5%86%85%E7%BB%8F%E8%A7%86%E9%A2%91%E8%AF%BE%E7%A8%8B/</a></p>",
      "level": 0,
      "highlight": false,
      "children": []
    },
    {
      "id": "3454197f146aa95572b201e71b70c6e5",
      "author": "Ferry瑞芳",
      "time": "2019年07月01日 05:18",
      "content": "<p>多说无益，只能默默的祝福</p>",
      "level": 0,
      "highlight": false,
      "children": []
    },
    {
      "id": "dbefb58218338607a8f01f7dde6e90f7",
      "author": "Jonson Ku",
      "time": "2019年07月19日 15:44",
      "content": "<p>李医师，请教个问题，《广温热论》中症状描述与伤寒论的描述不尽相同，晚清儒医陆懋修的《广温热论》是医学史上著名的温病学著作—北京中医大学对此书这样评论的，其中面肿，该书说是阳明风热。而唐容川说肿胀者水病，气病。唯独气病比较接近，阳明风热-胃气上到脸面，会形成肿胀。有点模糊。那么该书当如何学习呢？请指点下，谢谢。</p>",
      "level": 0,
      "highlight": false,
      "children": [
        {
          "id": "dfd496733911dd4d5948bae5d4d7a7b3",
          "author": "andy",
          "time": "2019年07月22日 10:30",
          "content": "<p>你的問題，也正是經方與溫病常常有不同看法的地方，倪海廈老師解釋了很多，我就不重複了。</p>",
          "level": 1,
          "highlight": true,
          "children": []
        }
      ]
    },
    {
      "id": "dc6912c229a040632ba7378c311a302e",
      "author": "天雄",
      "time": "2019年07月21日 01:28",
      "content": "<p>李博你好，我们这边得糖尿病的病人用芭乐叶子和带壳的稻谷煮在一起吃了血糖就得到控制，这是为什么呢?是不是芭乐叶子就是《黄帝内经》里的兰，还是上天设计得很好，每种食物的全部刚好可以互相制衡，吃太多饭，然后稻谷的壳刚好可以制衡?</p>",
      "level": 0,
      "highlight": false,
      "children": [
        {
          "id": "a2c8d31bddc893db75edafbb665c1986",
          "author": "andy",
          "time": "2019年07月22日 10:34",
          "content": "<p>多少個糖尿病病患使用這個方法而血糖降低？是暫時血糖正常，還是真的痊癒？</p>",
          "level": 1,
          "highlight": true,
          "children": [
            {
              "id": "0d3f9444674e390553fb84745d35e5ff",
              "author": "天雄",
              "time": "2019年07月22日 17:14",
              "content": "<p>多少个我无法统计，但是我亲人通过喝这个恢复正常人的生活，不过不能痊愈，她买了个测血糖的，一发现异常就再喝。我是福建这边的，稻谷一年能生产两次，必须是夏季收割的稻谷才有效，一次煮的量，放五六片芭乐叶子，一把带壳的稻谷，等煮到稻谷壳开了就可以喝了</p>",
              "level": 2,
              "highlight": false,
              "children": []
            }
          ]
        }
      ]
    },
    {
      "id": "8d35326a9bb47bee1f87b5a09dce015f",
      "author": "lf",
      "time": "2019年07月22日 07:48",
      "content": "<p>李医生您好<br/>\n我是上海的27岁患者 男<br/>\n有飞蚊症 和重度脂肪肝 早泄（有十几年的手淫史）去年被诊断为中度抑郁<br/>\n晚上一直睡不好 睡下去容易醒 鼻涕也蛮多的有时候 喉咙里也会痰的感觉<br/>\n体力也蛮差的 拍拍篮球就会出很多汗<br/>\n耐心也很差 容易烦躁<br/>\n其中这飞蚊症尤其挠人</p>\n<p>因为来一次美国也不容易嘛<br/>\n想问下如果来美国找您看 尤其是飞蚊症需要多久能有好转迹象（我一定配合您）？您的治疗费用和草药费用我大致都了解，费用不是主要问题。但是要请长假嘛，这点让我犹豫不决。<br/>\n又或者我们是否可以先远程诊疗一次？<br/>\n希望您回复  万分感谢</p>",
      "level": 0,
      "highlight": false,
      "children": [
        {
          "id": "a116b3fd2bef46c308d13647a0b1d295",
          "author": "andy",
          "time": "2019年07月22日 10:35",
          "content": "<p>診所已經回答你了。</p>",
          "level": 1,
          "highlight": true,
          "children": []
        }
      ]
    },
    {
      "id": "3529c789e867e436df015e7506841a8e",
      "author": "Hwang Sing Day",
      "time": "2022年03月11日 01:09",
      "content": "<p>以下藥方為「陳士鐸辯證錄的陰痿門五則」中第五個，三年前約十月時，曾經治一位快九十歲的老先生因頻尿治好後，給予此藥方，另一位年輕人約三十出頭，常常胃痙攣，吃了藥有改善，後來給予此藥方，結果，兩位吃完此一帖藥，不約而同出現感冒症狀，所以，我覺得此藥方可以改善心臟。不知對這位小朋友心臟是否有幫助？<br/>\n夫心包之火，相火也。心包火旺，力能代君行事；若心包火衰，心火雖動，如相臣臥病，氣息奄奄，欲其奮身勤王，其可得乎。且心包之火，與命門之火正相通也，未有心包寒而命門能獨熱者，所以心包之火微，有扶之而不起者。治法溫其心包，不必溫其命門也。方用救相湯：人參一兩，巴戟天一兩，肉桂三錢，炒棗仁五錢，遠志二錢，茯神一錢，良薑一錢，生附子一錢，柏子仁二錢，黃耆五錢，當歸三錢，菟絲子二錢；水煎服。此方專治心包虛寒之症，不只振舉其陽也。方中雖治心包，實皆統治心者。蓋補其心君，則君王富足，而相臣自強，相助為理矣。</p>",
      "level": 0,
      "highlight": false,
      "children": []
    }
  ],
  "page": 31,
  "order": 8,
  "filename": "data\\page31\\page31_order7_8d35326a9bb47bee1f87b5a09dce015f.json"
}