{
  "article_url": "https://andylee.pro/wp/?p=3314",
  "title": "加州中醫藥大學 一月十七日演講授課",
  "content": "<p><a href=\"https://andylee.pro/wp/wp-content/uploads/2016/01/Screen-Shot-2016-01-05-at-9.16.57-AM.png\" rel=\"attachment wp-att-3313\"><img alt=\"Screen Shot 2016-01-05 at 9.16.57 AM\" class=\"alignnone size-full wp-image-3313\" decoding=\"async\" fetchpriority=\"high\" height=\"245\" sizes=\"(max-width: 468px) 100vw, 468px\" src=\"https://andylee.pro/wp/wp-content/uploads/2016/01/Screen-Shot-2016-01-05-at-9.16.57-AM.png\" srcset=\"https://andylee.pro/wp/wp-content/uploads/2016/01/Screen-Shot-2016-01-05-at-9.16.57-AM.png 468w, https://andylee.pro/wp/wp-content/uploads/2016/01/Screen-Shot-2016-01-05-at-9.16.57-AM-300x157.png 300w\" width=\"468\"/></a></p>\n<p>應<a href=\"http://www.fivebranches.edu\">加州中醫藥大學</a>邀請，將於本月十七日週日9am～1pm，在加州中醫藥大學聖荷西校園演講授課。這次演講，是加州中醫藥大學為慶祝喬遷新校址而舉辦的，為其博士班課程，也對外開放，免費參加，並給予4個再教育學分（CEU）。演講授課內容，以我在第五屆國際經方班演講「現代經方實驗錄」的內容為主。報名註冊請連絡加州中醫藥大學博士班(408) 260-0208 ，或在加州中醫藥大學網站（<a href=\"http://www.fivebranches.edu/繼續教育/967?lang=zh-hant#cid426\">http://www.fivebranches.edu/繼續教育/967?lang=zh-hant#cid426</a>）註冊。</p>\n<p><strong>後續：</strong></p>\n<p>講課當天來了80多位執業中醫師、中醫博士班學生、及一些中醫愛好者，討論熱絡，謝謝大家。</p>\n<p><a href=\"https://andylee.pro/wp/wp-content/uploads/2016/01/IMG_6847.jpg\" rel=\"attachment wp-att-3324\"><img alt=\"IMG_6847\" class=\"alignnone size-large wp-image-3324\" decoding=\"async\" height=\"768\" sizes=\"(max-width: 1024px) 100vw, 1024px\" src=\"https://andylee.pro/wp/wp-content/uploads/2016/01/IMG_6847-1024x768.jpg\" srcset=\"https://andylee.pro/wp/wp-content/uploads/2016/01/IMG_6847-1024x768.jpg 1024w, https://andylee.pro/wp/wp-content/uploads/2016/01/IMG_6847-300x225.jpg 300w, https://andylee.pro/wp/wp-content/uploads/2016/01/IMG_6847-768x576.jpg 768w, https://andylee.pro/wp/wp-content/uploads/2016/01/IMG_6847-640x480.jpg 640w\" width=\"1024\"/></a></p>\n<p> </p>",
  "article_time": "2016年01月05日 09:18",
  "comments": [],
  "page": 52,
  "order": 4,
  "filename": "data\\page52\\page52_order3_a562eca0c642478987fd24eb63f06b14.json"
}