{
  "article_url": "https://andylee.pro/wp/?p=3154",
  "title": "第五屆國際經方班演講教學一行",
  "content": "<p><a href=\"https://andylee.pro/wp/wp-content/uploads/2015/10/IMG_1912.jpg\"><img alt=\"IMG_1912\" class=\"alignnone size-large wp-image-3150\" decoding=\"async\" fetchpriority=\"high\" height=\"768\" sizes=\"(max-width: 1024px) 100vw, 1024px\" src=\"https://andylee.pro/wp/wp-content/uploads/2015/10/IMG_1912-1024x768.jpg\" srcset=\"https://andylee.pro/wp/wp-content/uploads/2015/10/IMG_1912-1024x768.jpg 1024w, https://andylee.pro/wp/wp-content/uploads/2015/10/IMG_1912-300x225.jpg 300w, https://andylee.pro/wp/wp-content/uploads/2015/10/IMG_1912-640x480.jpg 640w\" width=\"1024\"/></a></p>\n<p>剛剛從重慶飛回美國，這次參加第五屆國際經方班，行程很趕，但是非常愉快。</p>\n<p>廣州中醫藥大學李賽美教授主辦的國際經方班暨全國經方臨床運用高級研修班，經過多年的努力，已經成為中國中醫界最重要的會議之一。今年在廣州中醫藥大學附屬重慶北碚三甲中醫院舉辦，參加人數暴增，有四百多位來自中國大陸、台灣、香港、馬來西亞、新加坡等等中醫師報名參加，加上北碚中醫院自己的醫師、護士等，超過五百人，主辦單位得另外開一間會議室，讓沒有位子的人利用同步視訊來聽課，可以說是非常成功的中醫會議。</p>\n<p>這次大會請我參加授課，非常榮幸，本來以為只有一場演講，沒想到主辦單位安排我到北碚中醫院查病房，新舊院區各去了一次，針對肝癌、肺癌、淋巴癌病人看診及臨床教學，來參加的從北碚的主任醫師到實習醫師都有，我利用病人的情況，和他們分享了一下我的臨床經驗。</p>\n<p><img alt=\"IMG_1903\" class=\"alignnone size-large wp-image-3152\" decoding=\"async\" height=\"768\" sizes=\"(max-width: 1024px) 100vw, 1024px\" src=\"https://andylee.pro/wp/wp-content/uploads/2015/10/IMG_1903-1024x768.jpg\" srcset=\"https://andylee.pro/wp/wp-content/uploads/2015/10/IMG_1903-1024x768.jpg 1024w, https://andylee.pro/wp/wp-content/uploads/2015/10/IMG_1903-300x225.jpg 300w, https://andylee.pro/wp/wp-content/uploads/2015/10/IMG_1903-640x480.jpg 640w, https://andylee.pro/wp/wp-content/uploads/2015/10/IMG_1903.jpg 1280w\" width=\"1024\"/></p>\n<p>我這次教學演講的講題為「現代經方實驗錄」，我從「名詞的陽為能改變物質的能量，名詞的陰為能儲存能量的物質」談起，講解了一些我的臨床病例，我選用了乳房腫瘤、臉部中風、不自主運動障礙及癲癇、失神性癲癇、極度上熱下寒、嚴重鼻竇炎、腦膜瘤、白血病、注意力不足過動症、急性闌尾炎、嚴重面部帶狀皰疹、肺炎、嚴重腳水腫等，來解說我的想法及用藥的理由。本來還想介紹一下中醫與高科技的結合，但是時間不足，只能很快的提一下專家系統與大數據在中醫上的發揮潛力。</p>\n<p>演講的反應非常熱烈，很多中醫師沒有想過中醫可以治療這些重症、急症，對生附子、生硫磺、生半夏等一般中醫師不熟識的中藥應用也非常有興趣。而雖然來參加這次大會的，有些是我部落格的讀者，我猜不少來聽我講課的人，是因為倪海廈老師的名聲而來，而我很高興，我沒有讓他們失望，也非常感謝以前倪老師對我的教導及期許，沒有倪老師一步步的帶領，我是不可能有這些精彩的病例與大家分享。</p>\n<p><a href=\"https://andylee.pro/wp/wp-content/uploads/2015/10/IMG_1887.jpg\"><img alt=\"IMG_1887\" class=\"alignnone size-large wp-image-3158\" decoding=\"async\" height=\"1024\" sizes=\"(max-width: 768px) 100vw, 768px\" src=\"https://andylee.pro/wp/wp-content/uploads/2015/10/IMG_1887-768x1024.jpg\" srcset=\"https://andylee.pro/wp/wp-content/uploads/2015/10/IMG_1887-768x1024.jpg 768w, https://andylee.pro/wp/wp-content/uploads/2015/10/IMG_1887-225x300.jpg 225w\" width=\"768\"/></a></p>\n<p>（與中國國醫大師暨人大代表唐祖宣教授合影）</p>\n<p>這次演講教學一行，也遇到了很多位各地來的知名中醫，大會幫我安排和國醫大師唐祖宣教授同桌用餐，唐教授對中醫的發揚光大不留餘力，雖然己經七十幾歲了，仍到處講學，令人敬佩。很可惜，我在重慶只停留兩天就得趕回美國，加上主辦單位安排的查病房及專訪錄影，沒有太多機會與其他講者交流，只能在會場及旅館遇到時寒暄幾句，期待大會下一次會特意安排一個專門的時間，讓所有講者一起來交流討論。</p>\n<p>這裡是全部講者及他們的講題：</p>\n<p>仝小林：糖尿病中醫防治標準（草案）解讀</p>\n<p>唐祖宣：溫陽法的臨床運用體會</p>\n<p>安平：甘肅特色的醫改之路</p>\n<p>門久章：方之文明 人之精神</p>\n<p>金偉：金氏脈學的形成及其特點</p>\n<p>楊國漢：在綜合性西醫院學習運用辨証施治法則的實情報告</p>\n<p>顏芳：從中醫經典科的早期實踐看經方的無窮魅力</p>\n<p>劉力紅：衝氣以和化桂枝</p>\n<p>劉方柏：經方＂五綱十二目　＂臨床應用研究</p>\n<p>賴榮年：感冒應該看中醫</p>\n<p>羅明宇：應用六經理論針刺於治療慢性每日頭痛療效科學驗證</p>\n<p>李宗恩：現代經方實驗錄</p>\n<p>張薌：關注脊柱健康從少兒抓起</p>\n<p>黃煌：大柴胡湯的應用</p>\n<p>謝奇：睛明穴取８５<sup>ｏ</sup>夾腳進針治療眼疾疑難重症的臨床實效案例</p>\n<p>阮永隊：李可老中醫治療中風病的學術思想</p>\n<p>吳中平：經方劑型問題淺談</p>\n<p>王輝：構建中醫人體氣化圓運動中臨床思維模式及臨床運用初探</p>\n<p>李賽美：六經辨治不孕症臨床隅拾</p>\n<p>萬鵬：臨床質難與伏邪思辨</p>\n<p>王慶國：麻黃附子細辛湯臨床應用</p>\n<p>熊繼柏：中醫看病三要素</p>\n<p><a href=\"https://andylee.pro/wp/wp-content/uploads/2015/10/IMG_1910.jpg\"><img alt=\"IMG_1910\" class=\"alignnone size-large wp-image-3166\" decoding=\"async\" height=\"1024\" loading=\"lazy\" sizes=\"auto, (max-width: 768px) 100vw, 768px\" src=\"https://andylee.pro/wp/wp-content/uploads/2015/10/IMG_1910-768x1024.jpg\" srcset=\"https://andylee.pro/wp/wp-content/uploads/2015/10/IMG_1910-768x1024.jpg 768w, https://andylee.pro/wp/wp-content/uploads/2015/10/IMG_1910-225x300.jpg 225w, https://andylee.pro/wp/wp-content/uploads/2015/10/IMG_1910.jpg 960w\" width=\"768\"/></a></p>\n<p>（與我的大會專屬接待、北碚三甲中醫院脾胃病科主任陶楊教授合影）</p>\n<p>在此我要特別感謝大會負責專門接待我的陶楊教授。陶教授是北碚三甲中醫院脾胃病科主任，在德國受過西醫脾胃科的訓練。陶主任從半夜接我飛機開始，到最後送機場，一直陪著我，不但開車接送我到各個地方，陪同我進行所有大會安排活動，還擔心我吃不慣大會準備的辛辣四川菜，特意每餐帶我去吃不同口味的飯館。陶主任也帶我上縉雲山爬了幾個小時，讓我保持每天運動的習慣，也享受了中國大城市裡難得的清新空氣與森林景觀！非常感謝陶主任溫馨的招待！</p>\n<p> </p>\n<p> </p>\n<p> </p>\n<p> </p>",
  "article_time": "2015年10月19日 17:53",
  "comments": [
    {
      "id": "feb876364df7fedcc730fb7e8c6d6b1b",
      "author": "新小岩",
      "time": "2015年10月21日 05:57",
      "content": "<p>很多中医师没有想到中医可以治疗这么多重症？急症？<br/>\n无语了。<br/>\n还是有很多中医师，没有学到正确的知识啊。<br/>\n不过至少还有这种大会开。<br/>\n以后情况会逐渐改变吧。<br/>\n李医生加油！</p>",
      "level": 0,
      "highlight": false,
      "children": [
        {
          "id": "a569f23c834b067f9f20ece8cdfd8445",
          "author": "andy",
          "time": "2015年10月21日 16:36",
          "content": "<p>謝謝鼓勵！</p>",
          "level": 1,
          "highlight": true,
          "children": []
        }
      ]
    },
    {
      "id": "c582478efa04030ab578d51e5bc2cf54",
      "author": "李梁",
      "time": "2024年04月19日 06:15",
      "content": "<p>原来宗恩老师每天也会抽出时间来做运动呀呀！难能可贵，抛开看诊，您每天的事情应该也很繁忙，如此之下都能抽出时间来锻炼自身，实属值得我自己学习</p>",
      "level": 0,
      "highlight": false,
      "children": []
    }
  ],
  "page": 52,
  "order": 1,
  "filename": "data\\page51\\page51_order10_61ef2e2a151245b5010008ac7b2ddc72.json"
}