{
  "article_url": "https://andylee.pro/wp/?p=3054",
  "title": "FM96.1： “ 痛 ”是身體發出的警報",
  "content": "<!--[if lt IE 9]><script>document.createElement('audio');</script><![endif]-->\n<audio class=\"wp-audio-shortcode\" controls=\"controls\" id=\"audio-3054-1\" preload=\"none\" style=\"width: 100%;\"><source src=\"https://andylee.pro/wp/wp-content/uploads/2015/09/dr_case_20150915_507-547pm_34m10s_converted.mp3?_=1\" type=\"audio/mpeg\"/><a href=\"https://andylee.pro/wp/wp-content/uploads/2015/09/dr_case_20150915_507-547pm_34m10s_converted.mp3\">https://andylee.pro/wp/wp-content/uploads/2015/09/dr_case_20150915_507-547pm_34m10s_converted.mp3</a></audio>\n<p>無論是W.H.O（世界衛生組織）或中醫相關研究，都承認中醫在疼痛管理上的成效，W.H.O也列出了一百多項針灸有效治療的痛症，更勝止痛藥的效果，西醫對付痛症的方式，不外乎就是止痛藥的使用，輕者Advil ，重者可使用到Morphine （嗎啡）止痛，近些年來有所謂的＂電療法　＂，一開始使用在運動傷害的治療，醫師將類似針管的儀器，注射至神經旁，使用無線技術讓針管共振，釋放出電波來壓制本來的神經電波，進而麻痺神經。止痛藥對於疼痛並沒有針對性，舉凡頭痛、經痛、手腳扭傷都可以服用，對於疼痛的根源並沒有治療的功效，反觀中醫使用針灸的方式緩解疼痛，並且治療疾病造成疼痛的根本。</p>\n<p>痛，是身體的警告訊號，就拿診所的一位病人舉例，這名病患腎臟的部位疼痛，這時候可能有兩種猜測，第一、患者以前有扭傷的經驗，第二、患者可能有腎衰竭、腎結石的問題，當然治療方式也截然不同，針灸對於扭傷造成的痛治療效果好，反之，內臟所造成的疼痛可用針灸緩解疼痛，但其根本還是需要被解決。這位病患兼具兩者，對於他的腰痛中醫有句俗話＂腰背委中求　＂，委中穴位於膝橫紋的中央，為膀胱經的母穴，而膀胱經的走行路徑連絡至腰背，久疾要補其母穴，加上旁邊＂陰穀　＂穴，是腎經的穴位，腎與膀胱為表裡經脈，一同使用來治療，這是一種對應治療的應用，如同　＂承山穴　＂，位於小腿肚腓腸肌兩肌腹交界下端，呈現人字形的位置，這穴位對應人體的尾椎，而＂委中穴　＂對應肩胛骨下端到尾椎之間，治療時會在病患的小腿上分區按壓，尋找最痛的按壓點後下針，往往能夠對應背部疼痛的位置，在幫這位病患下完針後一星期，腰部扭傷的痛症解決了，接著治療腎結石造成的疼痛。</p>\n<p>頭痛，西醫在沒有腦瘤的情況下，一般就是使用止痛藥治療，中醫將頭痛發生的部位、時間、以及方式有所細分，各自代表的病因有所不同，而通常頭痛的針灸治療不在頭部下針，而在四肢採取＂遠端取穴　＂，比局部穴位治療要來的有效果。</p>\n<p>案例一：七先生，五十二歲，雙腳膝關節疼痛，想請問李醫師可能造成的原因？</p>\n<p>第一運動傷害所造成，通常好發於年輕人，第二可能為關節炎。可使用＂膝五針　＂針法來幫助，實際上只有四根針的使用，其中陽陵泉、陰陵泉這兩個穴位使用一個長針來透刺才有效果。</p>\n<p>案例二：孫女士，針灸對於網球肘有幫助嗎？</p>\n<p>臨床不少西醫會轉診網球肘病人至中醫看診，一般西醫治療網球肘就是給予止痛藥，甚至施打類固醇，但是效果都維持不久。對於網球肘治療的方式，我們可以在＂曲池穴　＂下針，並且要深針，還要避開穴位附近的神經，才不會造成病患的不適，另外我還會加上一些手法較重的針，例如：陽陵泉透陰陵泉、絕骨透三陰交，這些平時拿來治療中風、閉症的針法也會應用上，主要是因為網球肘病患，運動太多過勞加上肝血無法潤筋，以治療疾病的根本原因，所以光在曲池穴下針當然可以緩解，但是通常都維持不久，需要治標也治本。</p>\n<p>案例三：林女士，無名指關節在晨起時會腫，於懷孕八個月到現在小孩兩歲症狀都沒有改善，想請問李醫師原因以及解決的方法？</p>\n<p>懷孕期孕婦身體本就比較脆弱，如果在產後坐月子期間沒有好好調養，就會有些毛病會上身。就目前林女士的敘述，手指關節有＂晨僵　＂的問題，是由於寒濕積聚在骨節，針灸可以幫助，例如：＂養老透間使　＂的針法，增加氣血，但還是得加上治本的方劑，治療不難但需要時間。</p>\n<p>案例四：李女士，針灸可以治療五十肩(frozen shoulder)嗎？</p>\n<p>中醫對於五十肩的定義有所細分，利用姿勢的不同，判斷受影響的經絡，也會有不同的穴位位置，但有一遠端穴位的使用　＂條口透承山　＂，由胃經的＂條口　＂透至膀胱經的＂承山　＂。造成五十肩主要的原因是勞損以及寒所引起氣血不通暢。</p>\n<p>案例五：王女士，網路上傳言，碳酸化合物食品會影響孩童的身高成長，另外有網路文章指出，清潔劑的氣味會導致癌細胞生長，想請問李醫師的意見？</p>\n<p>碳酸飲料的糖分過高，不見得會影響身高，但會造成肥胖，對於孩童健康的影響比起單純的氣泡飲料要來的大。當然人通清潔劑多少對人體都有某些程度的影響，如果是未經稀釋使用，藉由呼吸道進入肺部，當然對於肺家較為脆弱的人影響較顯著，通常家用的清潔劑藉由新鮮空氣的呼吸，就可以恢復健康，當然使用天然的清潔方式對身體的健康是最好的。</p>\n<p><strong>（語音檔案由FM96.1電台提供，文章摘錄自語音檔案內容，部分文字略有異同，敬請見諒。）</strong></p>",
  "article_time": "2015年09月15日 14:22",
  "comments": [
    {
      "id": "83db8b3b8906001b671891b52dd36c3a",
      "author": "玉平",
      "time": "2024年12月19日 10:01",
      "content": "<p>老师  鹤顶穴是不是很浅啊？<br/>\n  申脉和照海穴是在骨缝中吗？看了倪老师的视频很多次  但一直都下不好</p>",
      "level": 0,
      "highlight": false,
      "children": [
        {
          "id": "32aa116a2d4332362615884e6b57dbd0",
          "author": "李宗恩",
          "time": "2025年01月10日 10:37",
          "content": "<p>鶴頂穴很淺。申脈和照海穴，不是在骨縫中，而是骨頭凹陷處，所以也很淺。</p>",
          "level": 1,
          "highlight": true,
          "children": []
        }
      ]
    },
    {
      "id": "f309ed4c993046b73ef487fbfb715664",
      "author": "韩广荣",
      "time": "2025年02月23日 19:38",
      "content": "<p>李医师好，确认一下请问1：对应到的腰部阿是穴（很多在阴谷穴下一寸附近是吗）。2：您用的腰眼穴是腰4椎旁开3.5寸吗？3：列缺穴是经渠之后5分在尺脉与挠骨之间（教科书上是挠骨姆长展肌腱之间）是按照哪一个来呢？4：另外是否还有哪些穴位倪师在视频外有纠正的吗？</p>",
      "level": 0,
      "highlight": false,
      "children": [
        {
          "id": "1e3d4cd7101220dbab7096622bea0254",
          "author": "李宗恩",
          "time": "2025年02月25日 15:30",
          "content": "<p>這些基本針灸教材都有討論，自己可以查詢。</p>",
          "level": 1,
          "highlight": true,
          "children": []
        }
      ]
    }
  ],
  "page": 52,
  "order": 10,
  "filename": "data\\page52\\page52_order9_e7dce5e111c119a8fd99e4db4e0237b5.json",
  "timestamp": 1741838617.5161402
}