{
  "article_url": "https://andylee.pro/wp/?p=3268",
  "title": "西醫比較進步？",
  "content": "<p>很多不了解中醫的人，或者對西醫臨床治療只懂一些皮毛的人，常常會叫嚷西醫比中醫進步，中醫已經像恐龍一樣該被淘汰了。「進步」，其實看你怎麼定義與思考。西醫確實在許多地方比較進步，西醫在微生物、分子生物學上很進步，西醫在科技應用上很進步，西醫在切除、殺死生命組織很進步等等。然而，這代表西醫臨床治療比較進步嗎？</p>\n<p>今天早上開車上班時，聽到廣播訪問一位灣區知名的西醫解釋胃痛的原因與治療，我把這段訪談簡單的整理一下，讓大家自己去思考。這位西醫解釋，當病人抱怨胃不舒服時，通常會考慮是不是有幽門<b>螺旋</b>桿菌。如果檢驗證明有幽門<b>螺旋</b>桿菌，就得服用抗生素。用那種抗生素呢？通常有幾種可能會有效的抗生素，至於那個會對某個病人有效，事前不會知道。使用第一種抗生素一個療程，如果沒有效果，就得改用第二種抗生素一個療程，如果還是沒有效，那就得再改成第三種抗生素一個療程。如果還是沒有效呢？這位西醫避重就輕沒有解釋，只說大多數病人使用三種不同的抗生素後，應該可以殺死幽門<b>螺旋</b>桿菌。</p>\n<p>如果一開始檢驗沒有發現幽門<b>螺旋</b>桿菌，或者幽門<b>螺旋</b>桿菌都殺死了，病人還是胃痛呢？那就得進行胃鏡、大腸鏡、小腸鏡的檢視，看一看是不是長了什麼不該長的東西，或者那裡潰瘍破爛了。如果是潰瘍破爛而發炎了，還是使用抗生素或更強烈的藥物。如果長了不該長的東西，就想辦法切掉。如果胃鏡、大腸鏡、小腸鏡的檢視都沒有問題呢？這個時候就開始頭大了。這位西醫說，通常會解釋為「胃酸倒流」引起胃不舒服。好吧，如果真的是胃酸倒流造成的，那如何治療呢？這位西醫繼續解釋，「胃酸倒流」分成「胃酸」與「倒流」兩個部分。「胃酸」的部分，可以服用胃酸抑制劑，不過，這位西醫強調，胃酸抑制劑不可以長期服用，因為長期服用會導致人體無法吸收足夠的鈣質，而導致骨質酥鬆等等的更嚴重的問題。而「倒流」的部分，沒有什麼西藥或手術可以治療，這位西醫建議病人睡覺時枕頭墊高一些，讓倒流現象少一些，睡覺前三小時不要吃東西，讓胃酸少分泌一些，腰帶不要太緊，讓胃中食物較易往下走….等等。</p>\n<p>如果經過上面所有步驟，病人還是胃痛，那怎麼辦？這位西醫解釋，那可能是胃的「功能性」問題，西醫沒有辦法處理，他建議病人服用益生菌，或像yogurt類含有益生菌的食物，看看會不會有幫助。如果服用益生菌後，病人還是胃痛怎麼辦？這位西醫建議病人少吃這個、少吃那個，不過這位西醫自己也半開玩地說，如果這個都不吃那個都不吃，人生會很乏味。而臨床上，確實常常看到病人經過所有西醫的步驟，也幾乎什麼「不該吃的」都不吃，結果還是胃痛。這個時候你再問西醫怎麼辦，通常得到的回答是，「Well，你自己看著辦」，或者「你可以考慮看一下精神科，看看是不是精神官能症」。</p>\n<p>看到這裡，不知道讀者有什麼感觸？是不是無法把上述的真實臨床治療情況，和報章雜誌上提到的什麼分子生物上的突破，或者什麼DNA上的重大發現等等聯想在一起？西醫的臨床治療，和微觀下的研究突破相差很遠，而人體的複雜度，和小白鼠上看到種種的實驗結果，也有很大的鴻溝。</p>\n<p>那中醫如何看待這個「胃痛」？中醫是宏觀醫學，從人體整體運作來思考。「胃痛」可以有很多很多的原因，從胃本身太熱太寒、胃氣反逆、胃內胃外有水飲痰飲血瘀、肝膽剋脾胃、肺熱導致胃津液不足，到許許多多整體的問題等等，很多現代科學儀器看得見與看不見的原因，藉由中醫整個人體的生理與病理的模型來治療，細節我們不在此討論，但是中醫治療「胃痛」的臨床療效，是很多人有目共睹的，遠遠高於上述的西醫治療步驟。</p>\n<p>這裡我們只討論了一個「小小的」胃痛，那更複雜的身體問題呢？我們可以花很多時間一個一個來檢視、來討論。如果讀者真的有心去深入研究，很可能幾個月後，就會從西醫崇拜者轉變為中醫鼓吹者。上個月，台灣大學物理系比我小一屆的學弟越洋和我聯絡，這位學弟大學畢業後，興趣改向醫學，考進學士後西醫學院，拿到西醫學博士後到日本進修，目前已經在日本臨床行醫很多年。這位學弟以他自己西醫的多年經驗告訴我，西醫的極限是很明顯的，他明白中醫才是深具潛力的醫學，他已經開始學習中醫，希望我能與他分享我學習中醫及臨床看診的經驗。所以，我希望大家多花點時間去認識真正的中醫，也多花點時間去了解西醫臨床的瓶頸，當你從各種不同角度深入問題後，不管你認為西醫比較進步或者中醫比較優異，與人討論起來才會有建設性，而不只是像那些網路上流傳似是而非的文章，對真正的醫學是沒有用處的。</p>\n<p>P.S. 現在有越來越多的研究開始對幽門螺旋桿菌有不同的認識，不少研究人員認為幽門螺旋桿菌在某些方面反而會保護人類的食道。殺光幽門螺旋桿菌，減少了消化性潰瘍和胃癌，卻增加了胃食道逆流疾病和食道癌。到現在仍沒用定論，只能確定一味使用抗生素殺光幽門螺旋桿菌可能會造成更大的問題！這又是西醫理論下，見樹不見林而產生的矛盾。</p>\n<p> </p>\n<p> </p>",
  "article_time": "2015年12月10日 13:57",
  "comments": [
    {
      "id": "d2a944d2efec458219419897c7475273",
      "author": "8020",
      "time": "2015年12月11日 06:12",
      "content": "<p>西醫科技在檢查發病部位及性質是比較進步，然而西醫葯及手術治療效果並沒有顯著的改善。倪醫師生前已經指出西醫療法的種種不是與荒膠，猶記得倪醫師一個名為何蘭小公主的醫案。當時西醫要將女孩的腦袋挖掉一邊來治療，倪醫師把女孩治癒後感歎問道荷蘭西醫看到病人活潑健康康復的照片後，不知要作何感想呢？西醫是會把不會治療的病人轉介給中醫，還是一如既往的為同樣的病人做那可怕的手術呢？不問而知那個才是西醫現實中的選擇，只有那樣才能顯出西醫權威的重要性然而被犧牲就是病人自身了。</p>",
      "level": 0,
      "highlight": false,
      "children": [
        {
          "id": "a27fc3af50048432a621545fda8d35f5",
          "author": "andy",
          "time": "2015年12月11日 16:38",
          "content": "<p>基本上，我還是選擇相信大多數的西醫是希望幫助病人的，只是他們多年生根地固的教育與臨床背景，讓他們無法脫離原有的思維。，而每個地方都有太多行中醫之名無中醫之實的人，這些人的知識與臨床經不起西醫的檢視，自然而然，大部分的西醫也就無法再相信中醫，連聽都不想聽。即使你拿百分之分沒有爭議的成功病例與他們討論，最後幾乎都會以「百萬分之一的人體自癒」來解釋。即使你呈現的「機率」遠遠大過「百萬分之一」，結果往往是他們把親人朋友送來給你看診，但是，公開場合下，礙於「social status」，他們絕口不提中醫治好過什麼什麼病例，深怕其他「有社會地位的人」認為他們也加入了什麼「巫術邪教」。所以，追根究底，還是得從中醫自己的醫術及專業程度來改進，等中醫全面改善了，不怕西醫與社會大眾不往中醫的方向靠攏。</p>",
          "level": 1,
          "highlight": true,
          "children": []
        },
        {
          "id": "a9e516eb3351fb2f644bb9c3c31bbaf4",
          "author": "8020",
          "time": "2015年12月12日 05:54",
          "content": "<p>在中國自中醫西醫並立以來孰優孰劣的爭議其實並未休止過。過去在相同條件下比較中醫和西醫的療效下，治不好病的西醫用一句說話就想推翻能治好病的中醫，現在當西醫發生醫療事故時，一句話說沒有足夠研究為理由便把責任給推卸掉。西醫有多詭詐其實不言而諭了。而且並不能說西醫是希望幫助病人卻做著傷害病人的事。像過去一年香港因為流感流行香港醫院每天公布因為流感的死亡人數總死亡人數達四百人。一般民眾從當中可以看出甚麼來？是流感太強病人因病致死？還是因為西醫誤治使病人身亡？記得月眉居士黃成義說過病人因流感發熱西醫硬把它壓下來病人將病況加重而死亡，西醫用那錯誤療法去証實錯誤主張作為病人豈不可悲又無奈。</p>",
          "level": 1,
          "highlight": false,
          "children": []
        }
      ]
    },
    {
      "id": "e4d8f1edda65c37ebefbe9f6fce5e08c",
      "author": "我想做个木匠",
      "time": "2015年12月11日 17:56",
      "content": "<p>荷兰小公主，印象深刻，贴上网址：http://www.hantang.com/chinese/ch_Articles/rasmussen.htm</p>",
      "level": 0,
      "highlight": false,
      "children": [
        {
          "id": "ce5650d2bfed5ea38b03772cf7c1fa0f",
          "author": "andy",
          "time": "2015年12月17日 10:35",
          "content": "<p>是的，那是一個讓人印象深刻也非常感動的病例，前一陣子我有一個類似的病例（https://andylee.pro/wp/?p=2848），還好病人在還沒有太多的西醫「過度治療」時就轉看中醫，不然史丹佛醫院本來打算今年六月要病人住院一個月，做各種「實驗性治療」，那樣的話，後果可能會很糟糕。</p>",
          "level": 1,
          "highlight": true,
          "children": []
        }
      ]
    },
    {
      "id": "5635caf65bfde02a9318f07206c0186d",
      "author": "Vincent",
      "time": "2016年02月24日 23:13",
      "content": "<p>我從事修機台的工作,有一個同事50出頭,每個月去診所拿控制3高的藥物,他認為西醫進步而對中醫抱持懷疑的態度,去年他因為脖子背痛一直再發,最後聽他醫生建議,用雷射將 造成脖子背痛的神經燒掉,我不解他的想法,但有一天值班我去修他的機台發現,操作員說這個異常的狀況從他上一輪的夜班就有了,查修結果是有零件故障,那我同事都是怎麼處理的? 原來他是把故障發警報的上限值提高! 只差沒把警報的線拔掉,但他很勇敢的把脖子背痛的神經拔掉了.</p>",
      "level": 0,
      "highlight": false,
      "children": [
        {
          "id": "89dcf5f438c2303266d6c4a0a36ab578",
          "author": "andy",
          "time": "2016年02月25日 10:15",
          "content": "<p>是的，這樣的「治療」方式，只是掩耳盜鈴。有些病人心臟偶而會跳得過快、不規律，在中醫的解釋，常常是心氣心陽不足，有些心臟科西醫就直接把控制心肌的神經燒掉，沒有了一部份的神經，心臟當然也就無法跳得過快，也就看起來跳得比較規律，在中醫看來，這是用人工的方式讓心臟更加衰弱，心臟連自我補償的能力都沒了，病人的身體變得比以前更差，還高興地謝謝心臟科西醫幫他「解決」了心跳過快的問題！</p>",
          "level": 1,
          "highlight": true,
          "children": []
        }
      ]
    },
    {
      "id": "526261ffd38513b3e1b4613c15a83e6b",
      "author": "Kun-chan Lan",
      "time": "2016年03月12日 19:14",
      "content": "<p>Dear Dr. Lee,</p>\n<p>This is exactly I’ve been through last year!!! In the end, I was diagnosed as<br/>\n‘functional dyspepsia’ and they could not do anything about it..XD<br/>\nAfter that, I tried to seek help from TCM doctors (I tried a few of them, but<br/>\nunfortunately, I was not really able to find a good one to resolve<br/>\nmy problem..:-(<br/>\nI will be very grateful if you have any suggestion about this problem (or whom<br/>\nI can try to see here in Taiwan)</p>\n<p>Best,<br/>\nKun-chan</p>\n<p>ps. for now, I’m trying to read TCM literature and papers from Pubmed to figure<br/>\nout this problem by myself…XD</p>",
      "level": 0,
      "highlight": false,
      "children": []
    },
    {
      "id": "10a1cac48cf151f7b77ab80228063415",
      "author": "学徒林",
      "time": "2023年06月08日 19:09",
      "content": "<p>李医生您好<br/>\n上文中提到的肺热导致胃津液不足，具体是怎么导致的</p>",
      "level": 0,
      "highlight": false,
      "children": [
        {
          "id": "28c00ba37ba1881d861c792de7fd4606",
          "author": "李宗恩",
          "time": "2023年06月12日 09:27",
          "content": "<p>肺熱時，人體會想辦法降溫，水分的源頭來自消化道，自然也就損耗胃腸的津液。</p>",
          "level": 1,
          "highlight": true,
          "children": []
        }
      ]
    }
  ],
  "page": 52,
  "order": 9,
  "filename": "data\\page52\\page52_order8_10a1cac48cf151f7b77ab80228063415.json"
}