{
  "article_url": "https://andylee.pro/wp/?p=8734",
  "title": "心臟内巨大血塊",
  "content": "<p>這個病例挺特別的，病人七十多歲，七月下旬覺得右手無力，身體右側協調有些不順，家人擔心是中風，趕緊送史丹福大學醫院住院檢查。腦部核磁共振影像（MRI）果然發現腦内有個小血栓，確診為中風，但情況很輕微，沒有治療，兩三天後病人自己復原，似乎沒有什麽大問題。本來準備出院了，醫生為了保險起見，特意多做了一些檢查，發現事情非常嚴重，MRI影像顯示心房内有兩個巨大的血塊（blood clots），分別為三公分及兩公分多，醫生們擔心病人隨時會猝死，不但不准出院，計劃立即安排心臟手術，取出血塊。</p>\n<p>心臟内科醫生緊急知會心臟外科醫生，心臟外科醫生本來也感到手術的急迫性，然而，醫生們會診仔細評估病人情況後，認爲手術風險過高，同時，因爲他們不知道病人心臟内爲什麽會有那麽大的血塊，即使這次手術順利取出血塊，短期内心室或心房裡可能又會出現新的血塊，不可能再度手術取出，因而認定這樣的手術意義不大。在沒有什麽好辦法下，醫生們只能給病人抗凝血劑（blood thinners），希望能阻止這兩個血塊加大，也減少其它血塊的產生。不過，這裡有個重點，抗凝血劑只能避免血塊加大，並不能分解這兩個巨大血塊，醫生們認爲最好的情況是，大約六個月後，兩個血塊可以自我包覆起來，成爲兩個穩定的「小石頭」，雖然會永遠在心房裡占據空間而減少心房内的血量，至少不會讓病人有生命危險。病人在醫生們不放心卻也沒辦法下，出院在家休養，每天服用抗凝血劑，每一兩週回醫院做血液檢查。</p>\n<p>不用説也知道，這樣的情況下，病人家屬會有多麽擔心，好像每天都有可能突然出現危急。這個時候，我介入了治療。病人是一位知名人士的母親，受到史丹福大學醫院及各個西醫的高度關注，我心理壓力挺大的。倒不是我覺得病情多麽複雜難治，而是那些頂尖西醫們時時刻刻盯著看，就算病人各種症狀消失、中醫評估良好，如果沒有西醫儀器的證實，也是啞口莫辯，還是會被打得滿頭是包。</p>\n<p>中醫怎麽治療？還是那句話，辨證論治，而不要被西醫的病名給迷惑了、分心了。病人結代脈明顯、肝血虛、心陽虛、下焦寒濕等等，細節在此不深入解釋。中藥方以炙甘草湯加生附子、炮附子等爲主。病人從七月底開始服用中藥，結代脈、失眠、體力不佳等情況持續改善，病人自己覺得挺好的。不過，病人家屬還是十分擔心，畢竟那些中醫所謂的「改善」似乎都是「主觀的」，不如儀器檢測來的「客觀」、「有科學根據」。其實，也無可厚非，中醫總不能每次都叫病人及家屬「乖乖聼我的」，如果真的大幅改善，遲早西醫檢測也應該可以得到「明明白白」的證據。</p>\n<p>今天早上，病人回西醫院做心臟MRI影像檢測，心房内兩個巨大的血塊去除了90%，剩下原來的十分之一左右！心臟科醫生們很難解釋這樣的發展，抗凝血劑不能減小已經形成的血塊，而這麽巨大的血塊幾乎不可能在兩個月内經由人體自我化解。一方面有了確切的MRI影像證據，另一方面心臟科醫生也知道西醫治療無法達到這樣的效果，邏輯推理下，也就得猜測「可能」是中醫治療的效果。當然，要這些頂尖西醫承認中醫治療比他們西醫治療有效，是件很困難的事情，下週心臟科醫生和我將面對面討論，我不期望他們聽得進去中醫「寒熱」、「心陽」、「肝血」等等的概念，只期望他們放下成見，願意觀察及記錄中醫臨床的治療效果，讓更多的病人得到中醫的幫助，而不是被推進冷冷的手術房，承受心臟開刀的高度風險。</p>",
  "article_time": "2020年09月22日 16:45",
  "comments": [
    {
      "id": "bddadf39ea688c13497b11bf2651d6d7",
      "author": "李晨",
      "time": "2020年09月22日 18:47",
      "content": "<p>感谢李医生分享经验。<br/>\n请问这种病人有没有针对肝血的药物加入，有血块加一些活血的药物的？<br/>\n疑问，这个心脏病案例的人，善后怎么样，需要长期服药吗？或每年抽几个月时间服用中药来治心脏。<br/>\n服用中药的人怎样确定心脏病会完全痊愈不是说不痛了，就好了。可一停药又回来了。<br/>\n谢谢！</p>",
      "level": 0,
      "highlight": false,
      "children": []
    },
    {
      "id": "4fbb8ca4c116068a78dde09fd23d0708",
      "author": "ieitZYB",
      "time": "2020年09月22日 20:28",
      "content": "<p>慢慢地，影响斯坦福大学，开设传统中医课程 🙂</p>",
      "level": 0,
      "highlight": false,
      "children": []
    },
    {
      "id": "43b380a10f491bd40e5f81582619f8fe",
      "author": "shawn",
      "time": "2020年09月22日 20:47",
      "content": "<p>感謝分享案例。想不到心臟裡面還能出現如此大的血塊，病人有自感的心區症狀嗎，比如痛（刺痛？鈍痛？懸空痛），嘔氣，胸口緊之類？還是說病人無這方面明顯感覺。只是好奇。</p>",
      "level": 0,
      "highlight": false,
      "children": [
        {
          "id": "8fc9958aceab66409fe755ec191d7ea0",
          "author": "李宗恩",
          "time": "2020年09月24日 10:33",
          "content": "<p>病人自己沒有什麽異常的感覺。</p>",
          "level": 1,
          "highlight": true,
          "children": []
        }
      ]
    },
    {
      "id": "43fbd5ec1a20c27372743dd17f55b4f7",
      "author": "明遠",
      "time": "2020年09月22日 21:19",
      "content": "<p>李醫師 您好:</p>\n<p>請問血塊剩下十分之一，需要改處方嗎?原本的處方是否有用到川七、紅花、桃仁等破血的藥物?</p>\n<p>謝謝</p>",
      "level": 0,
      "highlight": false,
      "children": [
        {
          "id": "c2f61664a6e8ececf8928f5bd62740b0",
          "author": "李宗恩",
          "time": "2020年09月24日 10:44",
          "content": "<p>不要一聽到西醫說血塊就想到破血的中藥材，另一方面，病人沒有停止服用抗凝血劑，同時使用破血中藥時，得特別小心。文章中我沒深入討論，病人其實有過兩次腦溢血性中風，腦科醫生非常反對病人服用抗凝血劑，心臟科醫生知道腦溢血的風險，礙於沒有其它辦法，也只好使用抗凝血劑。</p>",
          "level": 1,
          "highlight": true,
          "children": [
            {
              "id": "8f09239d980389eafbdd24a0f7371448",
              "author": "明遠",
              "time": "2021年05月03日 10:13",
              "content": "<p>李醫師 您好:</p>\n<p>家母十幾天前剛發生腦血管堵塞，情況很輕微，看起來跟文中的案例情況差不多，醫院同樣也沒有處理堵塞的問題，開出阿斯匹靈和利普妥(膽固醇320)。想請問:<br/>\n1.輕微的腦血管堵塞，會自己好嗎(打通)?還是要吃中藥?小續命湯有打通堵塞的效果嗎?<br/>\n2.倪老師書中有寫到腦中風瘀血，常用桂枝3，芍藥6，加重芍藥讓血馬上回到心臟，這裡的腦中風瘀血，是出血後在血管外的瘀血?還是堵塞在血管內的瘀血?<br/>\n3.古代人不知中風有堵塞和出血兩種，但常用小續命湯治療，倪老師說治療中風最常用的是小續命湯。請問小續命湯對兩種中風都有效嗎</p>\n<p>謝謝</p>",
              "level": 2,
              "highlight": false,
              "children": [
                {
                  "id": "a099498759b9b42c23f6853a3fd5175b",
                  "author": "李宗恩",
                  "time": "2021年05月09日 10:11",
                  "content": "<p>中醫不以西醫方式來看診，中醫不直接分辨血栓中風和出血中風，而是有綜合症狀表現來診斷及治療。</p>",
                  "level": 3,
                  "highlight": true,
                  "children": [
                    {
                      "id": "cdbaf99da2ad17bc8932696aac05f7b2",
                      "author": "明遠",
                      "time": "2021年05月10日 03:23",
                      "content": "<p>家母18年前第一次腦出血中風，10年前第二腦出血中風，兩次都是右腦，這次中風住院6天觀察原本還算正常，但出院後幾天開始出現全身乏力，再過幾天後變成幾乎都不說話，跟他說話他也很不想回答，但眼神是正常的，他說覺得很倦怠，全身無力。他這次是右腦血管堵塞，我發現他右耳明顯乾扁，右耳耳尖穴放血，出血量比左耳耳尖穴少很多，右邊太陽穴放血的出血量也比左邊少很多。我知道這些症狀訊息可能不夠，但還是想請教大致治療的方向該如何?謝謝</p>",
                      "level": 4,
                      "highlight": false,
                      "children": []
                    },
                    {
                      "id": "c71ce851e637e809968b1da27cb6884f",
                      "author": "李宗恩",
                      "time": "2021年05月18日 11:12",
                      "content": "<p>我無法在網頁上針對個案一一討論，你得帶你母親去看中醫。</p>",
                      "level": 4,
                      "highlight": true,
                      "children": []
                    }
                  ]
                }
              ]
            }
          ]
        }
      ]
    },
    {
      "id": "a8e17d5c3279c697c6de39dc54f18697",
      "author": "无显示",
      "time": "2020年09月22日 23:16",
      "content": "<p>尊敬的李医师，我儿子新开学，学校有一个表，家长可以根据自己的意愿选择不打疫苗，但需要医生签字。我签字说明我个人的意愿是小孩免疫苗，但医生没有配合她签写的是“我知道没有原因不打疫苗” 。请您建议下我有什么理由告诉她？ 我本来有个人的选择，但医生不配合。我总是觉得在权利和权威面前，自己怎么就是猫狗了？</p>",
      "level": 0,
      "highlight": false,
      "children": [
        {
          "id": "0e1ff342197770679cb28eb0f745f649",
          "author": "李宗恩",
          "time": "2020年09月24日 10:46",
          "content": "<p>這得看當地的法律，譬如美國加州已經無法使用個人信念來避免打疫苗，非得西醫簽名同意，而大多數西醫不願意承擔風險，很難要求他們簽名同意。</p>",
          "level": 1,
          "highlight": true,
          "children": []
        }
      ]
    },
    {
      "id": "81d27a104c01f60e356a77bfc57556a6",
      "author": "无显示",
      "time": "2020年09月22日 23:20",
      "content": "<p>开学了，我儿子被感染了。太快！没有备治疗通方的人，好危险。</p>",
      "level": 0,
      "highlight": false,
      "children": []
    },
    {
      "id": "e5121604342aa55b2a872a3fdcf07c2e",
      "author": "gordon",
      "time": "2020年09月23日 07:38",
      "content": "<p>看到這個中醫治療結果，感覺在西醫證據證明下，感覺李醫師跟西醫的對話應該可以讓中醫走進斯坦福大學醫院。</p>",
      "level": 0,
      "highlight": false,
      "children": []
    },
    {
      "id": "d44397c681d14e08a5af151030c74b8d",
      "author": "无显示",
      "time": "2020年09月23日 09:44",
      "content": "<p>想反馈一下，李医师开的新冠治疗方太宝贵，我要二煎。</p>",
      "level": 0,
      "highlight": false,
      "children": [
        {
          "id": "ef7fe052bb7303fc75bf314667d80e6e",
          "author": "学里",
          "time": "2020年09月24日 01:23",
          "content": "<p>李医生发布的方子在哪里可以看到？</p>",
          "level": 1,
          "highlight": false,
          "children": []
        },
        {
          "id": "caedf21146dffe5a20c14d98e3c832bf",
          "author": "李宗恩",
          "time": "2020年09月24日 11:45",
          "content": "<p>治病的中藥是不應該二煎的，藥方有一定寒熱、補瀉等的比例，每種藥材煮過一次後的餘留藥效不一樣，二煎出來寒熱、補瀉等的比例，往往和原本藥方想法不同。</p>",
          "level": 1,
          "highlight": true,
          "children": [
            {
              "id": "9edbcc887b376c797f81eec62d0c2d44",
              "author": "无显示",
              "time": "2020年09月26日 07:52",
              "content": "<p>好的。知道了</p>",
              "level": 2,
              "highlight": false,
              "children": []
            },
            {
              "id": "9ca9d06703122773a23f654046074129",
              "author": "四川 颜永信",
              "time": "2020年09月29日 03:02",
              "content": "<p>学习了</p>",
              "level": 2,
              "highlight": false,
              "children": []
            }
          ]
        }
      ]
    },
    {
      "id": "f63147216ddf511dff9d133207fa48bf",
      "author": "沈煇峰",
      "time": "2020年09月23日 23:29",
      "content": "<p>季醫師，您是中醫之光！</p>",
      "level": 0,
      "highlight": false,
      "children": [
        {
          "id": "efa827ccb1dfb8ef36df8850451c1ca8",
          "author": "李宗恩",
          "time": "2020年09月24日 11:56",
          "content": "<p>謝謝你的支持及鼓勵。</p>",
          "level": 1,
          "highlight": true,
          "children": []
        }
      ]
    },
    {
      "id": "99d2c7dad179b057d0ab09d9bcedab22",
      "author": "田玉红",
      "time": "2020年09月24日 02:39",
      "content": "<p>老师，骨刺属于实还是虚？倪师针灸课里虚实以时间长短及酸痛麻胀区分虚实。但是骨刺从形上分析应该为实证，毕竟多长出了东西。实际上长骨刺多为中老年人，肾气不足，肾主骨，自我代偿故多长出了一点骨头，所以烦请李师指教！谢谢</p>",
      "level": 0,
      "highlight": false,
      "children": [
        {
          "id": "053033c8febff3aba6fd01be8e14ac82",
          "author": "李宗恩",
          "time": "2020年09月24日 11:55",
          "content": "<p>虛實得看是哪個局部，而整體上常常可以虛實並存。骨頭增生，對骨頭而言是實症，但背後確實可能如你所言爲腎虛或其它虛證。另外，這些虛或實，只是現象，重點是爲什麽會出現那些虛實的現象。現在的中醫教科書及許多中醫師常常把那些虛實的現象當成病因，就好像你問西醫爲什麽你會頭疼，西醫解釋說你得了偏頭痛，卻沒告訴你爲什麽會有偏頭痛，有講等於沒講。</p>",
          "level": 1,
          "highlight": true,
          "children": []
        }
      ]
    },
    {
      "id": "6f952d3e0ae8442fc0b9bf824bd95c9c",
      "author": "chenju",
      "time": "2020年09月24日 08:44",
      "content": "<p>不是加了生附子、炮附子。病因清楚了，问题解决了需要长期吃药吗</p>",
      "level": 0,
      "highlight": false,
      "children": [
        {
          "id": "eaab19c9b44ef9bbc7b4d74c3cc033fc",
          "author": "李宗恩",
          "time": "2020年09月24日 12:05",
          "content": "<p>身體健康不是那麽簡單，病症只是整體問題的部分表現，整個系統得在某個分數以上，系統才能自己維持在一個穩定狀態，同時還得看病人的生活飲食等等。</p>",
          "level": 1,
          "highlight": true,
          "children": []
        }
      ]
    },
    {
      "id": "0c71bc6ae970f50583947c3bea6b1b4b",
      "author": "Kaler",
      "time": "2020年09月24日 17:16",
      "content": "<p>李宗恩医生您好，我有长期的失眠症状，夜不能寐，频繁发作，今年才24岁，受这病症影响多年，找这边的中医大夫吃了又2 3个月要，稍有好转，但效果并不明显。想问下医生，能不能找您网上看诊吗？</p>",
      "level": 0,
      "highlight": false,
      "children": [
        {
          "id": "923fcc763928e2835cfef5009c361f42",
          "author": "gordon",
          "time": "2020年09月26日 05:45",
          "content": "<p>我總結了一些治療失眠的情況，你可以分辨一下你的症狀，對症用方。<br/>\n复制这段内容后打开百度网盘手机App，操作更方便哦 链接:<a href=\"https://pan.baidu.com/s/1lQGwWTISsNc8yLibJq0ZMw 提取码:0mlz\" rel=\"nofollow ugc\">https://pan.baidu.com/s/1lQGwWTISsNc8yLibJq0ZMw 提取码:0mlz</a>  失眠.png</p>",
          "level": 1,
          "highlight": false,
          "children": [
            {
              "id": "c77136747d8a09b8829c74c0cb10a260",
              "author": "Helen",
              "time": "2021年01月28日 05:04",
              "content": "<p>你好，能再分享一下您这个文件吗？我也想学习一下，谢谢！</p>",
              "level": 2,
              "highlight": false,
              "children": []
            }
          ]
        },
        {
          "id": "8978092e7fa89a7cd4815106fa7ddbab",
          "author": "无显示",
          "time": "2020年09月26日 07:54",
          "content": "<p>长期失眠，试试走路走到不能走为止，例如走一整天。</p>",
          "level": 1,
          "highlight": false,
          "children": []
        },
        {
          "id": "1a202bd1f011e84dd4063342eeebdf67",
          "author": "李宗恩",
          "time": "2020年09月28日 10:25",
          "content": "<p>最好還是就近找中醫師看診，如果真的需要遠程看診，請聯絡診所nfo@youngQi.com。</p>",
          "level": 1,
          "highlight": true,
          "children": []
        }
      ]
    },
    {
      "id": "1512a85163249e8e3e2419439e8e5734",
      "author": "晨翔",
      "time": "2020年09月25日 08:32",
      "content": "<p>杏林春暖～<br/>\n倪师的骄傲…</p>",
      "level": 0,
      "highlight": false,
      "children": []
    },
    {
      "id": "3f2fc0f2363ae9c3dd5a36bdf455682e",
      "author": "steven",
      "time": "2020年09月26日 03:08",
      "content": "<p>根據按原始點的經驗<br/>\n四肢末梢會麻<br/>\n按上背脊椎左側都很痛<br/>\n和心臟有直接關係</p>",
      "level": 0,
      "highlight": false,
      "children": [
        {
          "id": "fd73f92349a6e025f2bf375fbd0c09a2",
          "author": "李宗恩",
          "time": "2020年09月28日 10:27",
          "content": "<p>病人沒有這些症狀、</p>",
          "level": 1,
          "highlight": true,
          "children": []
        }
      ]
    },
    {
      "id": "3de331fac8880277f1bb68f64e454f9b",
      "author": "上善若水",
      "time": "2020年09月27日 06:42",
      "content": "<p>非常好的医案，学习了，感谢李医生分享！</p>",
      "level": 0,
      "highlight": false,
      "children": []
    },
    {
      "id": "61544353f8afdd5579857dd3dcf443ea",
      "author": "上善若水",
      "time": "2020年09月27日 07:11",
      "content": "<p>李医生您好！想请教下，西医名称的子宫内膜息肉，是不是中医说的癥瘕？依您的经验，好治疗吗？我查阅了很多经方大师的书籍，子宫肌瘤的医案不少，但子宫息肉的很少。我请教了一些较为著名的医生，包括几位经方大咖，都说子宫息肉不好治疗，至少要半年以上，有的甚至说中药治疗它效果很差，建议先手术切除，再用中药调理防止复发。但是我想，李可治疗子宫肌瘤仅仅两个月就恢复得很好，照理息肉应该会更好治疗才对吧？针对不同个体辩证开的方，不知差异大不大，如果依金匮妇人方那章服用桂枝茯苓丸，可以不？恳请李医生方便时指点一二，非常感谢！</p>",
      "level": 0,
      "highlight": false,
      "children": [
        {
          "id": "2989d3b12a04617ce93b9e9877939e2e",
          "author": "李宗恩",
          "time": "2020年09月28日 10:35",
          "content": "<p>差別不在西醫叫瘜肉或肌瘤，而是中醫辨證上有什麽差別。桂枝茯苓丸只是一個大方向，有些中醫師讓病人一直服用桂枝茯苓丸，瘜肉和肌瘤沒變小，反而血虛了，出現失眠、結代脈等症狀。</p>",
          "level": 1,
          "highlight": true,
          "children": [
            {
              "id": "7a0109a9ac34ef610f6a87b238522c5b",
              "author": "上善若水",
              "time": "2020年09月29日 08:03",
              "content": "<p>看过好几本著名的金匮注解，都没有说到有人一直服用可能会导致失眠结代脉的现象，非常感谢您的指点，学习了！这也正是许多人学中医的困惑与难点。比如，李可大师说：“中医之证是整体失调在患病阶段主要矛盾集中点，西医之病是整体失调所派生的局部病变；治证是调节整体，整体康复则局部病变常可奇迹班不药而愈。病与证冲突时，要毫不犹豫舍病从证。”但经方大师胡悉恕认为“中医之所以辩证而非像西医一样辨病，是因为古代科技及器械不好，没法认识病，只能从疾病的反应即症状看问题，如中风、伤寒等都是把现象当本质。证是古人观察积累总结出的客观规律，但对它的认识是错误的。”不知李医生比较赞成谁的说法呢？</p>",
              "level": 2,
              "highlight": false,
              "children": [
                {
                  "id": "85a48232adfc4209e53fc0a14e1d38e6",
                  "author": "李宗恩",
                  "time": "2020年09月30日 20:03",
                  "content": "<p>兩位前輩的說法都不完善。中醫藉由各種客觀及主觀的症狀，反向推論病人身體內部整體與局部的病態問題，依照當時狀況，決定先治標消除症狀或直接治本改善病態。傷害雜病論等經典古籍不是把現象當本質，而是藉由現象來教導醫家如何反推本質。西醫也不是真的「辨病」，譬如高血壓90%以上是「原發性」，也就是只知道血壓高，卻不知道為什麼、什麼病態導致的。反過來說，如果不深入討論根本的「病」，只偏重眼前擺出來的「症」，往往治不好複雜的病情。</p>",
                  "level": 3,
                  "highlight": true,
                  "children": [
                    {
                      "id": "e670b104396da4e55939e67a49fb16da",
                      "author": "上善若水",
                      "time": "2020年10月01日 06:05",
                      "content": "<p>说的真好，学习了，谢谢！顺祝李医生节日快乐！</p>",
                      "level": 4,
                      "highlight": false,
                      "children": []
                    }
                  ]
                }
              ]
            }
          ]
        }
      ]
    },
    {
      "id": "d6a28f425392ab24a9ad22cf51ef1151",
      "author": "无显示",
      "time": "2020年09月27日 22:35",
      "content": "<p>李医师，您好！我感觉现在疫情的传播比今年春天更严重，好像每个人要染病。我儿子不到7岁，开学几个星期，已经病了快2星期。病的第一天就是舌苔发暗紫色带青，鼻子被堵，接着发烧，咳嗽，喉咙积黄痰，舌红无苔，他硬扛了7天后，在鼻孔完全被黄痰堵，说话可以听出喉咙积水，给他喝了一次预防方，好几天治疗通方。现在早晚有少量咳嗽，今天舌苔比较灰和黄，舌上还有红点不太明显。病还没有收尾。我自己，就7天前有一天的呼吸道积水的感觉，后来除了4个早晨喉咙有级少量的黄痰，无其他症状，但感觉自己应该是无症状的病毒携带者把工作暂时退掉后了免得传人。楼下的邻居好像给我传了，胸闷2天，咳嗽，有痰。</p>",
      "level": 0,
      "highlight": false,
      "children": [
        {
          "id": "162678b13d860447725e70ccb98a0b98",
          "author": "李宗恩",
          "time": "2020年09月28日 10:39",
          "content": "<p>流感季節來了，會導致新冠肺炎疫情加重，如果不大規模使用中藥治療，會是非常麻煩的問題。</p>",
          "level": 1,
          "highlight": true,
          "children": [
            {
              "id": "735e0b94fcd833574d03bd51e0de65c4",
              "author": "无显示",
              "time": "2020年09月28日 15:01",
              "content": "<p>我感觉这个秋冬会比春天更乱。春天我还没有亲自体验过covid，现在体验到了喉咙积水呼吸不畅的难受。春天学校关闭，现在有的学校还正常开放，恐怕每个小孩要被传个遍，但测试结果可能是无感染，有病继续去学校传播病毒。人人都在靠测试，一不舒服就跑去测试，但不注意防疫，只靠测试结果和量体温来衡量。一不舒服就服西药。恐怕这个秋冬要比春天乱多少倍！</p>",
              "level": 2,
              "highlight": false,
              "children": []
            }
          ]
        }
      ]
    },
    {
      "id": "9324f686341d1ef174b1219a2d5befe0",
      "author": "Serena",
      "time": "2020年09月28日 07:20",
      "content": "<p>李醫師您好，想請教您，朋友今年1月时手腕受傷，神经和血管都断了，手术接回去了，但現在大姆指、食指、中指的手掌處會麻木，這是供血不足嗎？可以怎麼冶疗呢？謝謝</p>",
      "level": 0,
      "highlight": false,
      "children": [
        {
          "id": "f324a7f5b554f9930420745341056aeb",
          "author": "李宗恩",
          "time": "2020年09月28日 11:39",
          "content": "<p>痹症，依照其它症狀，適當使用黃耆桂枝五物湯、當歸四逆湯等的加減。</p>",
          "level": 1,
          "highlight": true,
          "children": [
            {
              "id": "aa2d939ae19c76fdf5100e9735d39689",
              "author": "Serena",
              "time": "2020年09月28日 14:24",
              "content": "<p>非常感谢李医师的回复，您辛苦了，谢谢</p>",
              "level": 2,
              "highlight": false,
              "children": []
            }
          ]
        }
      ]
    },
    {
      "id": "7cdc75dba72e061fdca66c548bfb9e5e",
      "author": "四川 颜永信",
      "time": "2020年09月29日 03:07",
      "content": "<p>炙甘草湯加生附子、炮附子等爲主，用热药化寒，不用活血药，李博士身上体现了倪师的精神</p>",
      "level": 0,
      "highlight": false,
      "children": []
    },
    {
      "id": "0dc45cf41e80c284aabea5ca53ddeac2",
      "author": "四川 颜永信",
      "time": "2020年09月29日 03:36",
      "content": "<p>开刀10000例的美国心脏病专家之父，死后墓碑上刻着：心脏病最好的治疗是不做手术。</p>",
      "level": 0,
      "highlight": false,
      "children": []
    },
    {
      "id": "5727a10bb45d1aabd4678f247e3a6c5a",
      "author": "无显示",
      "time": "2020年09月30日 17:17",
      "content": "<p>李医师，托您的福，我的儿子新冠症状，喝了您的治疗通方6天后，好转。但现在舌苔中心偏黄，没有其他症状了，还在等看他什么时候完全恢复。我楼下的高中老师新冠症状3-4天胸闷疼，喉咙有水声，给他一碗治疗通方和预防汤一碗，病突然好了。</p>",
      "level": 0,
      "highlight": false,
      "children": [
        {
          "id": "ff9526ddf9517a4b5249ca2f6ff9271c",
          "author": "李宗恩",
          "time": "2020年09月30日 20:04",
          "content": "<p>很高興那些藥方幫助到你們，謝謝你的分享。</p>",
          "level": 1,
          "highlight": true,
          "children": []
        }
      ]
    },
    {
      "id": "feba2c304c74fc123cd83caec2d1e627",
      "author": "Gary",
      "time": "2020年10月01日 03:19",
      "content": "<p>看了您的文字很感動，希望宗恩老師一直越來越好，祝福！</p>",
      "level": 0,
      "highlight": false,
      "children": [
        {
          "id": "4c4d3aa2daea34b20b3acbf906582233",
          "author": "李宗恩",
          "time": "2020年10月01日 17:17",
          "content": "<p>謝謝你的祝福！</p>",
          "level": 1,
          "highlight": true,
          "children": []
        }
      ]
    },
    {
      "id": "8bc9f534c9cc6c559d7d4322a31e8a55",
      "author": "zengbaolu",
      "time": "2020年10月02日 21:07",
      "content": "<p>李医生，请问下，用药（如:银杏叶，桑叶，枇杷叶）做药引，用煮药引的水再煮其他药，您在医书上有看到过这样的案例记载吗</p>",
      "level": 0,
      "highlight": false,
      "children": [
        {
          "id": "8843c5766945fa6c6da0e2594f90758b",
          "author": "李宗恩",
          "time": "2020年10月03日 09:51",
          "content": "<p>中藥方劑常常有些引藥，不過，通常不需要分開煮。</p>",
          "level": 1,
          "highlight": true,
          "children": [
            {
              "id": "1cda1cb20e842ab344269011401abb81",
              "author": "zengbaolu",
              "time": "2020年10月09日 22:05",
              "content": "<p>謝謝李醫生，您說的引藥是不是如：柴胡入少陽，葛根入陽明這類嗎？那個醫生的藥引完全不同，他的藥引等於是一個小方，四五味藥，通常是葉子，然後還有個大方，就是主藥。把小方的藥煮好后過濾出來的藥水再煮大方的藥，這樣的，您見過嗎</p>",
              "level": 2,
              "highlight": false,
              "children": [
                {
                  "id": "449046712ee851640f83a44cb5c85861",
                  "author": "李宗恩",
                  "time": "2020年10月16日 13:02",
                  "content": "<p>引藥有許多的形式，葛根引藥上頭、麥芽糖引藥入脾、桂枝引藥走表等等，我不知道先煮有什麽差別。</p>",
                  "level": 3,
                  "highlight": true,
                  "children": []
                }
              ]
            }
          ]
        }
      ]
    },
    {
      "id": "2f015ecc5ec381f966ce12e1e09cde87",
      "author": "李晨",
      "time": "2020年10月03日 15:37",
      "content": "<p>李医生您好万般无奈之下，最近我也在用炙甘草汤加味治疗，收到的效果确实蛮大的，一个礼拜治肝血和中下寒湿，一个礼拜回来强心，加上运动，感觉收到的效果确实各方面都加强不少，最近准备停药看看。<br/>\n我的药材比较贵，一副炙甘草加味接近200元左右，也就13-14味。买比较好的中药材。让在下大开眼界，从未见过如此精品的中药，无论长相，大小，一惊真是太漂亮了。<br/>\n  无奈也，在下自入社会既双亲离异，缺少父母关爱，心理阴影多，造成心病，并非真心病，谈起此事既悲伤，时时告诫自己，过去已经回不去了，珍惜当下，看开点吧！</p>\n<p>问一个问题，中医对睡眠理解，我是晚上9点半睡，一觉睡到4点27醒一下，又睡到6点，起来上厕所。大多时间都这样，这样我就睡了7个小时醒一次了。<br/>\n在一个，最近国庆中秋，一些朋友发圈，每日饮啤酒到凌晨1-2点，早上也是冰啤酒，导致啤酒肚，难道这些人身体从没有问题吗？<br/>\n谢谢李医生！</p>",
      "level": 0,
      "highlight": false,
      "children": []
    },
    {
      "id": "d3131a8b289c7d552bb5ac132fda54fb",
      "author": "fang",
      "time": "2020年10月04日 19:16",
      "content": "<p>李医师你好，一侧面部抽搐不是中风，情绪紧张时抽搐加重，嘴角到眼角，西医称面肌痉挛，家里老人看过中西医没有得到好的效果，希望李医师能够指点是什么原因导致的，非常感谢</p>",
      "level": 0,
      "highlight": false,
      "children": [
        {
          "id": "a4e1d63ca7c2bbb940a84bf907a688ac",
          "author": "李宗恩",
          "time": "2020年10月06日 11:41",
          "content": "<p>背後的原因可能是肝血不足和脾虛，肝血不足、情緒緊張時容易有「風動」，而脾主肌肉，脾虛時容易肌肉鬆垮、流失，兩個因素合在一起，臨床上看到許多類似的病例。</p>",
          "level": 1,
          "highlight": true,
          "children": [
            {
              "id": "a98b94eda8879a2d8e691a327b0e5e85",
              "author": "fang",
              "time": "2020年10月06日 17:18",
              "content": "<p>非常感谢李医师百忙抽空回复，不知道中医上西医所谓的面肌痉挛是否可以根治<br/>\n还有一问题还需向李医师请教诊断思路<br/>\n本人甲状腺结节过去年轻时没接触中医在西医做过2次结节手术都是结节性甲状腺肿，近几年体检发现再出现结节，在当地中医经方家中药治疗两个半月体检还是有结节，听过倪师的课知道只要做过手术都会有疤结药物不好通过，但事情已发生不知道现在再用中医治疗能否消除结节，望您帮忙分析一下</p>",
              "level": 2,
              "highlight": false,
              "children": [
                {
                  "id": "b1f120a4183a899fe1656a89a3ff29fa",
                  "author": "李宗恩",
                  "time": "2020年10月06日 19:51",
                  "content": "<p>中醫不以西醫病名來治病，你稱述的「面肌痙攣」，我已經解釋了，中醫當然有很大的機會可以治癒。中醫可以治療甲状腺結節，以前討論過，你可以搜尋一下。</p>",
                  "level": 3,
                  "highlight": true,
                  "children": [
                    {
                      "id": "4d704bd7f4a0eca26b32673522e91957",
                      "author": "fang",
                      "time": "2020年10月06日 22:08",
                      "content": "<p>好的，非常感谢李医师的耐心解答</p>",
                      "level": 4,
                      "highlight": false,
                      "children": []
                    }
                  ]
                }
              ]
            }
          ]
        }
      ]
    },
    {
      "id": "4f94b00a033e52fd9468e04f1145f8c0",
      "author": "云叶",
      "time": "2020年10月06日 19:24",
      "content": "<p>这种情况是不是可以归类为心积？</p>",
      "level": 0,
      "highlight": false,
      "children": [
        {
          "id": "4a608b58c5c7654dab487a9fcb6b97eb",
          "author": "李宗恩",
          "time": "2020年10月06日 19:55",
          "content": "<p>你怎麼知道有「積」？如果你從西醫醫學影像檢測結果來開始思考，那你已經偏離了中醫，除非你從中醫望聞問切能夠得知心中有「積」，不然這「積不積」對中醫治療的意義不大。</p>",
          "level": 1,
          "highlight": true,
          "children": [
            {
              "id": "e5fef8c9f9d842e6685f28a8a8e30dec",
              "author": "云叶",
              "time": "2020年10月09日 19:25",
              "content": "<p>确实想错了，我应当好好反省</p>",
              "level": 2,
              "highlight": false,
              "children": []
            }
          ]
        }
      ]
    },
    {
      "id": "51f5ce4810e167fed0e477de58234a05",
      "author": "中醫愛好者",
      "time": "2020年10月23日 10:24",
      "content": "<p>李醫師非常好的醫案， 另外想請問一下，倘若你把病人的病根治好了，你一般會給患者吃多久的藥鞏固療效？還是確認患者好了，就不必再長期服藥？</p>",
      "level": 0,
      "highlight": false,
      "children": [
        {
          "id": "98020cd4531e0d09757329d12880a981",
          "author": "李宗恩",
          "time": "2020年10月23日 15:00",
          "content": "<p>這得看個案情況，就算病根治好了，病人的其他健康問題、生活飲食、年齡、心理等等，還是可能讓舊病復發。</p>",
          "level": 1,
          "highlight": true,
          "children": []
        }
      ]
    },
    {
      "id": "87e59123deeb980bff37ee749a542b7c",
      "author": "中醫愛好者",
      "time": "2020年11月24日 11:32",
      "content": "<p>李醫師，你好一直對炮附子 生附子功能有點疑問<br/>\n，倪師說炮附子的功能是固表還有固陽 而生附子是去里寒 點腎中的陽氣或是命門火，可是有時候好像在其他方劑上 是使用炮附子驅除寒氣，可是既然要去寒，為什麼不用生附子就好？ 反而用炮附子？</p>",
      "level": 0,
      "highlight": false,
      "children": [
        {
          "id": "a7bed5b581a6faf805ce39fdc19b45f1",
          "author": "李宗恩",
          "time": "2020年11月25日 09:28",
          "content": "<p>雖然炮附子和生附子都是熱，他們有許多不一樣的性質，譬如，生附子强心、炮附子溫腎等，不能彼此取代。</p>",
          "level": 1,
          "highlight": true,
          "children": []
        }
      ]
    },
    {
      "id": "9b1cf1279dcef204873840b859b9cecb",
      "author": "包兒",
      "time": "2020年11月24日 22:00",
      "content": "<p><a href=\"https://andylee.pro/wp/?p=2586\" rel=\"ugc\">https://andylee.pro/wp/?p=2586</a><br/>\n火星之旅，該帶那二十味中藥？（中）</p>\n<p><a href=\"https://andylee.pro/wp/?p=8382\" rel=\"ugc\">https://andylee.pro/wp/?p=8382</a><br/>\n網上講座：中藥淺談</p>\n<p>印象中李醫師提的比喻是<br/>\n炮附子就好像窗戶，天氣冷了，把窗戶關上，保暖<br/>\n但有些人室內還是冷冷的，即使關上窗戶，還是很冷<br/>\n所以使用生附子強心</p>",
      "level": 0,
      "highlight": false,
      "children": [
        {
          "id": "3f076d746804e467e730109800c85528",
          "author": "中醫愛好者",
          "time": "2020年11月25日 20:34",
          "content": "<p>感謝 很好的形容</p>",
          "level": 1,
          "highlight": false,
          "children": []
        }
      ]
    },
    {
      "id": "d24690dee42062796cbc7ca81ac61a06",
      "author": "中醫愛好者",
      "time": "2020年11月25日 20:33",
      "content": "<p>好的了解 謝謝李醫師</p>",
      "level": 0,
      "highlight": false,
      "children": []
    },
    {
      "id": "e3b8768597957896fff48d209f4cefc1",
      "author": "漢毉_巫輔橋",
      "time": "2021年07月31日 19:04",
      "content": "<p>李医师您好，我目前正自学倪海厦老师的课如果有课程内容及临床问题，可以请教您吗？谢谢</p>",
      "level": 0,
      "highlight": false,
      "children": [
        {
          "id": "ab504ac2e9a6783ea1dd2d54ace2b44d",
          "author": "ieitZYB",
          "time": "2021年08月01日 16:00",
          "content": "<p>请确定教材来源 🙁</p>",
          "level": 1,
          "highlight": false,
          "children": []
        }
      ]
    },
    {
      "id": "16ea1788e735ec98703e82611971242f",
      "author": "李c",
      "time": "2021年08月01日 05:10",
      "content": "<p>您好，李医生，这个案例还在治疗中吗？中医确实能帮助心脏病患者恢复健康：但得有功力强的中医师来帮助：以前我在找中医治疗的时候方法很死板重不考虑病人的感受和心理、可能他们也不善于像您这样去了解病人的心理和生理吧！结果就是没有治好，很遗憾、不得不再次寻求您的帮助。谢谢您</p>",
      "level": 0,
      "highlight": false,
      "children": [
        {
          "id": "c43f09f7b59079a49f7950456ef831dc",
          "author": "李宗恩",
          "time": "2021年08月01日 17:58",
          "content": "<p>這個病人已經恢復到西醫認為安全的標準，但病人依然會按時會診，讓我檢查他的情況。</p>",
          "level": 1,
          "highlight": true,
          "children": [
            {
              "id": "201dda57e8a920b5cb183d19209aefc7",
              "author": "李c",
              "time": "2021年08月02日 10:00",
              "content": "<p>有一些心脏病西医检测都查不出来，这个病例病人70多岁在中医的帮助下都能恢复到安全的状况、年龄比较小一点的，没有经过西医干预治疗的，中医来治是否能恢复到正常人的生活么？像结婚生小孩组建家庭之类的。心脏病造成肾衰的几率大吗？谢谢李医生</p>",
              "level": 2,
              "highlight": false,
              "children": [
                {
                  "id": "c77d23740bfd1ed6d45bcc21cffc810f",
                  "author": "李宗恩",
                  "time": "2021年08月08日 22:25",
                  "content": "<p>每個病例不一樣，你這樣問的問題，意義不大，就好像問高血壓導致腎衰竭的機率有多大。</p>",
                  "level": 3,
                  "highlight": true,
                  "children": []
                }
              ]
            },
            {
              "id": "e3d6239a44d5618c65b91c8ea481e74d",
              "author": "李c",
              "time": "2021年08月05日 17:13",
              "content": "<p>李医生，请问怎样想办法让病人心能够藏神呢？比如病人走在马路上都比较恐惧，心不能藏神：被吓住了：：用过补肝血的药材和炙甘草汤加减，效果不是很明显……是否补肝血和强心阳就能让失去的心神回复：还是有其他的办法？已经预约了诊所，急切想寻求您的帮助</p>",
              "level": 2,
              "highlight": false,
              "children": [
                {
                  "id": "df2849edf88f89ae196584e3bce345ae",
                  "author": "ET",
                  "time": "2021年08月07日 06:11",
                  "content": "<p>你这种走在路上都怕的不能辨证为心不藏神，你一辨错后面就错了。我建议你还是去xxx看看xxx吧，不要再自己乱用药了。(網站管理員：商業宣傳部分，予以刪除）</p>",
                  "level": 3,
                  "highlight": false,
                  "children": []
                },
                {
                  "id": "0ddf2a30c187cc6873165eda6efb66a6",
                  "author": "李宗恩",
                  "time": "2021年08月08日 22:33",
                  "content": "<p>你的問題廣泛卻沒有針對性，你應該回去好好研讀中醫的基礎知識，不然只是空泛地問問題。</p>",
                  "level": 3,
                  "highlight": true,
                  "children": []
                }
              ]
            }
          ]
        }
      ]
    },
    {
      "id": "0aaedb42228b709f258ecef083e31d43",
      "author": "王久阳",
      "time": "2023年06月11日 01:18",
      "content": "<p>李恩师，您好，我母亲19年突发心梗，22年复发，两次症状均是心脏区域感到一根血管辣辣的<br/>\n母亲微胖，心脏素来弱，年轻时就冠心病，我有印象时小腿就一按一个小坑。19年后我自学倪师，一直以四逆、理中、真武为底子加之白术茯苓，八味地黄丸等利水渗湿的思路，效果非常好，妈妈经常说状态回到二十年前。无奈22年又发现心区辣感，又去做了疏通。手术之后，如同第一次，出现严重少阴症，嗜睡、叫不醒、严重的阳虚，后来我用20g生附救回来了。情况刚有好转又出现脑梗，此脑梗不像因寒而起，手不缩，反而展开，四肢没有明显不灵活，但是认知下降严重。我一度猜测是热药用的太猛，出现了风引汤的症状。这个事，我至今也不知道怎么回事。后来在医院打了半个月吊瓶，回家慢慢调养，这一年阿司匹林没有断，替格瑞洛也有吃，同时小剂量四逆，真武等穿插，因为妈妈一直动作慢慢的，弱弱的，一副没有力气的感觉。恢复超出预期，脑力和行动都还好。可是上个月又出现心区辣辣的感觉，我感觉好无奈，看了您的很多视频我感觉跟这个案例特别像，是不是可以小剂量用生附子四逆，生半夏茯苓白术搭配阿胶的思路，加强心脏的活力呢。</p>",
      "level": 0,
      "highlight": false,
      "children": [
        {
          "id": "cb1a4ff4f55a4074b25dd82a0094529e",
          "author": "李宗恩",
          "time": "2023年06月12日 10:40",
          "content": "<p>我不在網上針對個案一一討論，你自學中醫，卻沒有老師帶臨床，臨床經驗幾乎為零，你這樣治療家人是很不恰當的事情，即使一開始看到一些效果，不代表你真的解決問題，更不代表你不會導致更多的問題。你應該找中醫師好好看診，而不是把你母親當成你的實驗品。</p>",
          "level": 1,
          "highlight": true,
          "children": []
        }
      ]
    },
    {
      "id": "29d4e053293feb5c8a8126c747e8d597",
      "author": "AndyK",
      "time": "2023年06月12日 22:12",
      "content": "<p>媒体普及”无症状感染者”,就是让人不相信自己的症状,相信他们的仪器.<br/>\n人们开始相信自己没有症状但是病了.</p>",
      "level": 0,
      "highlight": false,
      "children": []
    },
    {
      "id": "dd9d492946e1d648a5f86c519bddde29",
      "author": "杨学锐",
      "time": "2025年02月23日 06:59",
      "content": "<p>李老师，请问心脏瓣膜换成了机械瓣膜，用中药治疗让心脏改变，会让机械瓣膜不能正常工作而更危险吗？</p>",
      "level": 0,
      "highlight": false,
      "children": [
        {
          "id": "103352c263912757bfec3b83dd480d2b",
          "author": "李宗恩",
          "time": "2025年02月25日 15:29",
          "content": "<p>人工瓣膜是為了長期使用而設計的，一般情況下，不會因為心臟改變而造成更多問題，但可能因心臟改變而效果減少。安裝人工瓣膜後，西醫會要求定期檢查。</p>",
          "level": 1,
          "highlight": true,
          "children": [
            {
              "id": "4ce3f64d77c65b080e523caed7e648e2",
              "author": "杨学锐",
              "time": "2025年03月03日 03:14",
              "content": "<p>感谢您的解答。</p>",
              "level": 2,
              "highlight": false,
              "children": []
            }
          ]
        }
      ]
    },
    {
      "id": "1ef1a4d93c8a78afef817bbe547fccdc",
      "author": "柯迩",
      "time": "2025年02月25日 12:02",
      "content": "<p>李醫師您好，請問如果病人出現西醫檢查所謂的心肌梗死的情況，但病人自身症狀為心絞痛，喘不過氣；此時能否針灸急救（如公孫內關、心三針）？換句話說，在西醫認為病人心臟的狀況非常危險的情況下，通過針灸打通心氣是否反而會害到病人？</p>",
      "level": 0,
      "highlight": false,
      "children": [
        {
          "id": "c8c461d47663bca5dc77135d9bf294c2",
          "author": "李宗恩",
          "time": "2025年02月25日 15:40",
          "content": "<p>不要自己亂想。</p>",
          "level": 1,
          "highlight": true,
          "children": [
            {
              "id": "024ae3d2ab3547fcfef119d4bc24ee4e",
              "author": "柯迩",
              "time": "2025年02月25日 20:22",
              "content": "<p>李老師，是因為家裡有親人突發急性心梗，被除顫儀救回，西醫形容梗死的地方如同嫩豆腐塊，稍微一動就有危險；他目前狀況良好，但仍時有心痛。家裡人想上支架，但醫生說以他心臟的情況需要觀察之後再上，我想通過針灸去幫助他，無奈受到家裡人反對，認為太過危險，特此來請教您是否有這方面的經驗</p>",
              "level": 2,
              "highlight": false,
              "children": [
                {
                  "id": "21680fc33ad2d741e2c8bb6e551a9fe5",
                  "author": "李宗恩",
                  "time": "2025年03月08日 07:33",
                  "content": "<p>這樣的情況下，針灸幾乎不可能造成傷害，最多是效果不佳。</p>",
                  "level": 3,
                  "highlight": true,
                  "children": [
                    {
                      "id": "9598d9bbbba5de8d7e5c766e13a434b1",
                      "author": "柯迩",
                      "time": "2025年03月14日 07:15",
                      "content": "<p>謝謝李老師！</p>",
                      "level": 4,
                      "highlight": false,
                      "children": []
                    }
                  ]
                }
              ]
            }
          ]
        }
      ]
    }
  ],
  "page": 22,
  "order": 4,
  "filename": "data\\page22\\page22_order3_54dcedc5c0eb9ff99c00ea108e77cfda.json",
  "timestamp": 1743221108.6502159
}