{
  "article_url": "https://andylee.pro/wp/?p=5877",
  "title": "FM96.1：中醫在WHO的大突破",
  "content": "<figure class=\"wp-block-audio\"><audio controls=\"\" src=\"https://andylee.pro/wp/wp-content/uploads/2019/06/S-20181002中醫在WHO的大突破.mp3\"></audio></figure>\n<p>（語音檔案由FM96.1電台提供，文章摘錄撰寫中，請稍加等待謝謝。）</p>",
  "article_time": "2018年10月02日 11:46",
  "comments": [],
  "page": 36,
  "order": 8,
  "filename": "data\\page36\\page36_order7_e095188619c73a2579d6fba60c56e555.json"
}