{
  "article_url": "https://andylee.pro/wp/?p=5873",
  "title": "FM96.1：中醫如何看待基因改造？",
  "content": "<figure class=\"wp-block-audio\"><audio controls=\"\" src=\"https://andylee.pro/wp/wp-content/uploads/2019/05/20181127中醫如何看待基因改造？-1.mp3\"></audio></figure>\n<p>（語音檔案由FM96.1電台提供，文章摘錄撰寫中，請稍加等待謝謝。）</p>",
  "article_time": "2018年11月27日 11:44",
  "comments": [],
  "page": 36,
  "order": 3,
  "filename": "data\\page36\\page36_order2_1e3cbed87cd588ab180920627b06b006.json"
}