{
  "article_url": "https://andylee.pro/wp/?p=4852",
  "title": "修車廠老闆腦溢血昏迷不醒",
  "content": "<p>我認得這位修車廠老闆已經好多年了。他原來是位工程師，創立了一家高科技公司，努力運營幾年後，成功的把公司賣了個好價錢。錢賺到了，像很多科技人的夢想一樣，買了一台法拉利來開，而也和許多科技人一樣，沒想到法拉利問題很多，修車多次以後，決定離開高科技業，自己來開一家修車廠。聽起來很異類，但多年下來，這位高科技轉行的修車廠老闆走過許多辛苦，總算把修車廠做到很有口碑。六年多前，在他人的推薦下，我開始找他修車。雖然他比我年長許多，為人特別親切，從第一次見面我們就很談得來，幾次修車後，我們成了忘年的朋友。</p>\n<p>兩年多前，修車廠老闆告訴我，他的心跳偶爾會突然上升到一分鐘150～160下，心慌、不舒服，休息一下就會恢復正常。我告訴他，那是很不好的現象，要他到診所來看診。他拖了好幾個月才來看診，當時我覺得他心陽虛，心血、肝血不足等等，我告訴他不難治，但是他得服用中藥一陣子。結果，他服用了一週的中藥，就覺得太麻煩又太難吃，服用西醫開的β受體阻斷藥（Beta blockers）簡單又「有效果」。雖然他耐心地聽我解釋為什麼β受體阻斷藥不是一個治本的辦法、可能引發的問題、以及中醫為何可以幫他治本等等，他口頭上説好好好，其實並沒有認真的面對問題。</p>\n<p>去年下旬開始，修車廠老闆心律不整的問題變得越來越嚴重，β受體阻斷藥不管用了，他告訴我好幾次，他現在覺得我原來跟他解釋的有道理，他説他必須來找我看診。不過，話説歸説，人還是沒有來看診。今年年初，他告訴我心臟科醫師堅持要幫他裝心律調節器（pacemaker），裝了以後，得一輩子服用β受體阻斷藥、抗凝血劑等等藥物。我再次違反了「醫不扣門」的原則，努力的想說服他來試一試中醫治療，很可惜，他説一切都安排好了，順理成章的去裝了心律調節器。</p>\n<p>兩三週前，他突然有個輕微的中風，被送到急診室，治療時又感染到肺炎，在醫院待了好幾天才出院。他告訴我，他打算今年底退休，他把我當好朋友告訴我，但是要我不要告訴修車廠的修車師傅們，免得他們先跳槽了。</p>\n<p>上週四下午兩點多，修車廠老闆在修車廠處理事情時突然倒下，送到急診室時已經沒有意識了，斷層掃描顯示整個左腦都被腦溢血覆蓋著，因為範圍太大，無法做開顱手術來急救，除了施打藥物以外，沒有什麼辦法。</p>\n<p>前天我到修車廠，向老闆的兒子詢問他的狀況。很明顯的情況很糟糕，依然昏迷不醒，身上插了許多管子來維持生命，但是醫師不確定他是否還有希望，或者實質上已經遠離人間了。</p>\n<p>這件事讓我很難過，修車廠老闆是自己的朋友，又在舊金山灣區，來看診很方便，他本身對中醫的療效也親自看過、聽過很多，甚至還推薦過好幾位朋友來診所看診。可是，中藥在「麻煩」、「難吃」的情況下，立即被西醫的「簡單方便」、「馬上看得到某種程度的效果」給比了下去。換成不認識的病患，或許我會說他們無知、自己得對自己的決定負責任，然而，對這位修車廠老闆，我實在不忍心也不願意苛責他，因為我知道他和很多人一樣，從小到大接受到的健康教育全部都是西醫的內容，報章雜誌宣傳的也絕大多數是西醫的資訊，稍稍接觸到中醫相關的內容，又都是吃這個補那個，以及一些粗淺卻被無限放大的養生知識，對於正統中醫及其臨床治療的了解，可能比小學生背九九乘法表的內容還少。到了真的生病的時候，長年累積的西醫內容佔據了病人及家屬整個潛意識，加上西醫非常強勢的告誡病人及家屬，如果不服用這個藥物、不做那個手術，就會病情加速惡化，甚至死亡，而對於任何副作用，都以「沒有別的辦法，不然你要怎麼樣？」來堵住病人的詢問，不肯深入討論。在這樣中醫知識非常有限的前提下，又被西醫強勢主導，很多的病人及家屬都來不及思考就直接舉白旗，即使深深感覺到這樣的治療哪裡很不對勁，也只是乖乖的走下去 …..</p>\n<p>改變，是需要勇氣的！</p>\n<p> </p>",
  "article_time": "2018年06月06日 11:14",
  "comments": [
    {
      "id": "5851e617edb3423e219017b0d95000d6",
      "author": "Ferry瑞芳",
      "time": "2018年06月06日 16:44",
      "content": "<p>是的，改变的确需要勇气，更需要智慧创新，From my point of view要想办法以现代人能接受的方式宣传普及(大数据、文献统计、临床应用统计、疗效统计、APP、生理传感器与中医知识结合的科技产品研发..)。我有个同事，最近拄着登山杖上下班，说是运动过度，关节出了问题，去找西医看了很多次，他自己说西医确实没有什麽好的药物和办法帮到他，现在只是吃一些西药，同时做一些康复训练。我给他讲了一些中医方面的治疗方法，建议他去找中医看看，他没说去也没说不去，继续跟我讲西医怎么怎么样。</p>",
      "level": 0,
      "highlight": false,
      "children": [
        {
          "id": "bbea45f3b12282dd2dc184c528e30629",
          "author": "andy",
          "time": "2018年06月14日 15:51",
          "content": "<p>其實，這和很多政治、理念、信仰等等一樣，一旦有了成見，很難真的深入了解其它不一樣的内容。</p>",
          "level": 1,
          "highlight": true,
          "children": []
        }
      ]
    },
    {
      "id": "a647979c9b1f653ee0f591f108afa3ee",
      "author": "Jonson Gu",
      "time": "2018年06月06日 19:56",
      "content": "<p>李医师又有更新了，是古中医爱好者的福气。赞一个。阴滋病的一个报道，https://www.rfa.org/mandarin/zhuanlan/butongdeshengyin/jkdv-06062018101325.html，从症状而言，是三焦水道和少阳的合并，后续再引起各种奇怪的症状。是否可从少阳三焦作为医治的思路去考虑呢？谢谢。</p>",
      "level": 0,
      "highlight": false,
      "children": [
        {
          "id": "e37f027821ad56a46c1cf445052c4593",
          "author": "andy",
          "time": "2018年06月14日 15:56",
          "content": "<p>只看一篇報導的内容，不容易猜測中醫的辨證方向，畢竟記者無法寫出許多我們認爲重要的綫索。</p>",
          "level": 1,
          "highlight": true,
          "children": []
        }
      ]
    },
    {
      "id": "74aaf45fdd6a32296093dc33ed568467",
      "author": "Jonson Gu",
      "time": "2018年06月06日 20:01",
      "content": "<p>「醫不扣門」–说的好。信则医治，不信则随缘。当然从医师的角度而言，一位忘年交死于西医，而自己百般劝告无效，内心的确很难受。这就是命。</p>",
      "level": 0,
      "highlight": false,
      "children": []
    },
    {
      "id": "98361937d95f1c2b78dc83b476c7283b",
      "author": "lmc",
      "time": "2018年06月08日 04:27",
      "content": "<p>我也碰到了一样的问题，我的表妹得到红斑狼疮，我让她去找刘医生，和施医生，两个都是倪师的好弟子，可是她就是要吃激素药，没有办法，说了好多边不听，我也尽力了，想想这可能这就是我们所说的命数，有些事情只有自己才能帮自己，说一千道一万命运还是掌握在自己手里，别人只能给一个建议，决策还是要自己把握，</p>",
      "level": 0,
      "highlight": false,
      "children": []
    },
    {
      "id": "b8a195e659839026ca33223fdef78e90",
      "author": "郭達霖",
      "time": "2018年06月08日 05:13",
      "content": "<p>中藥在「麻煩」、「難吃」的情況下，立即被西醫的「簡單方便」、「馬上看得到某種程度的效果」給比了下去<br/>\n—-》可以克服這個困難，將病人需要長期吃一段時間的客制化處方，共煎共煮做成高濃縮倍數的中藥錠劑，或許可以改善這個問題！在台灣我的朋友有嘗試過！</p>",
      "level": 0,
      "highlight": false,
      "children": [
        {
          "id": "6dde0c23f6843dd1fa1a131684fdd4ee",
          "author": "andy",
          "time": "2018年06月14日 16:00",
          "content": "<p>中藥有許多不同的劑型，如果病人真的想用中醫治療卻無法服用水藥，是可以討論使用其它的劑型。然而，那些抱怨中藥不好吃而不願意服用的病人，大多數是找個理由來推辭，真的相信中醫的病人，再難吃也會努力的服用。</p>",
          "level": 1,
          "highlight": true,
          "children": []
        }
      ]
    },
    {
      "id": "6262eeca4e305099a02fa92b17dee1d9",
      "author": "王彦强",
      "time": "2018年06月14日 19:19",
      "content": "<p>李医师，现在美国在衰退，保守主义都纷纷涌现，仇视有色人种，特别对华裔。并且在公开场合叫嚣洗劫华人财产，现在大陆稳定以师兄大才可以回大陆发展更有前途！</p>",
      "level": 0,
      "highlight": false,
      "children": []
    },
    {
      "id": "dffb6ebeda7a4a86eb7b6c6e9b4b31d0",
      "author": "Jonson Gu",
      "time": "2018年06月15日 18:55",
      "content": "<p>现在美国衰退？正在复苏期后段，马上进入高速发展期。大陆是从山顶往下滚？以李医师的医术，不被那些温病派+学院派干掉，已经是烧高香了。看看医大的教材，与其说集各家名派的大成，还不如说七拼八凑。你用一个 象  去看。如果大陆中医能那么厉害，干嘛引进西医。</p>",
      "level": 0,
      "highlight": false,
      "children": [
        {
          "id": "396f3023c84a2ec78a4f24891bdabf95",
          "author": "andy",
          "time": "2018年06月16日 14:38",
          "content": "<p>根據我和大陸中醫教授及醫生們的交流，還是有不少很想推展療效卓越的正統中醫，但是，整體制度上有許多問題。譬如，教授升等的考核項目不包括臨床療效，偏重研究發表、出國進修、上級推薦等等，如果研究小白鼠對某個中藥材内的某個化學成分的反應，一年可以出好幾篇論文，如果研究古典中醫的内容，幾年也寫不了一篇論文，年輕教授們哪個會願意花很多時間深入中醫的經典文獻？另外又譬如臨床治療利用峻藥治好了病人，得不到什麽實質上的獎賞，可是如果重病病人救不回來，在藥單上被病人家屬發現有峻藥，那就等著病人家屬抬棺材到醫院來抗議，醫院主管即使認同主治醫生的治療，絕大多數也選擇付錢了事，以免越閙越大，而主治醫生就被調去管理病例，別想再在臨床上顯身手。在這些問題下，大多數的中醫教授及醫生們爲了一家大小的生活，選擇平實的上班下班，改善中醫整體環境的大事，就留給別人去關心。</p>",
          "level": 1,
          "highlight": true,
          "children": [
            {
              "id": "3cf4673cde4ce34d38ea297fee330010",
              "author": "中医真好",
              "time": "2018年06月20日 01:53",
              "content": "<p>现在国家总说要发扬传统文化，我觉得大陆的卫生部门应该行动起来，象李博士这样的大医，应每年请过来呆一段时间，带若干徒弟，用最严格的标准训练，传授古法的纯正中医，几年下来，必有一番景象！另外，李博士方便问一下吗？您是哪年开始跟倪师学中医的，学了多久？您好象还专门跟周左宇老师学过针灸。我们要是想学，不知有没有机会啦？</p>",
              "level": 2,
              "highlight": false,
              "children": []
            },
            {
              "id": "7be9ef12883262e5443c1ffd5f65fc5f",
              "author": "暗香疏影",
              "time": "2024年03月25日 22:33",
              "content": "<p>菩萨畏因，众生畏果！我想如果倪师的发心不是悬壶济世不是为传播正统中医呐喊，他老人家不会有这些成就和我们这些粉迷的崇拜，李博士也是一样。所以那些为职称为名利的发心本身就是错误的，因地不真果招迂曲。善人用恶法，恶法亦善；恶人用善法，善法亦恶！现在的各种乱想我们都要从自身找原因，有几个不是在追名逐利？所以不要怪大环境不要怪别人，每个应该人先自我反醒！这个世界才有救！</p>",
              "level": 2,
              "highlight": false,
              "children": []
            }
          ]
        }
      ]
    },
    {
      "id": "50853d2163ba3dfe06a2fd9ee8b66286",
      "author": "中医真好",
      "time": "2018年06月17日 17:02",
      "content": "<p>李博士：您好。家人脑梗一年多，西医说是脑干一个很小的血管堵塞，打点滴后住院一段时间出院。但一直头眩晕走不稳。当地中医看过也无效。《金匮要略》中有术附汤，说是对重度的晕有效。您觉得合适吗？急盼您的帮助！</p>",
      "level": 0,
      "highlight": false,
      "children": [
        {
          "id": "d6750a80a8b37520c63b2a5d91785bf9",
          "author": "andy",
          "time": "2018年06月19日 09:50",
          "content": "<p>金匮要略討論术附湯那段，不是為了眩暈，你可以試一試真武湯。</p>",
          "level": 1,
          "highlight": true,
          "children": [
            {
              "id": "ad51e118cd8fd9f2ed624f1a8656381e",
              "author": "中医真好",
              "time": "2018年06月20日 01:44",
              "content": "<p>谢谢李博士</p>",
              "level": 2,
              "highlight": false,
              "children": []
            }
          ]
        }
      ]
    },
    {
      "id": "663cf4a79748f69510c2084ea4414821",
      "author": "王彦强",
      "time": "2018年06月19日 21:49",
      "content": "<p>李医师，我找到一些资料，有可能是倪想找的典籍，由于水平有限不能辨别真伪，也涉及到版权问题。希望能私下发给你，不知道怎么才能发给你。</p>",
      "level": 0,
      "highlight": false,
      "children": [
        {
          "id": "e362bc0ed902fb4cff92675cb1abd064",
          "author": "andy",
          "time": "2018年06月20日 09:20",
          "content": "<p><a href=\"mailto:info@youngQi.com\">info@youngQi.com</a>， 謝謝！</p>",
          "level": 1,
          "highlight": true,
          "children": []
        }
      ]
    },
    {
      "id": "80e1ab5be4ec1955002cfeb879a4bd3f",
      "author": "深圳罗先生",
      "time": "2018年07月04日 12:54",
      "content": "<p>中医博大精深。祝愿中医在李博士的推动下，理论日益完善，临床效果显著、并造福人类。从而使中医逐步走上复兴之路。<br/>\n感恩</p>",
      "level": 0,
      "highlight": false,
      "children": [
        {
          "id": "83b7aa764ee9e21c650e3c8941cce249",
          "author": "andy",
          "time": "2018年07月05日 09:46",
          "content": "<p>謝謝鼓勵與支持！</p>",
          "level": 1,
          "highlight": true,
          "children": []
        }
      ]
    }
  ],
  "page": 36,
  "order": 2,
  "filename": "data\\page36\\page36_order1_bbea45f3b12282dd2dc184c528e30629.json"
}