{
  "article_url": "https://andylee.pro/wp/?p=9758",
  "title": "兩個手部病變案例的對比",
  "content": "<p>這兩個病例很值得拿出來一起討論，很不一樣的症狀，但在中醫上有異曲同工的治療。</p>\n<p>第一個病例是位十八歲的女學生，雙手手掌、手背和手指有嚴重的皮膚炎，皮膚紅腫潰爛又非常癢。病人很會彈鋼琴，本來正在準備今年的比賽和演出，然而，練鋼琴時傷口會裂開，非常疼痛，久久無法愈合。病人的鋼琴老師正好是我的病人，她趕緊要病人來診所看診。</p>\n<p>第二個病例更加嚴重，女病人50多歲，本身是位西醫，被診斷為硬皮症（Systemic Sclerosis），除了身上部分皮膚變得僵硬外，有雷諾氏現象，十隻手指會因爲受冷或及受熱而腫脹，手指變得很粗，同時會變得非常紅或非常紫。因爲病人本身是位西醫，也求助於專科醫生，試過多種西藥，可惜病情沒有逆轉，反而有加重的趨勢。</p>\n<p>這兩位病人的情況截然不同，然而，有個共同點，都呈現手部嚴重的症狀，需要氣血流注到手指末端，同時去濕去寒。兩位病人的藥方，有個共同的基礎方，我都使用了桂枝加桂湯，加烏頭蜜、白朮、茯苓。這也是治療手指關節炎常用的藥方基礎，用意是把桂枝湯的桂枝加重，把藥性推向四肢末端，借用烏頭蜜把熱力深入骨節，白朮和茯苓祛濕。</p>\n<p>第一位病人，因爲是皮膚炎，再加入荊芥、防風、炙黃耆、當歸、川芎、白芍、生地、百合、蛇退、蟬蛻、連翹、銀花、薏仁、杏仁，用意為補血、清表、祛表濕等。第二位病人，硬皮症導致手指水腫、紅紫嚴重，多加豬苓、澤瀉來增强祛濕，另外加酸棗仁、川芎、知母、百合、生地來補肝血。</p>\n<p>兩位病人在服用中藥幾周内，皆有明顯改善。第一位年輕女學生的皮膚炎大幅退去，只剩下一小部分輕微的皮膚紅疹，可以練鋼琴，也回歸排球校隊打排球了。第二位病人手指水腫退去，有時仍會呈現一些紫色，但不再大紅大紫，持續時間縮短，亦沒有以前那種冰冷到凍僵的感覺，心悸及胃痛消失，睡眠也好轉了。</p>\n<p>這兩個病例的對比，告訴我們中醫可以很靈活，不同的病症表現，可能有相同的關鍵問題得解決。另外，這兩個病例的對比也突顯了一點：許多人事後諸葛地看我治療複雜病例的藥方，往往覺得我開的藥方很「基本」、「簡單」，就是這個方劑和那個方劑的加減，沒什麼奇特的地方，診所同仁也常常問我，為什麼不同複雜病例的藥方看起來挺類似的，就這個病人加減幾味藥、那個病人改些劑量比例。沒錯，中醫不需要很花俏，抓到生理病理上的癥結，基本招式的組合與變化就足以應付很多不同的複雜病情，簡單幾味藥的加減和劑量比例的調整，往往就是決定治療成功或失敗的關鍵所在。</p>\n<p>整本傷寒雜病論也沒多少個藥方，許多藥方也非常相近，卻能千年不朽。山不在高，有仙則名，水不在深，有龍則靈。中醫也不在一堆花枝招展的招式，穩扎穩打的基本功才是王道。</p>",
  "article_time": "2021年02月26日 19:54",
  "comments": [
    {
      "id": "1ca6348a4486701b2d59f5a672e9bb25",
      "author": "明遠",
      "time": "2021年02月26日 21:17",
      "content": "<p>李醫師 您好:</p>\n<p>兩個病例都有補血的處方，請問手指皮膚炎和手指腫脹與血不足的因果關係為何?</p>\n<p>謝謝!</p>",
      "level": 0,
      "highlight": false,
      "children": [
        {
          "id": "507256429af6ab661e1bf3ccbb6d5557",
          "author": "李宗恩",
          "time": "2021年02月27日 16:09",
          "content": "<p>一個偏重整體的補血，另一個偏重補肝血、酸收。</p>",
          "level": 1,
          "highlight": true,
          "children": [
            {
              "id": "92bcb8283587f3c0b5a4fa448816a80a",
              "author": "暗香疏影",
              "time": "2024年03月22日 19:04",
              "content": "<p>请教博士，可以理解成酸枣仁汤那个补肝血的案例是针对性更强，补血更直接的一个动作吗？那如此释义的话就是说酸枣仁的酸收功能针对性更强主要在肝，白芍的功能覆盖面积更广。</p>",
              "level": 2,
              "highlight": false,
              "children": []
            }
          ]
        }
      ]
    },
    {
      "id": "6cac7321838ee7d339316ca11476d824",
      "author": "雨中",
      "time": "2021年02月27日 12:31",
      "content": "<p>你好，知道杨贞老师在河南通许人民医院教学。可以由于疫情，医院说在美国没有回来。我是病人家属，病人患子宫内膜癌及右伴结肠癌手术，复发，想去通许人民医院治疗，但是那边说是化疗，不知道能不能用中药调理，意思就是说能通过杨贞老师的指导下诊疗服药。谢谢。请看邮件的老师能和杨贞老师具体说一下，我们能去找那个医生，是汤英医生还是肿瘤科那个医生，能直接在杨贞老师的知道下服药。病人症状是1、失眠2、膝关节以及肘关节蹲下起来疼痛3、腹部疼痛（ct检查发现肿块阴影）4、咽部异物感5、浑身燥热等</p>",
      "level": 0,
      "highlight": false,
      "children": [
        {
          "id": "a54483f0185029fdbf0e3c40945df1a9",
          "author": "李宗恩",
          "time": "2021年02月27日 16:10",
          "content": "<p>楊醫生只教學，不看診。</p>",
          "level": 1,
          "highlight": true,
          "children": []
        }
      ]
    },
    {
      "id": "83f9cd1a3cd09bcf46577e8e7628594b",
      "author": "雨中",
      "time": "2021年02月27日 12:32",
      "content": "<p>另外，如果能和李博士网诊需要啥条件？</p>",
      "level": 0,
      "highlight": false,
      "children": [
        {
          "id": "2ade397ac9cf46438335674f62ecdbc0",
          "author": "李宗恩",
          "time": "2021年02月27日 16:11",
          "content": "<p>你應該就近找好的中醫師看診。</p>",
          "level": 1,
          "highlight": true,
          "children": [
            {
              "id": "63a98e36475614e850c6eda57cda80df",
              "author": "雨中",
              "time": "2021年03月03日 19:11",
              "content": "<p>都看过了，效果不理想。故希望能接受网诊治疗。</p>",
              "level": 2,
              "highlight": false,
              "children": []
            }
          ]
        }
      ]
    },
    {
      "id": "52c297bff73d69f5355c1b22fd84173a",
      "author": "明遠",
      "time": "2021年02月27日 21:28",
      "content": "<p>謝謝李醫師的說明!但我還是不清楚血虛如何導致手指皮膚炎或手指腫脹?還是說這兩位病人都有血虛雖然與手指問題無關，但需要治療?</p>",
      "level": 0,
      "highlight": false,
      "children": [
        {
          "id": "16b539b083f85a2d0fe20b14b839521d",
          "author": "ET",
          "time": "2021年03月06日 03:44",
          "content": "<p>李医师分享的案例都是非常有教育性的，同学们要多用心读及理解。李医师已经说明：“有個共同點，都呈現手部嚴重的症狀，需要氣血流注到手指末端，同時去濕去寒”。他没有说“血虛導致手指皮膚炎或手指腫脹”。请不要本末倒置。<br/>\n第一个病人很痒，就是有风，所以李医师用了祛风的药，同时因为“血虚生风”而加了四物汤。<br/>\n第二个病人肿胀，要加大祛湿，同时已经涨起来了，李医师用酸枣仁汤“酸收”，把肿的收小。<br/>\n以上仅是个人理解，不代表李医师意见。</p>",
          "level": 1,
          "highlight": false,
          "children": [
            {
              "id": "9f30b40254887f5057aeef36798078f8",
              "author": "李宗恩",
              "time": "2021年03月08日 12:57",
              "content": "<p>你重點抓得不錯，謝謝你幫忙解釋。</p>",
              "level": 2,
              "highlight": true,
              "children": [
                {
                  "id": "d5b58202aea5bff4591106c165739298",
                  "author": "ET",
                  "time": "2021年03月10日 01:34",
                  "content": "<p>不，我们更应该感谢您这么多年了还在坚持百忙中花时间写文章、案例让我们学习。时间和经验都是最宝贵的，您还是愿意无私分享，谢谢。<br/>\n同学们如果读过了倪师的教材一遍再来把李医师的部落格（和著作）看一遍，就会发现李医师一直到现在都是按照倪师的思路辨证、开方、遣药，是一脉传承的。同时李医师也在这个基础上发展出他独到的风格和创新。<br/>\n读完倪师的教材是学习基本招式，看李医师的文章、案例是学习基本招式的组合与变化。</p>",
                  "level": 3,
                  "highlight": false,
                  "children": [
                    {
                      "id": "d35eafab14731aecb3cf1e0ae388ca50",
                      "author": "Shamrock",
                      "time": "2021年06月03日 14:19",
                      "content": "<p>我也是很感恩李医生在百忙当中抽时间写文章还有回答我们的问题。李医生不仅医术超高，而且表达能力也很棒，条理清晰，易懂好记！</p>",
                      "level": 4,
                      "highlight": false,
                      "children": []
                    }
                  ]
                }
              ]
            }
          ]
        }
      ]
    },
    {
      "id": "592e164a9116f472933f21b6776914d4",
      "author": "miki lew",
      "time": "2021年03月24日 18:42",
      "content": "<p>李博士您好，我妈妈因为手关节炎看过一些中医，使用四妙勇安汤,金银花之类的中药治疗，效果不明显，后不了了之。因为最近有幸看到了倪师的书籍，尝试用“桂枝，炮附子，白术 2:1:1 ”治疗手关节痛，她吃了之后手脚感觉温热起来，手关节酸胀感稍微有减轻，但是却失眠加重的现象。因为我对中医了解不深入，思路不清，所以不敢乱搭配其他中药使用，现不知道是否合适。谢谢</p>",
      "level": 0,
      "highlight": false,
      "children": [
        {
          "id": "86ade6136a1371f86305b5bd477a1bae",
          "author": "李宗恩",
          "time": "2021年03月25日 15:40",
          "content": "<p>每個病人情況不同，不是一個通則適用所有病人。最好不要自己亂試藥，你只看到你媽媽一小部分的問題，沒有深入探討她整體的各種問題，當然可能服藥後這個症狀減輕那個症狀反而加重。</p>",
          "level": 1,
          "highlight": true,
          "children": []
        }
      ]
    },
    {
      "id": "a43258a2c2275f56aab3527ee814c0d7",
      "author": "James Lyu",
      "time": "2021年04月24日 15:22",
      "content": "<p>李老师您好，</p>\n<p>我是澳大利亚墨尔本 中医系三年级的学生 2022年就拿执照了， 但是学校洋人教的中医学习经方感觉学的很肤浅。感觉自己开经方没有太大自信。</p>\n<p>另外澳洲TGA的草药监管类似于欧洲, 很多附子细辛麻黄甚至杏仁都不让用。</p>\n<p>不知道澳洲有没有倪海夏老师的学生或者经方派的传人可以推荐吗? </p>\n<p>James</p>",
      "level": 0,
      "highlight": false,
      "children": [
        {
          "id": "f9ccb74f54859a1604a1701d48b56411",
          "author": "李宗恩",
          "time": "2021年04月27日 11:28",
          "content": "<p>我不清楚。</p>",
          "level": 1,
          "highlight": true,
          "children": []
        }
      ]
    },
    {
      "id": "b91848117722c933c1d16b3abea0061b",
      "author": "艸水平",
      "time": "2021年05月03日 02:04",
      "content": "<p>李醫師請您看下面YT影片，本人想知道您對影片所説的看法。謝謝！</p>\n<p>中醫老師顧承德先生在今年二月底的時候被傳染到新冠病毒，住院住了十天，剛開始即使已經吸了氧氣，他的血氧仍無法超過90%。後來他用自己特殊的方法救了自己一命！已經順利出院，在家休養。</p>\n<p>煥文拍的影片就是希望將顧老師這段經驗分享給更多人知道，尤其是那些醫療落後但疫情嚴重的地方。<br/>\n再麻煩幫忙轉分享！</p>\n<p>New Ways to Increase Blood Oxygen for COVID-19 Patients<br/>\n<a href=\"https://youtu.be/LTklHtOUExk\" rel=\"nofollow ugc\">https://youtu.be/LTklHtOUExk</a></p>",
      "level": 0,
      "highlight": false,
      "children": [
        {
          "id": "18bd957d188757c34d2afd482475e2f0",
          "author": "李宗恩",
          "time": "2021年05月09日 10:09",
          "content": "<p>以氧氣交換率而言，深度腹式呼吸效率最高，急速短促的呼吸反而效率較差。另一方面，適度敲打，可以讓痰飲鬆動，譬如老人家咳痰出不來時，適度拍背會有幫助，痰飲鬆動會讓呼吸較順暢。</p>",
          "level": 1,
          "highlight": true,
          "children": []
        }
      ]
    },
    {
      "id": "01bbcc97f5a716b161d9542d932cdde1",
      "author": "許冬華",
      "time": "2021年05月16日 04:46",
      "content": "<p>李醫生︰</p>\n<p>非常感謝你百忙中的無私分享。</p>\n<p>由於我對百合使用不太掌握，希望李醫生有空解答︰兩病人都用了百合，倪師本草經中說，百合清涼退熱，潤肺止咳，皮膚炎病人已用銀花連翹，何以要用百合，用3克黃連清熱解毒不是更好嗎？硬皮病病人用百合更不理解了，是怕桂枝太燥而用百合潤肺嗎？如果是這樣，何不用麥冬？</p>\n<p>抱歉打擾了，謝謝你。</p>",
      "level": 0,
      "highlight": false,
      "children": [
        {
          "id": "8cd3e47384870a14a511044a61147885",
          "author": "李宗恩",
          "time": "2021年05月18日 11:41",
          "content": "<p>百合不僅僅稍微寒涼，有養陰的作用，同時也比較容易消化吸收。</p>",
          "level": 1,
          "highlight": true,
          "children": [
            {
              "id": "577336e99a85f3f4f11c86b22679aaf9",
              "author": "許冬華",
              "time": "2021年05月18日 23:34",
              "content": "<p>謝謝回覆！</p>",
              "level": 2,
              "highlight": false,
              "children": []
            }
          ]
        }
      ]
    },
    {
      "id": "ae2a1caaad623adc56d030d3961f26ee",
      "author": "李c",
      "time": "2021年05月22日 07:32",
      "content": "<p>李医生，病人舌头偏向一边，没有太多症状表现，可以理解为心脏有一些痰和瘀堵或气血开始虚了这个方向呢？病人平时工作比较劳累，谢谢</p>",
      "level": 0,
      "highlight": false,
      "children": [
        {
          "id": "1e5f2a55430e75b54d057058edc1712b",
          "author": "李宗恩",
          "time": "2021年05月22日 22:24",
          "content": "<p>許多原因可能導致舌頭偏向一邊，譬如心為舌本，心氣不足、心臟有問題時，可能舌頭偏向一邊，又譬如輕微中風時，也可能舌頭偏向一邊。</p>",
          "level": 1,
          "highlight": true,
          "children": [
            {
              "id": "83d13e1814f969bcd048d490b924ea71",
              "author": "李c",
              "time": "2021年05月26日 06:27",
              "content": "<p>谢谢回复，病人整天吹冷气，开车也是一天都开冷气的，没有太多症状实症，打算用瓜蒌，薤白、这类开胸阳加一些附子和补血药，测试一下有无收获。</p>",
              "level": 2,
              "highlight": false,
              "children": []
            },
            {
              "id": "78deb83fa33fc7271caef2077af4b74c",
              "author": "lmc",
              "time": "2021年05月26日 06:30",
              "content": "<p>李师，血液的粘稠度，会不会影响药材的功效，例如，血液粘稠度低，会影响心脏喷射的力量。</p>",
              "level": 2,
              "highlight": false,
              "children": [
                {
                  "id": "38af5e67df68ee8e82da6027242b3d78",
                  "author": "李宗恩",
                  "time": "2021年05月26日 14:41",
                  "content": "<p>中醫不直接討論血液黏稠度。</p>",
                  "level": 3,
                  "highlight": true,
                  "children": []
                }
              ]
            }
          ]
        }
      ]
    },
    {
      "id": "4d67a5e6f8106b60761f5ed4cb1a0aa1",
      "author": "SCYYX",
      "time": "2021年05月26日 17:39",
      "content": "<p>请问李宗恩老师：  “這篇日誌是由我的一位學生楊醫師所撰寫的，案例中所使用的處方都已經上傳到我們的區域網站中，同學們下載後就可以看到整個治療的過程了。</p>\n<p>漢唐中醫 倪海廈謹記於佛州2008/10/16”   倪师案例中使用的处方上传到区域网站中，你可以提供网站地址供大家学习吗？谢谢。</p>",
      "level": 0,
      "highlight": false,
      "children": [
        {
          "id": "6d3f7f2d74121f98f9532a502719f100",
          "author": "李宗恩",
          "time": "2021年05月26日 20:11",
          "content": "<p>不能，倪老師只公開給正式學生。</p>",
          "level": 1,
          "highlight": true,
          "children": []
        }
      ]
    },
    {
      "id": "abc06d0047d9ed1045716ef849d64b06",
      "author": "吳璨宇",
      "time": "2021年06月01日 20:39",
      "content": "<p>李醫師您好，我被診斷為硬皮症，由於日前使用服用西藥，導致肝功能過高發炎，指數高達700，因此我已不服用西藥，可能是本身有B肝又服用抑制劑導致，亦有膽結石，去年斷層有脾臟腫大。</p>\n<p>我過往是極度憂鬱、自卑、異常執著努力工作之人，工作環境農夫，烈日當頭，喜飲冰水，當前已經全部收斂，改觀，除了冰飲，煙但有減少。</p>\n<p>我無雷諾氏等症，當前症狀僅肌肉以及皮膚纖維化（當初切片）所以角度限縮、偶有遊走性單點疼痛如槌擊，食用乳製品必腹脹滿乾嘔、易疲勞、喜寒</p>\n<p>數年的前症為四肢浮腫指頭按壓呈白肌膚回彈緩慢、發紅、四肢內側皮如蟲行走、身熱、肌皮碰則痛、一日幾次遊走性疼痛、肚腹脹滿、乾嘔偶有噴出物，因很多原因，故全程無就醫，沒錢啦…</p>\n<p>我想請教李醫師，由於此症我廣讀醫書，不得所以然，也不敢妄下斷言，我參閱西醫免疫學、藏醫三因學、中醫日前才開始正式讀閱，目前得到的資訊，許多人提點我朝陽明病、厥陰病，傷寒論、醫學衷表臨床實證，我不知道是否方向正確？，當前信任之中醫師判定我為重度伏署，之前所有中醫師寒、熱、濕、風熱、退掛一應俱全。</p>\n<p>我參照的醫書，即使不是中醫，但殊途同歸<br/>\n我想請問以下我的論點方向有偏頗嗎？</p>\n<p>憂過甚，外緣熱導致熱證內發、思憂過甚氣風紛亂，導致加劇熱證本質、使用寒涼飲品，熱證壓抑不發作，沉積體內燜燒、燒盡津液，影響肌肉皮膚關節，腎水蒸騰所以浮腫，所以失陰、熱證侵血液所以血熱發紅體熱</p>\n<p>我想朝解表寒，補滋陰津液等，後清熱方向，由於腎分泌消炎物質，糖皮脂激素消炎時間為早至晚，凌晨缺之，正午屬大熱，半夜由於腎分泌激素最少，容易發炎，因此這兩個時辰，使用寒性滋陰藥物。<br/>\n而早晨黃昏傍晚，早晨腎分泌最大而傍晚較少，但是傍晚黃昏大熱以降，因此這兩個時辰，使用溫性散表活血除痺，這是我參照西藏以及西醫人體而暫時得出的方向。西藏以此行之千年。</p>\n<p>可以請李醫師給我方向嗎？</p>\n<p>我已無路，跪求幫忙</p>",
      "level": 0,
      "highlight": false,
      "children": [
        {
          "id": "854918490ff69153101e1f734b99490d",
          "author": "lmc",
          "time": "2021年06月02日 05:25",
          "content": "<p>你应该说，出汗怎么样，胃口怎么样，大小便怎么样，  性功能，睡觉，怕冷还是怕热，中医没有证据无法延伸，舌苔怎么样，大便一日几次，成型不，从你描述当中只看到肝功能不好，身体大概是体寒比较盛</p>",
          "level": 1,
          "highlight": false,
          "children": []
        },
        {
          "id": "551c40a69bc5594dbd6f50e4daaed006",
          "author": "李宗恩",
          "time": "2021年06月02日 10:33",
          "content": "<p>很抱歉，我無法在網上針對個案一一討論，這對病人是不負責任的。</p>",
          "level": 1,
          "highlight": true,
          "children": [
            {
              "id": "72deb6ed347deff3e7981324ca671961",
              "author": "吳璨宇",
              "time": "2021年06月02日 10:57",
              "content": "<p>好的，我知道李醫師的顧慮，只可惜你遠在他方，感謝您的回覆</p>",
              "level": 2,
              "highlight": false,
              "children": []
            }
          ]
        }
      ]
    },
    {
      "id": "f3244d07ed5fa47cf7f3732cfcd3b00d",
      "author": "shamrock",
      "time": "2021年06月08日 21:47",
      "content": "<p>李医师您好，如果这两个案例用麻黄加术汤，再加重桂枝的量，加乌头蜜，加茯苓，会不会有类似的效果？我想桂枝可以载着麻黄把乌头茯苓白术的药力带到四肢的皮肤上，然后杏仁润肺并给皮肤补充新的津液。这样想可不可以呀？用麻黄会不会有点多余？或用麻黄会不会太强了，造成病人心脏负担？</p>",
      "level": 0,
      "highlight": false,
      "children": [
        {
          "id": "b52bef8a6453a5e79f6542ac1401f0e0",
          "author": "李宗恩",
          "time": "2021年06月10日 15:56",
          "content": "<p>這得看個案決定。</p>",
          "level": 1,
          "highlight": true,
          "children": []
        }
      ]
    },
    {
      "id": "15193d44dc4273891a7cf63f78c0199a",
      "author": "付海山",
      "time": "2021年09月10日 04:56",
      "content": "<p>我可以发留言吗</p>",
      "level": 0,
      "highlight": false,
      "children": []
    },
    {
      "id": "5d3970fd68aef491273cea2ba3f16b42",
      "author": "暗香疏影",
      "time": "2024年03月22日 18:55",
      "content": "<p>中醫不需要很花俏，抓到生理病理上的癥結，基本招式的組合與變化就足以應付很多不同的複雜病情，簡單幾味藥的加減和劑量比例的調整，往往就是決定治療成功或失敗的關鍵所在。这句话太对了，博士的案例学的越多越有此体会，治病重在辨证正确就可四两拨千斤，我是典型木克土的症状，之前只看眼前的表象，各种什么甘淡渗利、祛痰祛湿温胃健脾的招数都试过，然无济于事甚至还会把身体越治越偏，听了博士肝胆篇豁然开朗，吃了两周症状基本消失，现在再巩固一周！纸上得来终觉浅、觉知此事要躬亲。有大量成功临床经验的医生才是王者！</p>",
      "level": 0,
      "highlight": false,
      "children": []
    },
    {
      "id": "50d3230185440a968f6fd9dc426e9a5e",
      "author": "荣耀",
      "time": "2024年03月22日 23:13",
      "content": "<p>第一位病人，因爲是皮膚炎，再加入荊芥、防風、炙黃耆、當歸、川芎、白芍、生地、百合、蛇退、蟬蛻、連翹、銀花、薏仁、杏仁，用意為補血、清表、祛表濕等。第二位病人，硬皮症導致手指水腫、紅紫嚴重，多加豬苓、澤瀉來增强祛濕，另外加酸棗仁、川芎、知母、百合、生地來補肝血。</p>\n<p>李医生，你后面更新的案例为什么很少像这病案把用药方向和想法也写进来，希望以后能看到更多这样的案例分析，谢谢你</p>",
      "level": 0,
      "highlight": false,
      "children": []
    },
    {
      "id": "ecfa1efde28d66a9a0f2b68a1df44fdc",
      "author": "三伏",
      "time": "2024年03月23日 10:05",
      "content": "<p>李医生你好，小柴胡汤换成小柴胡颗粒冲剂，药效是否会大打折扣？其中的人参换成党参，效果是否会欠佳？</p>",
      "level": 0,
      "highlight": false,
      "children": [
        {
          "id": "b09bd0e047e82b93afd27f4dacde9f4c",
          "author": "李宗恩",
          "time": "2024年04月11日 14:30",
          "content": "<p>一般而言，中成藥不如水藥。</p>",
          "level": 1,
          "highlight": true,
          "children": []
        }
      ]
    }
  ],
  "page": 19,
  "order": 8,
  "filename": "data\\page19\\page19_order7_63a98e36475614e850c6eda57cda80df.json"
}