{
  "article_url": "https://andylee.pro/wp/?p=8209",
  "title": "CT影像檢查不出膽結石？",
  "content": "<p>前幾天看到一則新聞，位於廣州的南方醫科大學珠江醫院有一位六十多歲的女病人， 右上腹反復一陣陣绞痛，吃完東西後，會疼到發冷汗，加上其它症狀，醫生們認爲是膽結石及膽囊發炎的問題。然而，CT影像檢查卻沒有看到什麽膽結石，讓醫生們很疑惑，改成MRI核磁共振影像檢查，才發現膽囊中塞滿了結石，微創膽囊切除術取出膽囊後，確定有198顆大大小小的膽結石 。</p>\n<p>其實，這樣的事情在臨床上常常遇到。超聲波檢測解析度不足， CT影像用的X-ray無法反應出某些成分及密度，  MRI 、PET、化學檢測等等都有其適用性及精準度，就連目前新冠肺炎的病毒基因檢測及抗體檢測，也有一定程度的假陽性（false positive）和假陰性（false negative）。然而，許多臨床的西醫對於這些儀器及檢測的限制性不熟，卻過度依賴這些檢驗報告，造成病人的困擾。譬如，診所常常遇到膽有問題的病人，這些病人中，大半會聽從診斷來服用中藥，一小部分的病人，或許是太擔心，或許是想看看中醫診斷到底準不準，會刻意去西醫院做檢查。這種情況下，大部分的病人也被西醫檢測認定為膽結石、膽囊息肉、膽管狹小、膽囊炎等等，但很偶爾也會有些病人被西醫告知， 超聲波或CT影像看不出他們膽有什麼問題，這些西醫也不去追根究底爲什麽病人有那些症狀，也不做其它的檢查來探索，就告訴病人別聼中醫胡説八道。</p>\n<p>像這樣的情況下，有些中醫師會心虛，覺得是不是自己診斷錯誤，有些中醫師會告訴病人，中醫所謂的膽，包括膽經及其它和膽有關的功能，和西醫的膽囊膽管不一樣。而當我遇到這樣的情況，我直接告訴病人有兩個選擇，一是相信中醫，遵循我的方法來治療，二是找那位西醫治療，如果沒治好、問題更大了，再來找我。感謝病人的信任，大多還是聽從我的診斷及治療，至於那少數幾位寧可相信一兩項西醫檢測的病人，往往半年後回來找我，要麽告訴我症狀依然沒改善，要麽告訴我 「總算」 檢查出來有膽囊膽管的問題。好吧，既然回頭了，也是醫生和病人的緣分，那就幫忙吧，只是爲什麽非得繞一大圈才願意傾聽自己身體的症狀，才願意讓更擅長以綜合症狀做診斷的中醫來治療呢？</p>\n<p>新聞連接： <a href=\"http://sc.people.com.cn/n2/2020/0508/c346399-34002116.html\">http://sc.people.com.cn/n2/2020/0508/c346399-34002116.html</a></p>",
  "article_time": "2020年05月18日 17:16",
  "comments": [
    {
      "id": "0278449a7fc93e071704f54eb3c784f1",
      "author": "QuaSyLaTic Andrew",
      "time": "2020年05月18日 19:29",
      "content": "<p>相信西医，相信中医，是许多病人的矛盾。<br/>\n中医是科学，还是不科学，也是许多病人的疑问。<br/>\n小弟给一些意见来看的更清楚以上的矛盾与疑问。<br/>\n相信黄帝内经 (中医)也相信西医的矛盾<br/>\n<a href=\"https://youtu.be/paMFI0zoWxU\" rel=\"nofollow ugc\">https://youtu.be/paMFI0zoWxU</a><br/>\n古人，黄帝内经，不知道胆固醇, Enzyme, Hormone,有问题吗？<br/>\n<a href=\"https://youtu.be/shqeU5cCr2k\" rel=\"nofollow ugc\">https://youtu.be/shqeU5cCr2k</a></p>",
      "level": 0,
      "highlight": false,
      "children": []
    },
    {
      "id": "0cc129388b610656673be4c33dec4145",
      "author": "chunyi",
      "time": "2020年05月18日 20:48",
      "content": "<p>想請教一下，去年有提到想把每位倪醫師的學生跟倪醫師的淵源透明化，這部分還有後續嗎?</p>",
      "level": 0,
      "highlight": false,
      "children": [
        {
          "id": "b6a3a22e7b8e47bd779b8b9065a3ee75",
          "author": "李宗恩",
          "time": "2020年05月19日 12:14",
          "content": "<p>一直在做，只是被新冠肺炎疫情延誤了。</p>",
          "level": 1,
          "highlight": true,
          "children": [
            {
              "id": "d8da0c9f58eeae51c8133b7ce0a408ed",
              "author": "周杰",
              "time": "2020年05月26日 17:30",
              "content": "<p>期待期待</p>",
              "level": 2,
              "highlight": false,
              "children": []
            },
            {
              "id": "2fb28029237abe8c61a4edc312a5bf75",
              "author": "阿曼",
              "time": "2020年05月31日 12:15",
              "content": "<p>同样期待。一位在跟倪师的针灸讲课视频，每天听到倪师的声音，心里都会一些难过。最近中国两会改革中医制度，感觉倪师会欣慰的。找到了你，也感觉找到了大本营。</p>",
              "level": 2,
              "highlight": false,
              "children": [
                {
                  "id": "c5d138f583c8b887598d3186e11a716c",
                  "author": "李宗恩",
                  "time": "2020年05月31日 20:11",
                  "content": "<p>謝謝你的支持及鼓勵。</p>",
                  "level": 3,
                  "highlight": true,
                  "children": [
                    {
                      "id": "80aa6615e265f215117020c40005017b",
                      "author": "han",
                      "time": "2020年06月07日 12:54",
                      "content": "<p>请问李老师有治疗白癜风案例吗？</p>",
                      "level": 4,
                      "highlight": false,
                      "children": []
                    },
                    {
                      "id": "e4da471b2b17525b36c981ab4336291e",
                      "author": "李宗恩",
                      "time": "2020年06月10日 10:03",
                      "content": "<p>有，但白癜風不好治，得花挺長的時間。</p>",
                      "level": 4,
                      "highlight": true,
                      "children": []
                    }
                  ]
                }
              ]
            }
          ]
        }
      ]
    },
    {
      "id": "1c9dd10e0d4d143670547fb5e3320c72",
      "author": "Jimmy Ma",
      "time": "2020年05月22日 20:49",
      "content": "<p>李醫師您好；曾拜讀2011年一篇有關於狗腎功能衰竭可以服用科學中藥粉劑，當歸四逆湯  真武湯，我家小狗下個月就滿14歲是一隻9磅重母的吉娃娃狗，因為上星期天(17號）突然不吃東西，身體也變得很虚弱，星期二（19號）去看醫生並且抽血檢驗也拿了消炎藥(baytril 22.7mg)昨天得知驗血結果腎臟指數偏高BUN 83， Creatinine 2.9 ,白血球偏高忘了問醫生數據， 目前狗因為疼痛而會發抖，沒有食慾，口渴，倦怠，我們都很不忍心看著它痛苦，懇請李醫生發慈悲心開一帖藥方讓它可以重拾信心至少不要這麼痛苦。</p>",
      "level": 0,
      "highlight": false,
      "children": [
        {
          "id": "e472f2c6e6dca332584908418b1feccc",
          "author": "李宗恩",
          "time": "2020年05月27日 09:14",
          "content": "<p>你可以參考這篇文章https://andylee.pro/wp/?p=4750， 請教林祥坦獸醫師。我非動物醫療專家，如果硬要嘗試，可以試一試真武湯加五苓散。</p>",
          "level": 1,
          "highlight": true,
          "children": []
        }
      ]
    },
    {
      "id": "05e240b151178fba75b6b556fc80fc14",
      "author": "Jessie诚意",
      "time": "2020年05月24日 04:17",
      "content": "<p>家父患罕见疾病，西医命名为成人斯蒂尔still症，颈椎做了手术吃激素控制五年病不见好转反而越来越严重，高血压糖尿病月亮脸大小便失禁，众多并发症，深恶痛绝西医。看了倪师的人纪课程，觉得是阳明症，但我愚笨，并发症又多，不敢下手，想恳请李医师帮忙看看。</p>",
      "level": 0,
      "highlight": false,
      "children": [
        {
          "id": "5e0ae1fa4595b7f1c1092690ae09dacc",
          "author": "李宗恩",
          "time": "2020年05月27日 09:17",
          "content": "<p>這樣的資訊太少，我也無法在網上真的個案一一討論，你應該帶父親就近找中醫師看診，遠程看診並不適合，如果實在沒辦法，需要我試一試，請聯絡診所，網頁上有診所資料。</p>",
          "level": 1,
          "highlight": true,
          "children": []
        }
      ]
    },
    {
      "id": "86859559cb77daec2379f61908fca2b7",
      "author": "倪师粉丝",
      "time": "2020年05月26日 22:36",
      "content": "<p>李医师，怎么联系到你吖</p>",
      "level": 0,
      "highlight": false,
      "children": [
        {
          "id": "583b8fe91ae9be8ba90c8ed75dfad5af",
          "author": "李宗恩",
          "time": "2020年05月27日 10:04",
          "content": "<p>可以和診所聯絡，網頁上有診所資料。</p>",
          "level": 1,
          "highlight": true,
          "children": [
            {
              "id": "a18d87fa1dbaca83559bb5cb22f50765",
              "author": "倪师粉丝",
              "time": "2020年05月28日 02:00",
              "content": "<p>可否说具体一点呢，我没找到电话吖什么的，想挂个号</p>",
              "level": 2,
              "highlight": false,
              "children": [
                {
                  "id": "21373572002af7ecfc4a7e30ab9c174d",
                  "author": "ET",
                  "time": "2020年05月28日 23:34",
                  "content": "<p>这网页最顶部的最右边的字体，写着“诊所”二字。点击就是了。</p>",
                  "level": 3,
                  "highlight": false,
                  "children": []
                },
                {
                  "id": "2c35dae35fe7a720535e10b14b919792",
                  "author": "李宗恩",
                  "time": "2020年05月31日 20:04",
                  "content": "<p>可以email到info@youngQi.com</p>",
                  "level": 3,
                  "highlight": true,
                  "children": []
                }
              ]
            }
          ]
        }
      ]
    },
    {
      "id": "6dae37f4d21e19c9cc8edf6a4d1bf9f1",
      "author": "明遠",
      "time": "2020年05月27日 11:31",
      "content": "<p>李醫師 您好:</p>\n<p>請問這兩種症狀，膽結石與膽發炎，在處方上有哪些不同?</p>\n<p>謝謝!</p>",
      "level": 0,
      "highlight": false,
      "children": [
        {
          "id": "6b36c7d98991b649d2a7f6e3df3e1225",
          "author": "李宗恩",
          "time": "2020年05月27日 11:40",
          "content": "<p>中醫不以西醫病名來治療，無論是膽結石還是膽發炎，都以綜合症狀表現來思考問題的根源及治療的方法。</p>",
          "level": 1,
          "highlight": true,
          "children": []
        }
      ]
    },
    {
      "id": "7e2fa8fd3c984ec4c416606a746e4e77",
      "author": "李晨",
      "time": "2020年05月28日 01:22",
      "content": "<p>美国疫情如网上说的，民众路上抢劫食物等？闭门造车的人还是很多，网络看到的不如现实中看到的。<br/>\n李医生，我给你发一份邮件询问一些事你可能亲自回复，谢谢^quCYkpfnQq^</p>",
      "level": 0,
      "highlight": false,
      "children": [
        {
          "id": "9468e50f6f4b7f66a0ff9899d3a94f79",
          "author": "李宗恩",
          "time": "2020年05月31日 20:03",
          "content": "<p>這一週來美國很亂，不是因為疫情，而是因為一名白人警察執法過度暴力導致一名非裔市民死亡，造成很多人上街抗議，許多人也趁機暴動搶劫。</p>",
          "level": 1,
          "highlight": true,
          "children": [
            {
              "id": "c9be2277b219c4cd2bed953295ee0366",
              "author": "王彦强",
              "time": "2020年06月12日 01:49",
              "content": "<p>一直觉得很奇怪，为何美国疫情死十万人，社会震动不如一个非裔之死？很难理解美国社会。</p>",
              "level": 2,
              "highlight": false,
              "children": [
                {
                  "id": "d270cb65bd921aaa32afbb1c027fd7c2",
                  "author": "李宗恩",
                  "time": "2020年06月14日 11:25",
                  "content": "<p>歷史背景及文化差異很大，美國許多問題是幾十年累積下來的。</p>",
                  "level": 3,
                  "highlight": true,
                  "children": []
                }
              ]
            }
          ]
        }
      ]
    },
    {
      "id": "9095af7db37be20353f326205a3563f3",
      "author": "王彦强",
      "time": "2020年05月29日 06:45",
      "content": "<p>美国国内动乱频发，李医师多注意安全，多储备物资。</p>",
      "level": 0,
      "highlight": false,
      "children": []
    },
    {
      "id": "6c9f3eefcfb24a6c918d1da4c64b4054",
      "author": "阿曼",
      "time": "2020年05月31日 12:20",
      "content": "<p>你好 李医生，请知道你收弟子吗或者开班授课？</p>",
      "level": 0,
      "highlight": false,
      "children": [
        {
          "id": "fdafa7927d71f5edf7c163fcf29ce608",
          "author": "李宗恩",
          "time": "2020年05月31日 20:13",
          "content": "<p>我各地有很多學生，「弟子」這兩個字就得比較嚴謹，以前多半是演講教學及短期課程，以後會考慮正式的長期課程。</p>",
          "level": 1,
          "highlight": true,
          "children": []
        }
      ]
    },
    {
      "id": "cc9ee1b24b7592994d17231d4bead0a6",
      "author": "李晨",
      "time": "2020年06月02日 07:53",
      "content": "<p>应该中国的诊所不会受影响。<br/>\n人性太黑暗，我等太年轻。<br/>\n看还是等李医生，稳定后，在聊吧。</p>",
      "level": 0,
      "highlight": false,
      "children": []
    },
    {
      "id": "f788734e952fecc55fd12d5746b80b82",
      "author": "aaaa",
      "time": "2020年09月29日 21:54",
      "content": "<p>希望李醫師來中國發展</p>",
      "level": 0,
      "highlight": false,
      "children": []
    }
  ],
  "page": 23,
  "order": 9,
  "filename": "data\\page23\\page23_order8_1c9dd10e0d4d143670547fb5e3320c72.json"
}