{
  "article_url": "https://andylee.pro/wp/?p=3567",
  "title": "再談辨證論治",
  "content": "<p>這次到台灣巡迴演講，最主要是參加中國醫藥大學中醫學系50週年慶祝研討會，而研討會的主題為精神神經醫學臨床，所以，這次在台灣的幾場演講，我都把癲癇病例擺在前面。而這樣的安排，無心之下意外得到了很好的效果。</p>\n<p>幾場演講的聽眾，大多都知道中醫講求「辨證論治」，因為這四個字常常為中醫文章及報導提及。可是耳濡目染太久了，大家反而覺得想當然爾，沒什麼大不了，畢竟似乎很多事情都得「辨證論治」，外科醫師得看你那裡有問題才能幫你開刀，修車師傅得看車子那裡出問題才能修車，連髮型設計師都得看你的臉型個性才能幫你修剪出適合的髮型。中醫的「辨證論治」好像也沒什麼大道理，看病當然得看病人的情況來治療。</p>\n<p>然而，問題在於你看到了什麼線索，在於你能多深入地連接那些線索，而能夠找出真正治療病人的途徑。癲癇病症直接的表現，讓大多數的人想到和頭腦有關，這也是為什麼西醫一定往腦部掃描、腦神經電波的方向去找答案。中醫對「腦」的論述相對較少，中醫師常常會想到「心藏神」，認為癲癇的表現為心經或心包經的問題。或者，有些中醫師會認為那是「風動」的表現，而黃帝內經說「諸風掉眩皆屬於肝」，所以往肝風、肝火上炎的方向找答案。</p>\n<p>這樣的想法無可厚非，但是已經把「辨證」限制在「明顯看得到的症狀」之下，在先入為主的情況下「論治」，這樣在有限的格局下求取答案，對複雜的病情往往療效有限。真正的「辨證論治」，應該是盡可能的收集所有的線索，根據所有的線索來形成一個「假說(hypothesis)」，來解釋為什麼病人會有如此的病症表現，然後再經由臨床治療的反應來判斷「假說」是否正確，或者得修改原來的想法。</p>\n<p>在我看到的癲癇小孩子裡，除了一般明顯的癲癇症狀如失神、抽搐、身體失控等等之外，很多都有脾虛的情況。表面上看來，脾虛似乎和頭腦神經沒什麼關係，在治療癲癇時，往往被忽略。然而，當你仔細去「辨證」時，會發現這樣的脾虛現象應該不是偶然，而應該是有它的意義存在。 於是，我產生了一個「假說」，我覺得許多的癲癇小孩子，是因為脾虛而無法正常的去濕、祛痰，加上許多小孩子癲癇發作前都有感冒的徵兆，似乎在告訴我們和背上的膀胱經及傷寒論的太陽證有關。於是，我形成了一個「假說」：「至少有一部分的癲癇小孩子，是因為脾虛而無法祛痰，加上太陽證，使得痰飲積留在腦，而產生癲癇症狀」。也就是說雖然病症表現在頭腦，問題的根源卻在脾臟。 當然，這只是一個假設，不管聽起來多麼合理，都得在臨床治療上得到驗證。</p>\n<p>既然有這樣的「假說」，我臨床治療那些癲癇的小孩子，往往以「健脾、祛痰、引水上頭」為主，並沒有加什麼「寧神」、「去肝風」、「熄肝火」的中藥，結果在很多癲癇的小孩子上得到很好的治療效果。 而因為良好的臨床反饋，讓我知道原來的「假說」有其足夠的正確性。也因為如此，在演講時以這些癲癇病例開場，讓許多聽眾體會到「辨證論治」不是那麼的「想當然爾」，而是得盡可能收集所有的線索，在中醫「人體模型」的架構下，思考為什麼病人會有這些病症、沒有那些病症，在中醫的理論下盡可能連結所有的線索。經由這樣的「辨證」形成「假說」，基於「假說」提出臨床治療的方法，也就是所謂的「論治」，再經由臨床反饋來「驗證」。</p>\n<p>這樣「辨證論治」的「假說」到「驗證」，是非常科學的方法。中醫不是像很多人想的那樣，這個中藥材治療什麼病症、那個針灸穴位治療什麼病症，而是在複雜的理論架構下，推理病人身體內部那裡失去了平衡，而如何藉由各種方法把人體拉回到平衡狀態，使得病症得以解決。</p>\n<p>而這幾場演講中，反應最明顯的是中國醫藥大學李文華校長（世界知名的癌症分子生物學家），畢竟高手就是高手，雖然李校長不懂中醫，但是他的科學判斷能力，沒有因為長年浸淫在西醫的知識裡而被蒙蔽，反而可以很快抓到重點，明瞭其中的道理。在演講後的見面場合裡，李校長引用了癲癇病症在頭、病因在脾的「假說」與「驗證」的例子，來與其他人談論中醫的臨床治療方法，讓我對這次馬不停蹄的台灣行感到萬分欣慰。</p>\n<p> </p>\n<p> </p>",
  "article_time": "2016年05月10日 15:24",
  "comments": [
    {
      "id": "a83d81e26aa2ab4cbe555e509e14b364",
      "author": "逍遙中醫",
      "time": "2016年05月10日 16:08",
      "content": "<p>「辨證論治」是中醫認識疾病和治療疾病的基本原則,<br/>\n也是中醫學的特點和精華。</p>",
      "level": 0,
      "highlight": false,
      "children": []
    },
    {
      "id": "3653e3de911dc1ef909ff0ac90d8e1b3",
      "author": "魯豆腐",
      "time": "2016年05月10日 19:19",
      "content": "<p>所謂的「辨證論治」它有很深層的涵意，並不像一般大眾所認知的看到表面所顯現的症狀罷了。最普通的還要以十問來求取表象的資料，但追究其細因之時就得配合六經來辨別了。畢竟古人的竹簡刻的太精簡容易造成後學者的迷惑，但有倪師及Dr.李的引領，我們後學者可以少走很多的冤枉路。</p>",
      "level": 0,
      "highlight": false,
      "children": []
    },
    {
      "id": "bb491ea804a90f37541697b8d4cd0cf1",
      "author": "shui123",
      "time": "2016年05月26日 02:58",
      "content": "<p>李医师，想请问下二三个月的宝宝，左眼眼屎多是网上所说的泪鼻管阻塞吗，严重的要手术治疗吗？中医对这类问题有什么其他看法吗？谢谢</p>",
      "level": 0,
      "highlight": false,
      "children": [
        {
          "id": "62356b4f2e8a8474cd51442dd5193202",
          "author": "andy",
          "time": "2016年05月26日 09:25",
          "content": "<p> 中醫通常可以用通利三焦水道的方式來解決，你不妨找個好中醫試一試。</p>",
          "level": 1,
          "highlight": true,
          "children": [
            {
              "id": "7cc1ec699234992d18911535222737c7",
              "author": "shui123",
              "time": "2016年05月28日 07:34",
              "content": "<p>好的谢谢，李医师能不能讲讲为什么从通利三焦水道入手吗？</p>",
              "level": 2,
              "highlight": false,
              "children": [
                {
                  "id": "4fda727704bd9e3baf07bf5149fa9123",
                  "author": "andy",
                  "time": "2016年05月31日 09:41",
                  "content": "<p>水道通利，髒的東西才可以帶走，同時身體各項分泌才能比較正常。</p>",
                  "level": 3,
                  "highlight": true,
                  "children": []
                }
              ]
            }
          ]
        }
      ]
    },
    {
      "id": "0dd601b8e4de5e4e2fa2a9b9dca5bfff",
      "author": "JJJ111",
      "time": "2016年05月30日 04:58",
      "content": "<p>李醫師，請問您有無處理過青少年由憂鬱症轉變成 bipolar 的案例？<br/>\n從中醫觀點看，是那些器官虛弱造成的？<br/>\n能否經由調理身體而改善？還是必須倚靠精神科藥物？</p>",
      "level": 0,
      "highlight": false,
      "children": [
        {
          "id": "eb835888df60c83ed1a526c5cd7ac2cf",
          "author": "andy",
          "time": "2016年05月31日 09:46",
          "content": "<p>有處理過。一般而言，多以肝為主，但是心、脾、肺、腎都有多少有些問題。可以試一試中醫治療，精神科藥物是無法處理的，長期服用西藥會有很大副作用，可以參考www.cchr.org。</p>",
          "level": 1,
          "highlight": true,
          "children": [
            {
              "id": "805bdb9461b63cf7ef781b3fe37abed2",
              "author": "JJJ111",
              "time": "2016年06月02日 02:30",
              "content": "<p>謝謝李醫師<br/>\n由於您不在臺灣行醫，不知能否推薦ㄧ些專治憂鬱症或bipolar的臺灣中醫師？</p>",
              "level": 2,
              "highlight": false,
              "children": []
            },
            {
              "id": "141aab51a822282bcf53e059f98932e4",
              "author": "谢正軒",
              "time": "2024年06月06日 05:02",
              "content": "<p>李醫師你好，我家寶寶剛出生下來，由於產道窄，造成了新生兒缺血缺氧性腦病，之後在4個月左右，出現了眼睛扎，然後就是洗澡完以後，右側身軀抽搐，眼神和表情正常，經由西醫診斷為癲癇，之後用醫藥治療，1歲左右變成大叫一聲，然後雙眼往右側上翻，之後全身抽搐。現在孩子3歲，平常沒事，每隔20天左右就會發作一次，只要1次發作，就會1個多小時發作再發作，持續一天一夜差不多，才能停止發作，我想諮詢你這種情況在中醫如何治療</p>",
              "level": 2,
              "highlight": false,
              "children": [
                {
                  "id": "2a7905800cad927916f4048a0cec9639",
                  "author": "李宗恩",
                  "time": "2024年06月20日 09:44",
                  "content": "<p>每個個案不一樣，得看診深入了解病人情況。</p>",
                  "level": 3,
                  "highlight": true,
                  "children": []
                }
              ]
            }
          ]
        }
      ]
    },
    {
      "id": "32ed562f7229a89f79f7b15a7b505a3d",
      "author": "李梁",
      "time": "2024年10月31日 10:28",
      "content": "<p>这篇文章耐人寻味！宗恩老师这里可不可以说，一些中医师在治疗癫痫想到的心藏神的观念跟您构建的脾虚后导致痰饮进入大脑的观念并不冲突！或许在可以直接一点！心藏神只是一个表现，而心不能藏神的表现背后很可能有一套复杂的平衡点融会贯通成一个生理病理圈！那这样看来，并不是所有的癫痫病人上来就是甘麦大枣汤，或者直接追求平肝潜阳的方向！</p>",
      "level": 0,
      "highlight": false,
      "children": [
        {
          "id": "def359b725002a2e2c497b7585e5f456",
          "author": "李宗恩",
          "time": "2024年10月31日 12:57",
          "content": "<p>心不藏神和癲癇，是不一樣的現象。一般情況下，甘麥大棗湯對癲癇用處不大。</p>",
          "level": 1,
          "highlight": true,
          "children": [
            {
              "id": "4aa98aecbaff025974f2af7d10535dd1",
              "author": "李梁",
              "time": "2024年11月08日 04:37",
              "content": "<p>宗恩老师，还是这篇文章！说到这里我突然想到黄帝内经有一句话叫做 ，诸痛痒疮皆属于心！那么心属南方君火，心主血，那当引擎很拉胯不能推动整个气血循环的时候，就会出现很多问题！那我们单独假设拿一个皮肤病人身上仅有的是因为肝血虚导致皮疹，同时也让引擎很拉胯！(只是截取一段生理病理圈举例，不牵扯到其他平衡点)那这里，即使我们用一些补肝血平肝熄风譬如当归饮子在短时间里面起到了一定的作用，后续如果不对引擎进行加强，任然可能会随着时间推移，进而出现复发往下掉的可能？当然这是纯属我个人瞎想！</p>",
              "level": 2,
              "highlight": false,
              "children": [
                {
                  "id": "cce0d94b20c17e729835061f48a12427",
                  "author": "李宗恩",
                  "time": "2024年11月19日 09:16",
                  "content": "<p>得看個案實際情況。</p>",
                  "level": 3,
                  "highlight": true,
                  "children": []
                }
              ]
            }
          ]
        },
        {
          "id": "55a6876b77e446f0f005898c979f1915",
          "author": "送你座帆船",
          "time": "2024年11月01日 10:06",
          "content": "<p>所以中医治病就是知道他背后的逻辑，这么多种可能，饮食可以导致痰饮，脾胃功能也会导致痰饮，寒湿也会导致痰饮，不可能是一个现象一个方的。</p>",
          "level": 1,
          "highlight": false,
          "children": []
        }
      ]
    }
  ],
  "page": 49,
  "order": 2,
  "filename": "data\\page49\\page49_order1_3653e3de911dc1ef909ff0ac90d8e1b3.json"
}