{
  "article_url": "https://andylee.pro/wp/?p=3330",
  "title": "資訊不等於正確知識",
  "content": "<p>昨天上兩週一次的廣播節目，主持人高潔仍在請假中，由另一位主持人唐韻來代班，我正好提早到了電台，就和唐韻多聊了一會兒。唐韻對中醫不熟，也很少主持中醫有關的節目，然而，電台的嘉賓及聽眾很多，也就常常聽到一些口耳相傳的故事，而看醫生及各種保健品的資訊往往是最吸引人注意的。</p>\n<p>和唐韻閒聊時，她說有一位聽眾告訴她，一位近親得了胃癌，西醫把他的整個胃切除，同時也做了化療、放療，後來這位病人也尋求中醫的幫助，過了一陣子病人被發現復發轉移為直腸癌，沒有多久就過世了。聽到這樣的故事，我很難過，正準備說西醫這種手術切除、化療、放療的方式往往不能真的延長病人的壽命。話還沒來得及說出口，就聽到唐韻接著說，這位聽眾自責地解釋，他們帶病人去看中醫時，沒有注意到中藥方中有大黃，「大黃這味藥有毒」，害得病人中毒死了！</p>\n<p>聽到唐韻的講述，我差點從椅子上掉下來。大黃是一味很重要的中藥，常用來通利大便，雖然我不知道主治的中醫師開了多少劑量的大黃給病人，我很肯定病人不會是因為服用大黃而中毒死亡！即使主治的中醫師給病人服用一般大黃劑量的十倍二十倍，最多是拉肚子拉到不行，虛脫到送急診也不會導致死亡，何況我相信主治的中醫師也不會給病人那麼多的大黃！胃癌切除後復發轉移直腸癌而死亡的病例，每天都在上演，病人及親屬不去仔細研究思考，反而道聽途說大黃有毒導致病人死亡，如果這位主治的中醫師知道他幫助過的病人家屬如此談論他的治療，我猜大概會吐血！</p>\n<p>而我們也會常常聽到，某某癌症末期病人聽了某某中醫師的建議，沒有去做手術、化療、放療等治療，後來過世了，親朋好友到處告訴人「都是聽了中醫錯誤的建議而死亡」！真的是這樣子嗎？癌症末期，無論是中醫或西醫治療，都非常困難，都不應該奢望有奇蹟出現，而目前已經有很多的醫學研究及臨床西醫的見證，認為癌末病患化療、放療，不但沒有效果，反而會讓情況更加惡化，越來越多頂尖的醫學機構主張不要對癌症末期病人做任何的手術、化療、放療治療。讀者會問，那不是要病人等死嗎？沒錯，很多的醫學研究發現，癌末病人不做任何治療地「等死」，比做手術、化療、放療治療還活得更久，也活得更好！</p>\n<p>使用中醫治療末期癌症，也不應該期待有奇蹟出現，即使我們偶而會遇到奇蹟，那些案例也絕不是一般情況。中醫幫助癌症末期病人，我們有兩個期待：（1）希望能讓病人活得比一般腫瘤科西醫認為的平均存活時間久一些、（2）希望能讓病人的生活品質比使用西醫治療或不做任何治療好很多。雖然這樣的期待，絕大多數的人都會認為有道理，但是，當身旁有親朋好友真的癌末過世了，很多人就會說「如果當初病人堅持化療、放療，現在可能還活著」、「如果當初病人服用那個FDA還未批准的藥物，現在可能還活著」、「如果當初病人加入史丹佛醫院那個實驗性治療計劃，現在可能還活著」、「如果當初病人去中國大陸換肝，現在可能還活著」等等，甚至有人會說「如果當初病人服用大陸遠房親戚說的那個偏方，現在可能還活著」！那麼多的「如果當初」，我們是不是也可以把它們換成「如果當初病人堅持化療、放療，半年前可能就已經過世了」、「如果當初病人服用那個FDA還未批准的藥物，半年前可能就已經過世了」、「如果當初病人加入史丹佛醫院那個實驗性治療計劃，半年前可能就已經過世了」、「如果當初病人去中國大陸換肝，半年前可能就已經過世了」、「如果當初病人服用大陸遠房親戚說的那個偏方，半年前可能就已經過世了」？</p>\n<p>資訊不等於正確知識，特別是在這個資訊氾濫的時代，很多人被網路、臉書、微信等等「訓練」到沒有深入研究、思考的能力，判斷力退化到「看似合理」「想當然爾」的程度，這是一個很可悲、也很可怕的現象。</p>\n<p> </p>\n<p> </p>\n<p> </p>\n<p> </p>",
  "article_time": "2016年01月20日 13:31",
  "comments": [
    {
      "id": "e0b34c918505bf192e90e3558689bc6c",
      "author": "慕蓉",
      "time": "2016年01月21日 01:39",
      "content": "<p>李醫生您好,<br/>\n我是來自台灣的讀者,<br/>\n起因是家母在去年(2015/7月) 西醫初診 “右乳” 為乳癌第四期(依大小來看), 沒有骨頭轉移(有檢查), 西醫說要先化療讓腫塊縮小, 才能再開刀, 而化療副作用會噁心, 掉髮, 家母擔心害怕化療開刀後就 bye bye 了, 一直逃避去切片&amp;做正子攝影, 在下只好上網查詢中醫是否可治癒乳癌, 持續在網站查詢, 因緣際會下拜讀了倪師的網誌, 乳癌不開刀不化療, 可存活14年, 馬上帶到台灣的漢唐中醫, 至今每周不間斷的去複診已看了快半年了<br/>\n以下是家母的情況-<br/>\n右乳房被整個腫塊所佔據(宛如岩石), 四周紅腫發熱, 前3個月有明顯的腫塊縮小, 體重由 70kgs 瘦到 55kgs,<br/>\n後2個月乳房開始/流膿/流血/發臭/乳頭下陷, 原淋巴沒有硬塊, 現有一粒一粒的硬塊糾結在一起, 肩胛骨及乳房右側靠近胳肢窩會疼痛(抽痛), 我只能安撫她是冬天的關係, 詢問醫師疼痛是好是壞, 醫師不願正面告知家母, 只說心陽不足, 體內虛寒, 一切隨緣, 家母就自己一直在亂猜是不是已經轉移, 身為子女, 沒人學醫, 也沒有認識別的中醫師可詢問, 能懇請您方便於百忙中抽空回覆疑惑嗎? 萬分感謝 ~ ~ (P.S. 家母一直想知道還需要多久才能治癒, 您有更多的乳癌中醫治癒的成功案例嗎? 我也不想再回西醫, 讓西醫來恐嚇)</p>",
      "level": 0,
      "highlight": false,
      "children": [
        {
          "id": "7737b3bb0008f64cda9a9198c9d7c520",
          "author": "andy",
          "time": "2016年01月21日 09:49",
          "content": "<p>看到妳的留言，感到十分難過，我得很直接地告訴妳，妳母親的情況已經惡化。然而，這不代表中醫師的醫術不好，也不代表中醫師沒有全心全力幫忙妳的母親，「乳癌第四期」，憑定義就明白指出癌細胞已經擴散轉移了，並非只是腫塊比較大而已。這種情況下，化療、開刀也無法幫病人拖延多久時間，而到目前為止，中醫師已經讓妳母親拖延快半年了，實屬不易，唯一的問題是，他可能沒有解釋的很清楚，讓妳們以為「可以治癒」，如我所言，我們偶而會看到癌症末期病患存活很多年的病例，但那不是一個標準常態，而這位中醫師沒有多加解釋，或許是因爲他覺得解釋越多，妳們越緊張害怕，反而加速妳母親病情的惡化。</p>",
          "level": 1,
          "highlight": true,
          "children": []
        }
      ]
    },
    {
      "id": "1795e1719b04d01a9152786fabedc008",
      "author": "Grace",
      "time": "2016年01月21日 03:44",
      "content": "<p>李醫師您好：</p>\n<p>所以我的中醫老師才說〜<br/>\n治療癌症不管是中醫還是西醫<br/>\n治療成效都取決於命門火的興衰與否</p>\n<p>有的人剛開始使用化療有效<br/>\n那是因為他本身的命門火還夠支撐<br/>\n後面若沒有繼續治療而好好保養或許命門火還能再長養回來<br/>\n若是一直接受治療<br/>\n命門火愈來愈弱  治療效果就愈來愈差了</p>\n<p>那為什麼有的人一開始治療就一命嗚呼了呢?<br/>\n表示那個人治療之前根本就幾乎快沒命門火了</p>\n<p>西藥苦寒  最傷命門火<br/>\n所以藥一用下去  就等於對著風中殘燭大吹一口氣…呼〜</p>\n<p>與您分享之</p>",
      "level": 0,
      "highlight": false,
      "children": [
        {
          "id": "77ace74a64f87e9183205107229606ab",
          "author": "andy",
          "time": "2016年01月21日 09:50",
          "content": "<p>謝謝妳的分享！</p>",
          "level": 1,
          "highlight": true,
          "children": []
        }
      ]
    },
    {
      "id": "61119f5ba349395a306adeb5e1a4bb8f",
      "author": "慕蓉",
      "time": "2016年01月25日 18:08",
      "content": "<p>感謝李醫師<br/>\n大致暸解了, 人總會有那一天的來臨, 現做為子女的我們, 最終還是希望是安詳的而非痛苦的,<br/>\n也要謝謝台灣的漢唐中醫師對家母的協助, 讓家母至今還可以洗衣煮飯, 跟正常人一樣,<br/>\n若不知情的人都認為家母病情是好轉的, 所以我們還是會持續讓家母繼續給漢唐中醫治療,<br/>\n能多幾年是幾年, 也祈禱奇蹟的發生, 再次感謝您的抽空回覆</p>",
      "level": 0,
      "highlight": false,
      "children": []
    },
    {
      "id": "8f8dbfffac5f5d881f9e13cdb1f12ad7",
      "author": "Zen",
      "time": "2018年01月07日 19:17",
      "content": "<p>李醫師您好,</p>\n<p>根據我理解的, 人體心臟搏動產生熱, 為心火(君火)的來源, 而心與小腸相表裡, 有經絡相通, 心火會下移至小腸, 請問命門相火的來源為何?</p>\n<p>另外, 金匱腎氣丸、右歸丸、清化肉桂, 這些是補命門火的藥物嗎?</p>\n<p>謝謝!</p>",
      "level": 0,
      "highlight": false,
      "children": [
        {
          "id": "e1be58cc0d4133862cfcd087b7ddadfe",
          "author": "andy",
          "time": "2018年01月10日 15:26",
          "content": "<p>歷代醫家對「命門相火」有許多不同的解釋，黃帝內經並沒有「命門相火」的説法，而是「君火以明、相火以位」，到了宋末金初劉完素才提出「心為君火、腎為相火」的説法，「命門相火」一詞才冒出來。然而，當時其他醫家及後代諸多醫家，如朱丹溪、 张景岳等等，有的不認同，有的即使認同，解釋也有不少差異。因為如此，我還是不要對「命門相火」多做解釋，免得誤導大家，而我個人還是比較喜歡以黃帝內經及傷寒雜病論原本的內容為學習對象，畢竟學術上空泛的討論，遠不如臨床實際治療的應用及反饋。</p>",
          "level": 1,
          "highlight": true,
          "children": []
        }
      ]
    }
  ],
  "page": 49,
  "order": 10,
  "filename": "data\\page49\\page49_order9_5604eb55a13f60234bdf74619fbe88a1.json"
}