{
  "article_url": "https://andylee.pro/wp/?p=3589",
  "title": "FM 96.1: 藥價飛漲的背後",
  "content": "<!--[if lt IE 9]><script>document.createElement('audio');</script><![endif]-->\n<audio class=\"wp-audio-shortcode\" controls=\"controls\" id=\"audio-3589-1\" preload=\"none\" style=\"width: 100%;\"><source src=\"https://andylee.pro/wp/wp-content/uploads/2016/04/dr_case_sf_20160405_507-544pm_31m30s1_converted.mp3?_=1\" type=\"audio/mpeg\"/><a href=\"https://andylee.pro/wp/wp-content/uploads/2016/04/dr_case_sf_20160405_507-544pm_31m30s1_converted.mp3\">https://andylee.pro/wp/wp-content/uploads/2016/04/dr_case_sf_20160405_507-544pm_31m30s1_converted.mp3</a></audio>\n<p>根據美國露透社數據統計，近五年美國常用藥物價格最高飆漲至兩倍，這些主要藥物用來治療關節炎、膽固醇、氣喘等普遍藥物，許多機構的醫療成本也隨之增加，而自由經濟的政策下，政府單位也無法有效的控管藥廠的售價。有趣的是，這些普遍的用藥，都是西醫常期以來治療效果不彰的慢性病，這些漲價的藥物治療效果卻不彰顯，那豈不是枉顧病患的權益，實在令人難過。</p>\n<p>事實上，這些慢性疾病在中醫臨床治療效果都不錯，即使保險公司目前不給付，中藥也相對西醫便宜，甚至不會有西藥的長期副作用，也無須終生服用的問題。相關於服用西藥產生的副作用可以前往WebMD網站查詢，就會有所有副作用資料，通常一種藥物有數十到百種的可能副作用，甚至普遍西藥治標不治本，反觀中藥，治療以根本為主，甚至標本同治，益處良多。一般民眾，對於中西醫的資訊都是由網站搜尋得知，都是片面的了解，相對於中醫來說，民眾覺得西醫比較現代化、比較文明，這個盲點就需要國家對中醫的支持以及推行來改善。</p>\n<p>在這舉一個今天門診病患的服藥例子，一位八十餘歲婦人，看診時拿出一堆西藥解釋自己的病情，林林總總有八種藥物以上，再加上中國購買的中成藥，甚至還有自行購買的營養補充品，病人訴說在服用這些藥物，症狀仍未改善。平時婦人患有，容易腹瀉、胃酸反逆、抑鬱、心悸等問題，服用這麼多種藥物，其實中醫的角度來判斷，根本並因在於＂肝　＂。肝氣不調造成情緒不暢、肝血長期虧損會造成心病、肝臟異常造成膽汁分泌紊亂造成消化不良胃酸反逆，再者心陽不足無法下移小腸而腹瀉，患者服用了這麼多西藥，西醫還是無法根本解決問題患者也說明，這是第一次明白所有問題的根源，依中醫的角度，心為君主之官，雖然肝為根本問題，一但心臟也有了問題，必須先治療，所以將患者＂結代脈　＂，也就是西醫的心房顫動問題先下手解決。同時也建議患者必須把西藥停止，這是因為心房顫動的西藥主要是血液稀釋劑的成分，與中藥的治療方向相違背，會造成血虛，臨床上會有衝突，中藥治療效果就不會有效。</p>\n<p>案例一：劉女士，目前小兒十歲，仍然嚴重的磨牙，想請問中醫的角度能否解決？</p>\n<p>小兒磨牙原因有數種，普遍是胃火旺盛的情形，但實際情形需要臨床診斷這個＂火　＂如何產生上炎至頭部。</p>\n<p>案例二：Ｇａｒｙ，近一個月覺得口乾，不斷喝水也無法改善，上廁所也頻繁，西醫角度懷疑有糖尿病，想請問李醫師的見解？</p>\n<p>中醫的角度會認為，好的水無法上達頭部，造成口乾，至於原因可能數種，例如：年邁者容易腎陽衰弱，無法將水液正常運行，即使喝許多水，仍然覺得口乾。需要親自就診找尋根本原因。</p>\n<p><strong>（語音檔案由FM96.1電台提供，文章摘錄自語音檔案內容，部分文字略有異同，敬請見諒。）</strong></p>",
  "article_time": "2016年04月05日 16:42",
  "comments": [],
  "page": 49,
  "order": 9,
  "filename": "data\\page49\\page49_order8_cf770bd55cf03a4f5ff7dc51a4ee734d.json"
}