{
  "article_url": "https://andylee.pro/wp/?p=14489",
  "title": "深圳公開座談會 11月28日 3-5PM",
  "content": "<p>這次大陸行，除了參加廣州中醫藥大學舉辦的醫學會議及聯合國契約組織年會之外，也參加各方安排的媒體採訪、訪談節目、簽書會、座談會等等，有些是公開活動，有些是僅限受邀嘉賓的活動，也有一些是私人會議。行程安排的非常緊湊，感謝各方的重視及支持。這裡先公佈深圳公開座談會，其它公開活動，時間及地點確認後，會陸續公佈。</p>\n<p>這個深圳活動，為太安私塾學生馬珺率先公佈出來，我看了一下她的博客，看到有許多篇文章和我有關，這裡列出來和大家分享：</p>\n<ul class=\"wp-block-list\">\n<li>李宗恩博士深圳分享会：倪海厦传承人谈AI赋能东方育儿与中医智 （<a href=\"https://mp.weixin.qq.com/s/T70iROcUL-AhFYFJROBiMA\">https://mp.weixin.qq.com/s/T70iROcUL-AhFYFJROBiMA</a>）</li>\n<li>对于已到中年的中医小白，怎么学习中医？ （<a href=\"https://mp.weixin.qq.com/s/B0O8GCZPpAL4BZU7Ts22PA\">https://mp.weixin.qq.com/s/B0O8GCZPpAL4BZU7Ts22PA</a>）</li>\n<li>听李宗恩医生讲阴阳：从一头雾水到逐渐清明，那些我终于听懂的关键解析 （<a href=\"https://mp.weixin.qq.com/s/SoOwDfIZyjORzzKdGu5YnQ\">https://mp.weixin.qq.com/s/SoOwDfIZyjORzzKdGu5YnQ</a>）</li>\n<li>中医不是一个点，是一条河流——李宗恩医生讲了三个故事，我才真正懂了什么是“宏观医学” （<a href=\"https://mp.weixin.qq.com/s/jLqAiHrGlLcAjPPauQuR1w\">https://mp.weixin.qq.com/s/jLqAiHrGlLcAjPPauQuR1w</a>）</li>\n<li>从倪海厦老师视频开始，用‘追剧’的方式打开中医全貌 （<a href=\"https://mp.weixin.qq.com/s/6xaKhGnBptz6-ONqjAwVZw\">https://mp.weixin.qq.com/s/6xaKhGnBptz6-ONqjAwVZw</a>）</li>\n<li>胆结石手术之后，我开始重新学习如何去爱而不控制 （<a href=\"https://mp.weixin.qq.com/s/xJaYtrP1h3EMGOZpgK4KAQ\">https://mp.weixin.qq.com/s/xJaYtrP1h3EMGOZpgK4KAQ</a>）</li>\n<li>从李宗恩大夫学来的方法，实践后才懂的深刻蜕变与收获 （<a href=\"https://mp.weixin.qq.com/s/FnKykWz1imbO7GYLgrXV2Q\">https://mp.weixin.qq.com/s/FnKykWz1imbO7GYLgrXV2Q</a>）</li>\n</ul>\n<p>切記，目前我在大陸不看診，請勿強行請求我看診。中國有嚴格的醫療法規，我沒有中國的醫師執照，只能在廣州中醫藥大學等醫療機構的安排下教學看診，私下看診為非法行醫，是很嚴重的事情。大陸有很多中醫黑及詆毀倪海厦老師的人，而我公開批評過許多利用中醫或倪海厦老師名聲斂財的人事物，如果我在大陸有任何主管機關沒有認可的醫療行為，一定會被有心人士拿來攻擊及舉報。所以，強行請求我看診，不但是很不尊重我，更是陷害我的舉動。至於未來，據了解，中國國家醫療主管機關正在研究如何認證海外醫療執照，會從在海內外皆認可的醫療專家開始辦理，或許有機緣直接為大陸病人看診。</p>\n<p></p>\n<figure class=\"wp-block-image size-large\"><a href=\"https://andylee.pro/wp/wp-content/uploads/2025/11/f04caca06ef8b4a5ce386d3a31664696.jpg\"><img alt=\"\" class=\"wp-image-14497\" decoding=\"async\" fetchpriority=\"high\" height=\"1024\" sizes=\"(max-width: 724px) 100vw, 724px\" src=\"https://andylee.pro/wp/wp-content/uploads/2025/11/f04caca06ef8b4a5ce386d3a31664696-724x1024.jpg\" srcset=\"https://andylee.pro/wp/wp-content/uploads/2025/11/f04caca06ef8b4a5ce386d3a31664696-724x1024.jpg 724w, https://andylee.pro/wp/wp-content/uploads/2025/11/f04caca06ef8b4a5ce386d3a31664696-212x300.jpg 212w, https://andylee.pro/wp/wp-content/uploads/2025/11/f04caca06ef8b4a5ce386d3a31664696-768x1087.jpg 768w, https://andylee.pro/wp/wp-content/uploads/2025/11/f04caca06ef8b4a5ce386d3a31664696-1086x1536.jpg 1086w, https://andylee.pro/wp/wp-content/uploads/2025/11/f04caca06ef8b4a5ce386d3a31664696.jpg 1280w\" width=\"724\"/></a></figure>\n<p></p>",
  "article_time": "2025年11月15日 10:30",
  "comments": [
    {
      "id": "1d17c2ca5972863bae8a334c774c7f7f",
      "author": "行云",
      "time": "2025年11月15日 21:00",
      "content": "<p>老师好，请问深圳这个座谈会如何报名？</p>",
      "level": 0,
      "highlight": false,
      "children": [
        {
          "id": "0f1dde4d1e17487430b8747f9809d456",
          "author": "耿春旺",
          "time": "2025年11月15日 22:24",
          "content": "<p>文末右下角的二维码，用微信扫码</p>",
          "level": 1,
          "highlight": false,
          "children": []
        },
        {
          "id": "87ba40078b2f6f99d4a5db8844c0f55e",
          "author": "天城",
          "time": "2025年11月16日 03:31",
          "content": "<p>你看一下图片右下角呢</p>",
          "level": 1,
          "highlight": false,
          "children": []
        }
      ]
    },
    {
      "id": "0c8946a17b66637892f9b39a3f5268ef",
      "author": "Marry",
      "time": "2025年11月16日 01:55",
      "content": "<p>李醫師，您好！我家孩子不敢與人對視，平時在外面也很膽小。請問與腎陽不足有沒有關係？</p>",
      "level": 0,
      "highlight": false,
      "children": [
        {
          "id": "51e4c2effe376d0b00f17e68ad2d14e1",
          "author": "李宗恩",
          "time": "2025年12月13日 16:54",
          "content": "<p>膽小，不是就對應一句腎陽不足。</p>",
          "level": 1,
          "highlight": true,
          "children": []
        }
      ]
    },
    {
      "id": "bcd18f07dcd06a552545b56642e78edc",
      "author": "陶月（读书和笔记）",
      "time": "2025年11月16日 21:39",
      "content": "<p>李宗恩老师，向您报告一件事。<br/>\n我最近半年都在看您的个人网站上的文章、听音频。学了几年中医、写了2年个人中医公众号的我，这个月好像突然运气转好了。本来没人看的公众号，最近涨到了快2000粉丝。这对我来说，是好事，也是坏事，好事是我看到了学中医的现实回报，很喜悦，坏事是我内心很忐忑，毕竟不是中医专业，没有跟师承，撑不起这么大的场面。还有我的很多内容都只是“知识搬运”，搬运中医书籍、倪海厦老师讲的内容和您个人网页上的东西，加上我可能偏颇的理解后解读。<br/>\n我用了很多您的东西，虽然有说明是从您个人网站上看到的，但解读时可能扯远了、讲偏了~~想跟您说：感恩！抱歉！</p>",
      "level": 0,
      "highlight": false,
      "children": [
        {
          "id": "eca934197d8e2fc478589668240e5383",
          "author": "李宗恩",
          "time": "2025年12月13日 16:56",
          "content": "<p>學習任何一門學問，都是從搬運其他人的解釋開始，經過實踐而內化為自己的知識。</p>",
          "level": 1,
          "highlight": true,
          "children": []
        }
      ]
    },
    {
      "id": "e514294cb97bff253700148e8662dc77",
      "author": "棋",
      "time": "2025年11月17日 08:07",
      "content": "<p>李医生你好，我想询问您对孔乐凯医生提出的，中药可能是因刺激胃肠感受器，从而达到治疗目的。这个观点怎么看？<br/>\n比如犀牛角和水牛角，疗效可能在于犀牛角的特殊物理结构；生石膏和粳米常常一同使用，汤药中含有悬浮矿物晶体，粳米可能用于增加汤药浓稠度，让悬浮晶体和胃肠壁充分接触，达到治疗目的，其余的还有甘草，黄连…刺激不同的甜苦味感受器等</p>",
      "level": 0,
      "highlight": false,
      "children": [
        {
          "id": "8eb5742639f2034670970b93f3787f72",
          "author": "李宗恩",
          "time": "2025年12月13日 16:57",
          "content": "<p>我不清楚</p>",
          "level": 1,
          "highlight": true,
          "children": []
        }
      ]
    },
    {
      "id": "5c26f0c346be69496de0f1e61ca7c385",
      "author": "琼",
      "time": "2025年11月18日 01:01",
      "content": "<p>已报名。能现场听李博士分享太激动啦！谢谢李博士！</p>",
      "level": 0,
      "highlight": false,
      "children": []
    },
    {
      "id": "5e2136802c70be414c7d62b39058e619",
      "author": "2025我来啦",
      "time": "2025年11月18日 19:34",
      "content": "<p>非常期待李医师的线下活动，感谢分享~</p>",
      "level": 0,
      "highlight": false,
      "children": []
    },
    {
      "id": "e935b0624da0305e252f78f0c65fc200",
      "author": "北平中人",
      "time": "2025年11月19日 07:05",
      "content": "<p>李医生，您好。请问您有遇到过肝心脾肺肾都不太好的患者吗？</p>",
      "level": 0,
      "highlight": false,
      "children": [
        {
          "id": "c35bce2c417e51908e3ddcfd88b67c5a",
          "author": "李宗恩",
          "time": "2025年12月13日 17:02",
          "content": "<p>所有重症病人，肝心脾肺腎都不好。</p>",
          "level": 1,
          "highlight": true,
          "children": []
        }
      ]
    },
    {
      "id": "9a8f904f5cb19d64a3135f4026931deb",
      "author": "上海徐先生",
      "time": "2025年11月20日 20:07",
      "content": "<p>李博士！你好！<br/>\n听说你12月份来国内的行程有一站是在温州，请问是真的吗？想跟你确认一下。</p>",
      "level": 0,
      "highlight": false,
      "children": []
    },
    {
      "id": "08a351bf4b63fb15ef7e75e4fed85896",
      "author": "木易杨",
      "time": "2025年11月21日 12:19",
      "content": "<p>李医生你好，我小孩才1岁，最近甲流严重我怕感染了是不是还是打疫苗好点，因为我们这边的中医生不敢看这么小的孩子，如果感染了会推给西医生看，那是不是直接打疫苗是最优解</p>",
      "level": 0,
      "highlight": false,
      "children": [
        {
          "id": "feff20bb7f1b0decef0ab9c298d0e776",
          "author": "李宗恩",
          "time": "2025年12月13日 17:04",
          "content": "<p>你的自己決定，以前討論過疫苗的問題。</p>",
          "level": 1,
          "highlight": true,
          "children": []
        }
      ]
    },
    {
      "id": "d2a50a47a3584f51979201cb9d5f2b18",
      "author": "mosfjh",
      "time": "2025年11月21日 12:41",
      "content": "<p>很幸运能报名现场，一定会好好享受线下学习的机会！</p>",
      "level": 0,
      "highlight": false,
      "children": []
    },
    {
      "id": "2a06074a1391a468d3f4db12a95157ae",
      "author": "长康",
      "time": "2025年11月23日 01:20",
      "content": "<p>希望能赶上正在申请批假</p>",
      "level": 0,
      "highlight": false,
      "children": []
    },
    {
      "id": "276c160a46f6ae19b54e87a35a8fb8ff",
      "author": "David",
      "time": "2025年11月28日 16:31",
      "content": "<p>好幸运能够在现场见到李医生<br/>\n主持人和自愿者们也非常专业认真<br/>\n感谢李医生及其团队为中医推广传承的付出</p>\n<p>虽然之前已经在网页上读到李医生也尝试训练AI然后尝试AI开方, 结果也非常接近.<br/>\n但像李医生分享的那样, AI和人的区别, 是灵魂. 即使之前刷过网页, 看过视频, 即使视频再清晰, 也不如见到真人时那种感觉;<br/>\n又好像有的病人去找信任的医生看诊, 开到半路感觉病已经好了一半一样, AI大概永远做不到这样.</p>",
      "level": 0,
      "highlight": false,
      "children": [
        {
          "id": "b69b0f8167db2b83fb1181224df110f1",
          "author": "李宗恩",
          "time": "2025年12月13日 17:20",
          "content": "<p>謝謝你來現場參加活動</p>",
          "level": 1,
          "highlight": true,
          "children": []
        }
      ]
    },
    {
      "id": "03f88aeb1cc127aa91ff0dbfd3e7159e",
      "author": "古今",
      "time": "2025年11月29日 15:12",
      "content": "<p>李医师您好，我本来因为精神压力和喝冰啤酒，脾受损，有皮肤病。这一方面在您的视频及课程中有很好的指导，我有信心能解决。但一年前又叠加了新的因素，导致我的皮肤会在凌晨1：00－3：00无法入睡或睡眠质量差后第二天出现皮疹。第一次出现这种情况是在前一天晚上吃了一些水果并失眠。出现这种情况有没有可能是因为肝寒导致的？我长时间喝寒凉中药汤及吃中药粉剂。药材是在中国大陆网上购买。我苦于不知道从哪里买到好的药材。就算是大陆中医院的药材也是含硫磺的。吃中药粉剂后皮肤会出现小皮疹，后来停止吃中药粉剂。为了清肝，也喝了含有柴胡、茵陈的中药汤。肝郁现象有很大的缓解，并已经停药。最近为了暖肝，我在健脾的药方中加入吴茱萸，但又因为含硫黄太重反而出现更多的皮疹。我改用小茴香，比较不含硫黄。我学习倪海厦老师的和您的课程有几年时间。请李医师百忙之中给我一些指导。万分感谢。</p>",
      "level": 0,
      "highlight": false,
      "children": [
        {
          "id": "45343374af9cd901fb252c877d302509",
          "author": "李宗恩",
          "time": "2025年12月13日 17:22",
          "content": "<p>我不在網上針對個案一一討論。</p>",
          "level": 1,
          "highlight": true,
          "children": []
        }
      ]
    },
    {
      "id": "e4ee1764ec5caf7b5665d5c7d0de5b40",
      "author": "古今",
      "time": "2025年11月29日 15:30",
      "content": "<p>李医师您好，我在深夜11：00－凌晨1：00无法入睡或睡眠质量差后第二天也会出现皮疹。</p>",
      "level": 0,
      "highlight": false,
      "children": []
    },
    {
      "id": "c119108cfa78a20b8bf99b4cef104c84",
      "author": "冰冰",
      "time": "2025年12月01日 01:07",
      "content": "<p>感谢李医生的分享，跟李医生合照了，签书会也去了，签名也有了，实在是太激动啦！！<br/>\n希望让更多的人了解中医，相信中医，让中医传承继续延续…….</p>",
      "level": 0,
      "highlight": false,
      "children": [
        {
          "id": "521d8ed94210935bfb22f2cbd10df59b",
          "author": "李宗恩",
          "time": "2025年12月13日 17:26",
          "content": "<p>謝謝你到現場參加活動。</p>",
          "level": 1,
          "highlight": true,
          "children": []
        }
      ]
    },
    {
      "id": "2f757e3ca23edc6d1f9b3e3707cb0517",
      "author": "mosfjh",
      "time": "2025年12月11日 16:52",
      "content": "<p>李医生您好！很高兴能第一次跟您线下交流并现场购书，一天过得快乐又充实。您是我心中当今天下第一经方家，分享的内容和价值观都很不错，只有两点希望您百忙之中指教一下。<br/>\n1. 多赚良心钱和敛财的区别：现场也有观众对此提问，引发我深入思考。您说应该多赚良心钱，是指给病人提供高质量的医疗服务，解决病人的难题，即使收费偏贵一些（可能最贫苦的一批百姓很难承担），还是可以接受？您说绝对不允许敛财，是指利用镀金的虚名，收取天价费用却不能解决病人的问题（或者说帮助很有限），亦或者是推销天价独门秘笈等，即使这些行为不违法犯罪，也丧尽天良，绝对不允许出现。所以两者之间只差了质量和吹上天？<br/>\n2. 针灸是否偏辅助：您说应该以开方为主，解决病人的根本性问题，而不是养病人，偶尔使用针灸快速帮忙类似临上机场但疼痛难忍的病人，此时针灸是偏辅助（我理解这是您的现场观点）？而您之前谈到的一个远程看诊失败案例，是因为乡村附近没有会下膝五针的中医师，导致药力无法透达四肢，最终结果很遗憾，此时针灸应该是治疗中很重要的一环（而不仅是辅助）？<br/>\n再次感谢李医生，期待更多线下交流活动。</p>",
      "level": 0,
      "highlight": false,
      "children": [
        {
          "id": "4816891f6819e0bc8dbc1d1c66ee646f",
          "author": "李宗恩",
          "time": "2025年12月13日 17:52",
          "content": "<p>謝謝你來到現場參加活動。1.我不確定你在問什麼？正常人都可以分辨正當的賺錢和斂財的差異。譬如。你設計一台很好的手機，比其它手機花費更多研究經費及製造費用，當然也就得賣得更貴，那是正當的賺錢。而你拿一個磚頭或市場回收的二手機來當全新高端手機來賣，那就是斂財。2.某些情況下針灸很重要，我臨床也使用很多針灸。</p>",
          "level": 1,
          "highlight": true,
          "children": []
        }
      ]
    }
  ],
  "timestamp": 1767761017.34179,
  "page": 2,
  "order": 4,
  "filename": "data\\page2\\page2_order3_207de5b951f2752aa7ec2dedf9437db2.json"
}