{
  "article_url": "https://andylee.pro/wp/?p=14132",
  "title": "腦癱",
  "content": "<p>這位在中國大陸的小病人，女，未滿十歲。天生基因問題，導致腦癱，智力發育非常遲緩，言語障礙，只能說幾個音節，沒有任何清晰的發音。身體控制也有問題，3歲才能坐穩，5歲才慢慢學走路，但非常不穩，平衡能力極差，一碰就倒地。同時也有自閉症及過動症，常常搖頭、聳肩、手足舞蹈，幾乎沒有一分鐘停下來。心室間隔缺損，馬蹄腎，雙側髕骨脫位，眼球不規則，非完全圓形，沒有眼淚。吃飯需要餵食，無法獨立大小便。</p>\n<p>看到這裡，讀者是不是覺得孩子健健康康是件很幸福的事情，學校課業成績並非最重要的？前年九月遠程視訊初診，了解了病人的病史及現況，說真的，問題相當複雜，實在不知道能夠幫到多少。開藥方時，沈靜下來，好好整理了思緒，認為不應該急功近利，追著病人的各種症狀跑，而是應該先把基礎打好，從病人吃飯睡覺做起，藥方：酸棗仁、川芎、知母、炙甘草、茯苓、柴胡、龍骨、牡蠣、炙黃耆、木香、陳皮、厚朴、蒼朮。</p>\n<p>一開始的兩個月，病人只服用的十付藥，沒什麼重大的改變。白天自汗減少，半夜不盜汗了。小便可以忍較久，白天不尿褲子了，一個多小時帶她去上廁所。這段時間感冒次數減少，不像以前三天兩頭就感冒。半夜磨牙減輕，睡覺時比較安穩，不像以前動來動去。維持之前藥方。</p>\n<p>前年底複診，病人又服用了15付，尿量增加，從原本一次50cc增加到125cc左右，情緒控制力上升，比較不怕吵，特教老師反饋病人行為能力進步。晚上睡覺更加安穩，半夜不磨牙了，但白天還是會磨牙，這段時間沒有感冒。維持之前藥方，加女貞子、杜仲。</p>\n<p>去年三月複診，這段時間服用了30付，2月時因為過春節及感染新冠，停藥一個月左右。病人會主動小便了，尿量增加到一次150cc，早上可以按照爸媽要求去大便，學習能力提高，說話有進步。以前不直視人，現在可以直視人，看著大人的嘴型來跟著學習。增強藥方的力度：當歸、桂枝、白芍、生薑、炙甘草、紅棗、細辛、木通、炙黃耆、木香、陳皮、厚朴、酸棗仁、川芎、知母、茯苓、女貞子、杜仲、肉蓯蓉、首烏。</p>\n<p>去年六月複診，服用了40付。尿量增加到一次175cc，本來一個半小時得小便一次，現在可以兩三小時小便一次。不再用力甩頭，比較不抗拒和其他人玩，學習能力又增加了一些，老師認為再幾個月之後，應該可以去學校上課了。病人爸爸觀察到一個奇特的現象，病人這段時間有感冒一次，覺得病人發燒後反而變得比較聰明。藥方：黃耆，人參、葛根、升麻、桔梗、枳殻、木香、陳皮、厚朴、白朮、茯苓、女貞子、杜仲、肉蓯蓉、首烏、桂枝、豬苓、澤瀉。</p>\n<p>去年九月複診，服用了45付。尿量增加到一次200cc，半夜尿布內的尿量減少許多。開始會認字了，可以和大人一起唱歌了。說話進步，可以說一些較長的句子。頭髮增多，但髮質偏黃。走路姿勢仍不正常，但穩很多。稍微變動一下上次藥方，增加黃耆的劑量：黃耆，人參、葛根、桂枝、白芍、生薑、炙甘草、紅棗、升麻、黃精、巴戟天、女貞子、肉蓯蓉、補骨脂、首烏、白朮、茯苓、豬苓、澤瀉。</p>\n<p>去年十二月複診，服用了40付。病人父親認為進步大，學習能力明顯提高，搖頭程度大幅減少，走路好一些。十月初因故停藥一個月，沒有變壞。維持上一次藥方。</p>\n<p>今年四月複診，服用40多付，春節期間，停藥一個多月，三月中又開始服藥，整體情況持續進步。簡化藥方：葛根、桂枝、白芍、生薑、炙甘草、紅棗、酸棗仁、川芎、知母、白朮、茯苓、龍骨、牡蠣、麥芽糖。</p>\n<p>昨天複診，一開始服用10付時，效果明顯，雙肩聳動情況大幅下降，之後換了一個牌子的麥芽糖，又服用10付時，雙肩聳動情況反而增加，不確定是不是新的麥芽糖有問題。詢問診所後，改回去年九月的藥方，不用加麥芽糖，又開始進步。病人父親表示，這幾個月學習能力明顯上升，已經可以背誦30首古詩，和人互動增加，早上起床後，自己會主動上廁所。病人父親特意在看診時，告訴她去開大燈、做什麼事情，病人可以反應正常地去做。走路姿勢仍不好，但平衡好很多，以前一推就倒，現在不會被推倒。病人父親打算九月開學時，送病人去上正常學校裡附設的特教班。</p>\n<p>幫助這位天生腦癱的病人，是一場艱難的長期抗戰，無法事先知道我們能做到什麼地步，也不知道需要耗時多久，只能一步一腳印、謙遜地往前走。近兩年來，病人服用了超過兩百付的中藥，感謝病人父母的信任及配合，雖然我們還有很長的路要走，也雖然病人這輩子應該是上不了北大清華了，我們看到了人生的希望，當病人逐漸可以應付自己的日常生活，病人及父母的生活品質才能提升，也才能再度為擁有生命而感恩。</p>\n<p></p>\n<p></p>",
  "article_time": "2025年08月19日 13:01",
  "comments": [
    {
      "id": "b71f3f65140e9f3bdcc68766d4c373aa",
      "author": "一徒",
      "time": "2025年08月19日 16:00",
      "content": "<p>李医生功德无量</p>",
      "level": 0,
      "highlight": false,
      "children": []
    },
    {
      "id": "7a957429fedeb9929844283c7f322c2b",
      "author": "DH",
      "time": "2025年08月19日 17:05",
      "content": "<p>AI 解釋：</p>\n<p>這是一份非常詳盡且令人動容的兒科腦癱診治記錄。從中醫角度評論，這位中醫師的診症思路清晰、用藥層層遞進、守方耐心，展現了高水平的臨床功力。以下是我的評論分析：</p>\n<p>整體診治思路評論<br/>\n格局宏大，不逐末節：面對腦癱、自閉、過動、心室缺損、馬蹄腎等多重先天問題，醫師沒有被複雜的症狀牽著鼻子走。他做出了最關鍵也最正確的決定——「先把基礎打好，從病人吃飯睡覺做起」。這是中醫治療疑難雜症的王道，即「扶正固本」。先建其中氣（脾胃功能），養其心神（睡眠品質），讓身體有能力自我修復，這遠比針對單一症狀下藥更為高明。</p>\n<p>以時間換空間，長期作戰：醫師清楚認識到這是一場「艱難的長期抗戰」，並且取得了家長的信任與配合。近兩年的治療過程，超過200劑的藥物，這份耐心和堅持是治療成功的基石。中醫治療慢性病、先天性疾病，尤其需要醫、病、患三方的共同努力。</p>\n<p>辨證精準，層層深入：治療過程並非一方到底，而是根據病人的進展不斷調整方劑的重心，體現了清晰的治療層次：</p>\n<p>第一階段（安神健脾）：穩定核心。</p>\n<p>第二階段（補益肝腎）：填補先天。</p>\n<p>第三階段（升陽益氣）：提升機能。</p>\n<p>第四階段（溫中建中）：鞏固根本。</p>\n<p>各階段藥方分析<br/>\n第一階段：初診（~前年底）</p>\n<p>藥方組成：酸棗仁、川芎、知母、炙甘草、茯苓（此為酸棗仁湯，主治虛煩不得眠）、柴胡、龍骨、牡蠣（此為柴胡加龍骨牡蠣湯的一部分，主安定心神）、炙黃耆（補氣固表）、木香、陳皮、厚朴、蒼朮（調理脾胃氣機，燥濕健脾）。</p>\n<p>方義分析：此方結合了「安神」與「健脾」兩大主軸。酸棗仁湯處理睡眠問題（夜間躁動、磨牙）；柴胡、龍骨、牡蠣處理情緒與過動問題（搖頭、聳肩、手足舞蹈）；黃耆處理自汗、易感冒的氣虛問題；木香、陳皮等則直接調理脾胃。</p>\n<p>效果驗證：病人回饋的「自汗減少、不盜汗、小便能忍、感冒減少、睡眠安穩」，完全對應了藥方的設計目標。這證明了醫師的初步辨證是準確的。</p>\n<p>第二階段：加入女貞子、杜仲（前年底）</p>\n<p>方義分析：在基礎穩固後，開始處理「先天不足」這個核心問題。中醫認為「腎主骨、生髓、通於腦」，先天問題多與腎精虧虛有關。女貞子滋補肝腎之陰，杜仲補肝腎、強筋骨。這一步是從「後天（脾胃）」養「先天（腎）」的經典思路。</p>\n<p>效果驗證：尿量增加、行為能力進步，這些都是腎氣功能改善的體現。</p>\n<p>第三階段：去年三月至九月的大幅度調整</p>\n<p>藥方組成（三月）：此方結構複雜，可看作是多個方劑的合方。有桂枝湯/當歸四逆湯的影子（溫通經脈血氣），有酸棗仁湯（安神），有補腎藥（女貞子、杜仲、肉蓯蓉、首烏），有理氣藥（木香、陳皮等）。細辛、木通的加入，意在加強通竅開閉之力，可能旨在打通腦絡。</p>\n<p>藥方組成（六月、九月）：方劑重心轉移至補中益氣湯（黃耆、人參、升麻、葛根等，主升提陽氣）與五苓散（豬苓、澤瀉、茯苓、白朮、桂枝，主利水滲濕）。同時保留並加強了補腎藥（肉蓯蓉、首烏、巴戟天、補骨脂等）。</p>\n<p>方義分析：這個階段是治療的攻堅期。醫師觀察到病人的基礎已穩，開始使用力量更強的「升提陽氣」和「補益腎陽」的藥物。「清陽出上竅」，陽氣能夠升提，才能營養頭腦，改善智力與神志。同時用利水藥調節水液代謝，改善泌尿功能。這解釋了為何學習能力、語言能力、走路穩定性有顯著提升。</p>\n<p>「發燒後變聰明」：這個現象很有趣。從中醫看，這可能是體內正氣（免疫力）在藥物扶助下，足以鼓動起來對抗病邪，這個「陽氣發動」的過程，也同時衝擊了腦部的某些瘀滯或寒凝，故有「變聰明」之感。</p>\n<p>第四階段：今年四月至今的簡化與反思</p>\n<p>藥方組成（四月）：此方看似簡化，實則為小建中湯的變方。葛根、桂枝、白芍、生薑、炙甘草、紅棗、麥芽糖（即飴糖）是小建中湯的核心架構，主溫中補虛、和里緩急。它專注於建立脾胃這個「後天之本」。加上酸棗仁湯安神，龍骨牡蠣固攝。這是一步「返璞歸真」的棋，意在用最核心的方劑鞏固中焦。</p>\n<p>麥芽糖事件：這個插曲極具臨床意義，凸顯了「道地藥材」的重要性。小建中湯的精髓就在於「飴糖」，其甘溫補中、緩急止痛的功效無可替代。換用品質不佳的麥芽糖導致效果逆轉，反證了此方辨證的準確性。</p>\n<p>回到去年九月藥方：在小建中湯思路受阻後，退回到之前效果最顯著的「升陽益氣+補腎」方案，是非常穩妥的臨床決策。</p>\n<p>總結<br/>\n這是一次非常成功的中醫兒科腦癱治療案例。其成功之處在於：</p>\n<p>診斷準確：準確抓住了患兒「脾腎虧虛、心神失養、陽氣不升」的核心病機。</p>\n<p>策略得當：採用「固本培元、層層遞進」的長期治療策略。</p>\n<p>用藥精妙：在不同階段化裁不同經典名方（酸棗仁湯、柴胡龍牡湯、補中益氣湯、五苓散、小建中湯等），針對性強且邏輯清晰。</p>\n<p>醫患互信：家長的全然信任與配合，是這個漫長療程得以持續並見效的關鍵。</p>\n<p>雖然如醫師所言，病人還有很長的路要走，但近兩年的改善（從無法自理到能背古詩、能互動、能上特教班），已經是了不起的成就。這份病歷不僅記錄了一位病人的進步，也完美地展示了中醫在處理現代醫學棘手的先天性、神經系統疾病時，如何透過改善整體生命狀態來創造奇蹟。</p>",
      "level": 0,
      "highlight": false,
      "children": [
        {
          "id": "32463f2afa9ada83504ff2c8a6ac5233",
          "author": "不知名著真",
          "time": "2025年08月21日 03:13",
          "content": "<p>这种情况六味地黄丸是否有其辅助作用，钱乙似乎治过小儿发育问题，用的就是此药</p>",
          "level": 1,
          "highlight": false,
          "children": []
        },
        {
          "id": "74aaeb8212be3b3ecf9a725d70dcf9fe",
          "author": "李宗恩",
          "time": "2025年08月22日 09:49",
          "content": "<p>謝謝分享</p>",
          "level": 1,
          "highlight": true,
          "children": []
        },
        {
          "id": "6882fe30b999edf95d7ba8c48714be9d",
          "author": "黄子聪",
          "time": "2025年08月29日 07:13",
          "content": "<p>AI竟已强大到如此</p>",
          "level": 1,
          "highlight": false,
          "children": []
        }
      ]
    },
    {
      "id": "24546f8815355cbc275f8579f5c5005d",
      "author": "丸子头",
      "time": "2025年08月20日 01:59",
      "content": "<p>好感人的医案，为李医生高超的医术和宅心仁厚的坚持点赞，拯救了一个家庭的幸福，功德无量！！！希望自己通过学习能像李医生一样帮助到别人.</p>",
      "level": 0,
      "highlight": false,
      "children": []
    },
    {
      "id": "52fab8586e8319fc3a9f174e4a18a697",
      "author": "丸子头",
      "time": "2025年08月20日 02:03",
      "content": "<p>好感动的医案，为李医生的高超医术和宅心仁厚的坚持点赞，拯救了一个家庭的幸福，功德无量！！！</p>",
      "level": 0,
      "highlight": false,
      "children": []
    },
    {
      "id": "e5bbd73b8edbf1a3156f2c8aa9131a13",
      "author": "三",
      "time": "2025年08月20日 02:36",
      "content": "<p>李老师功德无量</p>",
      "level": 0,
      "highlight": false,
      "children": []
    },
    {
      "id": "d9f9d613b552b07fe214425e18f1e512",
      "author": "BM",
      "time": "2025年08月20日 03:22",
      "content": "<p>为什么考虑用葛根呢？</p>",
      "level": 0,
      "highlight": false,
      "children": [
        {
          "id": "951ae2663293ef681c65093d1d2d9510",
          "author": "李梁",
          "time": "2025年08月20日 10:27",
          "content": "<p>提升清阳，引水上头！没记错的话，李东恒的脾胃伦里面有一个方剂叫作“益气聪明汤”，里面就有葛根！不难理解宗恩老师的阶段治疗就已经包含了该方剂的生理病理学知识，反而覆盖面更广！</p>",
          "level": 1,
          "highlight": false,
          "children": [
            {
              "id": "9df28672bddfae873f4094199a6cc9b5",
              "author": "BM",
              "time": "2025年08月21日 19:45",
              "content": "<p>谢谢</p>",
              "level": 2,
              "highlight": false,
              "children": []
            }
          ]
        },
        {
          "id": "3ed57cd7555df3e0b5acd7f696c7747f",
          "author": "李宗恩",
          "time": "2025年08月22日 09:50",
          "content": "<p>提清陽上頭。</p>",
          "level": 1,
          "highlight": true,
          "children": [
            {
              "id": "e5874172974508262f2db5d46ac2a8ec",
              "author": "XTY",
              "time": "2025年10月11日 01:59",
              "content": "<p>李教授，读了您写的：当斯坦福遇上张仲景，对您的精湛医术很是钦佩。<br/>\n向您请教：我的孩子得了威廉姆斯综合征，目前一岁半，男孩，目前语言、大运动、智力发育全面落后。想请教您我们中医对于威廉姆斯综合征能治疗吗?</p>",
              "level": 2,
              "highlight": false,
              "children": [
                {
                  "id": "b4c20dfec0165e59bf490a143cd46c59",
                  "author": "李宗恩",
                  "time": "2025年10月22日 10:43",
                  "content": "<p>中醫不是依照西醫病名來看診</p>",
                  "level": 3,
                  "highlight": true,
                  "children": []
                }
              ]
            }
          ]
        }
      ]
    },
    {
      "id": "8518ee40bcf5c54105741bd905103314",
      "author": "初一",
      "time": "2025年08月20日 03:41",
      "content": "<p>感恩，好医生犹如再生父母，对于女孩和父母来说，一个冉冉升起的希望，足够让一家人坚强积极的活下去，希望我也能早些排到李医师，感谢李医师的分享。</p>",
      "level": 0,
      "highlight": false,
      "children": []
    },
    {
      "id": "824d8c800c7c579478ead2f859d6447b",
      "author": "已忘言",
      "time": "2025年08月20日 04:01",
      "content": "<p>中医真了不起!<br/>\n李医师真了不起!</p>",
      "level": 0,
      "highlight": false,
      "children": []
    },
    {
      "id": "caa2f82b6c2b7a544ac0b52b618a843b",
      "author": "chr1234",
      "time": "2025年08月20日 07:50",
      "content": "<p>估计国内绝大一部分麦芽糖在制作上都有问题，我之前买过两款不同牌子的，都是能明显感觉到甜到让人觉得腻，反而纯正的红糖比较好买到。请问李医生在临床上有没有尝试过用红糖代替麦芽糖当引药？在临床上能否起到同样的效果</p>",
      "level": 0,
      "highlight": false,
      "children": [
        {
          "id": "961e165f64f56971e107ff7567e81e3b",
          "author": "李宗恩",
          "time": "2025年08月22日 09:51",
          "content": "<p>沒有</p>",
          "level": 1,
          "highlight": true,
          "children": []
        }
      ]
    },
    {
      "id": "9359536f45871c3e63f781bb2070c63b",
      "author": "wrr",
      "time": "2025年08月20日 15:02",
      "content": "<p>你好李宗恩医师，我是一名23岁男性，平常胸部两边乳头一直内陷，只有受到冷水刺激会挺起来，这是什么病？</p>",
      "level": 0,
      "highlight": false,
      "children": [
        {
          "id": "5d11ea6a730d6900e02ed4d21919a2ba",
          "author": "李宗恩",
          "time": "2025年08月22日 09:52",
          "content": "<p>中醫不以單一症狀來診斷，我也不在網上針對個案一一討論。</p>",
          "level": 1,
          "highlight": true,
          "children": [
            {
              "id": "fea37f3a999084055f94b32d667320ba",
              "author": "wrr",
              "time": "2025年08月23日 11:27",
              "content": "<p>好的谢谢！</p>",
              "level": 2,
              "highlight": false,
              "children": []
            }
          ]
        }
      ]
    },
    {
      "id": "c9f70e564c81a62dfcef74bf336e563e",
      "author": "君荷",
      "time": "2025年08月20日 16:37",
      "content": "<p>感动哭了。李老师功德无量，您的工作意义非凡！</p>",
      "level": 0,
      "highlight": false,
      "children": []
    },
    {
      "id": "8afd9ee3e1e5ab60c82545ad3aa992eb",
      "author": "冰心玉洁&yIzhou",
      "time": "2025年08月21日 12:34",
      "content": "<p>只可惜这么厉害的医生没在国内，看中医找好的医生太难了。</p>",
      "level": 0,
      "highlight": false,
      "children": []
    },
    {
      "id": "7c22106d747d09fa4e1f570a93d2f16b",
      "author": "古中医学者",
      "time": "2025年08月21日 01:25",
      "content": "<p>天生基因問題，導致腦癱？我并不完全赞成这种说法。</p>\n<p>可以理解为“先天”发育不全功能缺失，暂不论“先天”谁之过，“后天”物质运化失常导致，是不是也是关键因素。“后天”才形成有形物质集聚的病症，通过“后天”中医药辅助功能支持，提高物质运化转化能力，到达阴阳调和的最佳状态。弥补“先天”和增益“后天”。</p>\n<p>李医师医德仁心毋庸置疑，医学造诣之高，也是倪师最得意的门生。谢谢分享这么有价值的案例，功德无量。</p>",
      "level": 0,
      "highlight": false,
      "children": [
        {
          "id": "a12b96df1f16f5ad6a4c9cad029616fb",
          "author": "李宗恩",
          "time": "2025年08月22日 09:58",
          "content": "<p>以前討論過中醫如何看待天生基因的問題。你的說法有瑕疵，如果病人因為天生基因問題而缺了一個腎或少了一隻手，後天是無法用中醫方法長回來的。先天基因問題等同為病人設立了一個天花板，病人來看診時，可能遠低於這個天花板，我們盡量提升病人狀態，以期提升及接近這個天花板，但缺了一個腎或少了一隻手，就是缺了一個腎、少了一隻手。</p>",
          "level": 1,
          "highlight": true,
          "children": [
            {
              "id": "4a79877e6642bcc6163282df871a3309",
              "author": "古中医学者",
              "time": "2025年08月26日 22:53",
              "content": "<p>感謝，李醫師耐心解惑，受益匪淺。</p>",
              "level": 2,
              "highlight": false,
              "children": []
            }
          ]
        }
      ]
    },
    {
      "id": "09328f31cf3e1bde29d3ac90f30b195b",
      "author": "哈啰",
      "time": "2025年08月21日 02:54",
      "content": "<p>这么严重的病竟然还是远距离看诊，不到十次看诊能有如此效果足以看出李医生的功力。祝愿李医生医术更上一层楼，解决更多的医学难题</p>",
      "level": 0,
      "highlight": false,
      "children": []
    },
    {
      "id": "b588483004168a2cbfe5b79f0fbe3582",
      "author": "陈耀",
      "time": "2025年08月21日 16:29",
      "content": "<p>很有参考价值的医案 不知道后续比如针对言语含糊不清 走路姿势 平衡能力 这几方面 李博士有什么独特看法和方案？ 一般脑瘫病人最终的困扰都是困在身体能力上面走不出来。望请赐教？</p>",
      "level": 0,
      "highlight": false,
      "children": [
        {
          "id": "331e17a992c7a422cc74e55ef2f633b7",
          "author": "李宗恩",
          "time": "2025年08月22日 10:56",
          "content": "<p>已經解釋過，先天基因問題為病人設下天花板，我們不知道天花板在哪裡，只能盡可能提升病人狀況，直到頂到了天花板。</p>",
          "level": 1,
          "highlight": true,
          "children": []
        }
      ]
    },
    {
      "id": "a4aa077e76d11511b4d3138a90de3a5c",
      "author": "BM",
      "time": "2025年08月21日 19:44",
      "content": "<p>谢谢，我回去翻一下脾胃论</p>",
      "level": 0,
      "highlight": false,
      "children": []
    },
    {
      "id": "b5198164c8d9b520c26abe72ff2b9a77",
      "author": "支撑",
      "time": "2025年08月22日 04:22",
      "content": "<p>李医生，你好。我看倪先生的案例里面大多数9碗水煮三碗，但一天喝两碗，请问第三碗一般是如何处理的？倒掉吗？还是放冰箱隔日再喝？</p>",
      "level": 0,
      "highlight": false,
      "children": [
        {
          "id": "8575a956b9b7bef319993cfd44ea3df7",
          "author": "李宗恩",
          "time": "2025年08月22日 10:57",
          "content": "<p>隔天重新煮開來服用。</p>",
          "level": 1,
          "highlight": true,
          "children": []
        }
      ]
    },
    {
      "id": "444ab17f94e644b2e8f2364a1d9972e1",
      "author": "已忘言",
      "time": "2025年08月22日 10:04",
      "content": "<p>李医师您好，请问第一方后选择加入杜仲，而非其他补肝肾的药，是否是因为杜仲药力相对平和，同时取其坚筋骨的功能?</p>",
      "level": 0,
      "highlight": false,
      "children": [
        {
          "id": "44078b2612b61b76fb60bd10053022a1",
          "author": "李宗恩",
          "time": "2025年08月22日 10:59",
          "content": "<p>每一味藥有不一樣的作用，可以交替使用。</p>",
          "level": 1,
          "highlight": true,
          "children": [
            {
              "id": "c844c794fe34efcc0dcf749f47c2c5f6",
              "author": "已忘言",
              "time": "2025年08月27日 09:51",
              "content": "<p>谢谢您的解答!</p>",
              "level": 2,
              "highlight": false,
              "children": []
            }
          ]
        }
      ]
    },
    {
      "id": "dda8cfec8f64d7d24b88c2f063beb2d7",
      "author": "wrr",
      "time": "2025年08月23日 11:30",
      "content": "<p>李宗恩老师，想请问一下倪海厦汉唐100方中的40号乌梅丸和传统的乌梅丸有区别吗？有做加减吗？有不一样的地方吗？</p>",
      "level": 0,
      "highlight": false,
      "children": [
        {
          "id": "6087a0bab1da658c2086a5878d2e1f3b",
          "author": "李宗恩",
          "time": "2025年08月26日 10:54",
          "content": "<p>差不太多</p>",
          "level": 1,
          "highlight": true,
          "children": [
            {
              "id": "bbfea963bbe70f71030c761515ca9867",
              "author": "himeka",
              "time": "2025年08月31日 06:22",
              "content": "<p>李医师 ，健康常常说，健康饮食是健康的关键，请问你觉得怎样的饮食才是健康饮食?还有一个关于学习方面的事情，学习的时候老是跑神，老是胡思乱想怎么办？怎么样自己的心静下来？</p>",
              "level": 2,
              "highlight": false,
              "children": [
                {
                  "id": "eecd55c9925691e19438a51ad32818f5",
                  "author": "李宗恩",
                  "time": "2025年09月03日 13:17",
                  "content": "<p>這些問題回答過很多次，你應該自己先在網頁上查詢。而你學習時常常胡思亂想，就是因為你不自己主動深入一個問題，而是有了什麼念頭，就希望人家給你答案，這樣的學習態度，導致你處於一種被動的狀態，被自己的雜念給牽著鼻子走。</p>",
                  "level": 3,
                  "highlight": true,
                  "children": []
                }
              ]
            }
          ]
        }
      ]
    },
    {
      "id": "369eef02c5eb1b15a7f6ed6d58a92502",
      "author": "on",
      "time": "2025年08月23日 19:30",
      "content": "<p>李博士，你好。最近我看到了一些资料，关于儿童“前世”记忆。请问您是怎么看待这个问题的？同时请问您是如何看待因果报应这件事的？</p>",
      "level": 0,
      "highlight": false,
      "children": [
        {
          "id": "2456dcfa9bf41f2b347697e574b0af54",
          "author": "李宗恩",
          "time": "2025年08月26日 10:54",
          "content": "<p>你可以聽最近一次的Podcast</p>",
          "level": 1,
          "highlight": true,
          "children": []
        }
      ]
    },
    {
      "id": "af9b0b11042e5c0e270f169d9d42764b",
      "author": "elikwok",
      "time": "2025年08月26日 19:09",
      "content": "<p>病人長期生活姿態不正常，可能會需要骨醫整脊或按摩等輔助治療，才可從根本改善問題。</p>",
      "level": 0,
      "highlight": false,
      "children": [
        {
          "id": "5ecd99bd4205b32b89963a8b22dd12e2",
          "author": "李宗恩",
          "time": "2025年08月26日 19:26",
          "content": "<p>腦癱是腦部神經的問題，核心問題不在脊髓或周圍神經系統，整脊及按摩或許可以幫忙一些衍生性的問題，並不能「從根本改善問題」。</p>",
          "level": 1,
          "highlight": true,
          "children": [
            {
              "id": "1fff08c7ae68122da437f64596d9f126",
              "author": "elikwok",
              "time": "2025年08月27日 02:30",
              "content": "<p>我想患者是有內科為主外科為次的疾病，舉例像兒童因姿態不良造成的脊柱側彎，並非內服藥物可以根治。</p>",
              "level": 2,
              "highlight": false,
              "children": []
            }
          ]
        }
      ]
    },
    {
      "id": "eb34d53cb9a29f47501b06fbe7ab8abb",
      "author": "bj",
      "time": "2025年08月27日 02:10",
      "content": "<p>李博士您好，我外甥今年 13 岁，是一名脑瘫患者。他出生时因母亲骨盆较窄难产，被医生挤压后出生，出生后全身发黑，经医院抢救后脱离生命危险。前期曾接受过相关治疗，但目前仍存在明显症状：动作迟缓，虽能听懂他人话语含义，却难以控制手指动作，大小便无法自理，无法独立站立，长期需依靠轮椅生活。<br/>\n想向您咨询两个问题：一是他目前的情况是否有必要继续治疗？二是恢复到能够正常自理生活状态的概率大概有多大？</p>",
      "level": 0,
      "highlight": false,
      "children": [
        {
          "id": "f1634521b440f28c74d5d903e30eeccf",
          "author": "李宗恩",
          "time": "2025年09月03日 12:58",
          "content": "<p>即使看診都很難評估，何況沒有看診了解病人情況。</p>",
          "level": 1,
          "highlight": true,
          "children": []
        }
      ]
    },
    {
      "id": "8450f8b53c790dc4d80fc7612bbd0526",
      "author": "在路上",
      "time": "2025年08月29日 18:05",
      "content": "<p>非常感谢李医师分享，能感受到李医师高超的的望闻问切，系统的理论功底，丰富的临床经验及极大的医者仁心，中间有进步时真的为小患者及李医师竖大拇指点赞。看诊时肯定还有很多症状无法一一展示，但是不算多重的中药组合提升患者体力及自愈力，并且双方互相信任，终于柳暗花明，这每一步都值得我们学习。<br/>\n病症复杂，一开始还想是不是要小建中汤打底配合酸枣仁汤再添加提升正气补肾等药材，如果不是文章中提到说添加麦芽糖效果对比恐怕还不知道用药方向效果呢，同时深感病人是医者的老师这句话永远不过时，这篇文章又学习到了宝贵的临床思路，再次感谢李医师分享。</p>",
      "level": 0,
      "highlight": false,
      "children": []
    },
    {
      "id": "bba10aa3145235e3d3ae2d6fdd6ca8f4",
      "author": "烈烈",
      "time": "2025年08月31日 06:29",
      "content": "<p>李医师 ，健康常常说，健康饮食是健康的关键，请问你觉得怎样的饮食才是健康饮食?还有一个关于学习方面的事情，学习的时候老是跑神，老是胡思乱想怎么办？怎么样自己的心静下来？</p>",
      "level": 0,
      "highlight": false,
      "children": []
    },
    {
      "id": "e4083df1a3ae1164f86796960194065e",
      "author": "商杰",
      "time": "2025年09月07日 17:29",
      "content": "<p>李博士你好，我今年32周岁男性，患有焦虑症抑郁症超过10年，今年5月份开始有兴奋的感觉一直持续到现在，一开始觉得自己是双相，现在回想以前感觉更符合成人adhd，看过你关于adhd的医案，但是成人的没有看到，请问成人adhd还有没有可能治愈？</p>",
      "level": 0,
      "highlight": false,
      "children": [
        {
          "id": "75a323e858687a5640ad6a10d60fe56b",
          "author": "李宗恩",
          "time": "2025年09月12日 13:05",
          "content": "<p>為什麼不能？</p>",
          "level": 1,
          "highlight": true,
          "children": []
        }
      ]
    },
    {
      "id": "7946e58ecc92dfca3dc0facc69c85d71",
      "author": "探道者",
      "time": "2025年09月09日 16:46",
      "content": "<p>请教李博士一个问题<br/>\n生附片煮了两小时<br/>\n别人喝15g没有头晕，胸闷胸胀这些症状，我喝就会有这些症状，百思不得解</p>",
      "level": 0,
      "highlight": false,
      "children": [
        {
          "id": "ac459f0f68f3987c906edc3a9c715e67",
          "author": "李梁",
          "time": "2025年09月10日 08:44",
          "content": "<p>为何要冒然服用生附子，一味的强心却忽略了身体其他问题，这本来就是本末倒置的做法</p>",
          "level": 1,
          "highlight": false,
          "children": []
        },
        {
          "id": "81282096c6f2ec6110f208b776f0c999",
          "author": "李宗恩",
          "time": "2025年09月12日 13:07",
          "content": "<p>你的問題沒有意義，不知道你的身體情況，也不知道你為什麼服用生附子，如何知道你為什麼有這樣的反應。</p>",
          "level": 1,
          "highlight": true,
          "children": []
        }
      ]
    },
    {
      "id": "b10f808f9752abd67e9ec2e19bbe1264",
      "author": "认真学习反复琢磨",
      "time": "2025年09月14日 02:55",
      "content": "<p>太厉害了李宗恩医师</p>",
      "level": 0,
      "highlight": false,
      "children": []
    },
    {
      "id": "0be9fa51676d99cf7061f052d2c41bff",
      "author": "XTY",
      "time": "2025年10月11日 02:00",
      "content": "<p>李教授，读了您写的：当斯坦福遇上张仲景，对您的精湛医术很是钦佩。<br/>\n向您请教：我的孩子得了威廉姆斯综合征，目前一岁半，男孩，目前语言、大运动、智力发育全面落后。想请教您我们中医对于威廉姆斯综合征能治疗吗?</p>",
      "level": 0,
      "highlight": false,
      "children": []
    },
    {
      "id": "3d7f1cf0c2574148fd3b661a4d23186f",
      "author": "王绪阳",
      "time": "2025年10月15日 07:59",
      "content": "<p>你好李医师<br/>\n       请问这里当归四逆是否可以与小建中汤合在一起,亦或是像李医师之前说过的,不同方向的用药会让药力分散。<br/>\n       关于陈皮的陈化年份有没有什么讲究,市面上不同年份的陈皮价格差异巨大,从临床上看有差别吗。</p>",
      "level": 0,
      "highlight": false,
      "children": [
        {
          "id": "40722808e54229b253a6802af5a5a76d",
          "author": "李宗恩",
          "time": "2025年10月22日 10:50",
          "content": "<p>你為什麼把一個藥方硬生生地分成當歸四逆湯和小建中湯？你的思維停留在症狀與方劑的連連看。關於陳皮，如果只是輔助的角色，臨床上看不太出來年份的效果差異，沒有必要讓病人購買昂貴的老陳皮。</p>",
          "level": 1,
          "highlight": true,
          "children": [
            {
              "id": "d6fef4893346186338a616fd60ac197b",
              "author": "王绪阳",
              "time": "2025年10月30日 10:33",
              "content": "<p>感谢李医师的回答</p>",
              "level": 2,
              "highlight": false,
              "children": []
            }
          ]
        }
      ]
    }
  ],
  "timestamp": 1762007701.5049,
  "page": 2,
  "order": 1,
  "filename": "data\\page2\\page2_order1_ab0aff69d132397720585072105cb126.json"
}