{
  "article_url": "https://andylee.pro/wp/?p=3208",
  "title": "FM 96.1 : 應邀第五屆國際經方研修班演講後的反思",
  "content": "<!--[if lt IE 9]><script>document.createElement('audio');</script><![endif]-->\n<audio class=\"wp-audio-shortcode\" controls=\"controls\" id=\"audio-3208-1\" preload=\"none\" style=\"width: 100%;\"><source src=\"https://andylee.pro/wp/wp-content/uploads/2015/11/dr_case_20151020_507-545pm_33m42s_converted.mp3?_=1\" type=\"audio/mpeg\"/><a href=\"https://andylee.pro/wp/wp-content/uploads/2015/11/dr_case_20151020_507-545pm_33m42s_converted.mp3\">https://andylee.pro/wp/wp-content/uploads/2015/11/dr_case_20151020_507-545pm_33m42s_converted.mp3</a></audio>\n<p>今年受邀於廣州中醫藥大學國際經方研修班演講，這次的會議是中醫領域一大盛事，今年舉辦在重慶的三甲中醫院，此次演講邀請了國內外中醫人士，國醫大師唐祖宣，仝小林、門九章，思考中醫作者劉力紅，黃煌教授，等二十二位，感到很榮幸的是，我是唯一來自非亞洲地區的中醫師，以＂現代經方實驗錄＂為主題做為我此次的演講，甚至有些人慕名倪海廈老師前來，演講結束後受到的反饋很多，也沒有讓在場的人失望，更沒有讓先師　＂倪  海廈老師　＂蒙羞。</p>\n<p>這次大會安排了兩次的＂查房　＂，即是邀請專科專家勘查住院病房，當中包含許多癌末的病患，當然也安排了看診的過程，與院內的主治醫師、住院醫師討論交流診斷的想法，當中令他們驚訝的是，看診過程中我完全藉由中醫的看診方式來診斷病患，相對的中國現代採取中西合併的看診方式，透過高科技的儀器得到檢驗報告數據以及病名，再針對病名對應中藥的使用，採取了西醫的診病思維，甚至病例上的書寫方式也與正規的中醫大大不同，更別說是針、藥合併了，臨床上使用西藥來緩解病患的疼痛，更造成了許多副作用，例如：環跳穴的下針，配合著補瀉的手法可加強病患的氣血，需要使用長針下針才能達到穴位，這才發現整棟醫院沒有長針針具，只好由行囊中找出自備的長針，為這位病患下針後他明顯感到舒緩。透過查房的過程中觀察到，中國等級最高的三甲醫院，中醫看診用藥、治療方式已經與傳統中醫相差甚遠，當然這當中的演變也與國家、醫院的政策有著關聯而有所限制。</p>\n<p>這次演講內容提到了案例，包括，腦膜瘤、急性闌尾炎、癲癇等病例，令他們感到驚訝急性闌尾炎一般送往西醫急診，竟然藉由中醫的方式來治療，甚至癲癇、肺炎在臨床上我使用傳統中醫的辯證論治方式治療，令他們覺得驚訝中醫古籍竟然可以辦到。現代中醫的思維模式逐漸被西醫取代，西醫的基礎知識是需要學習，但中醫的辯證論治方式是西醫不能取代的，許多中醫院學生在學習過程中被引導至非正統中醫的道路，是很可惜的，現在反觀自己中醫的道路雖然十餘年，幸運的經過正統中醫的訓練，也傳承並學習　倪　師的教導，在學習中醫這條路上少了許多步伐，當然自我的堅持也是很重要，學習過程中切勿心猿意馬。</p>\n<p><strong>（語音檔案由FM96.1電台提供，文章摘錄自語音檔案內容，部分文字略有異同，敬請見諒。）</strong></p>",
  "article_time": "2015年10月20日 16:21",
  "comments": [
    {
      "id": "92af360b0729aa3a4f0a69449763a06b",
      "author": "送你座帆船",
      "time": "2024年10月18日 11:30",
      "content": "<p>实在很可惜，10年前是这样10年后依旧是这样，工作时主任问我不信腰痛你扎腿能好、这是你的中医这类话听的屡见不鲜了。</p>",
      "level": 0,
      "highlight": false,
      "children": [
        {
          "id": "60a1c812140844d6c8f4d130b5e196b2",
          "author": "田倩",
          "time": "2025年09月19日 02:56",
          "content": "<p>是，10年后依旧是这样。</p>",
          "level": 1,
          "highlight": false,
          "children": []
        }
      ]
    }
  ],
  "page": 51,
  "order": 10,
  "filename": "data\\page51\\page51_order9_b2bafd59190e89b7ac56ad64188ce13d.json",
  "timestamp": 1760673943.8956647
}