{
  "article_url": "https://andylee.pro/wp/?p=5140",
  "title": "經痛、月經不調 – 養兒育女必須知道的21件中醫知識（12）",
  "content": "<p>少女們到了青春期，開始有月經，卻不一定好意思和媽媽阿姨們討論月經的問題，而很多媽媽阿姨們也對醫學不夠了解，只能把報章雜誌看來的東西轉述給懵懵懂懂的少女們，要爸爸們和女兒討論月經的問題，那就更困難了。</p>\n<p>在討論月經常見的問題前，我們得先了解中醫生理學對月經運作的解釋。中醫認為，女人七年一個階段，到了虛歲十四歲時，「二七，而天葵至，任脈通，太沖脈盛，月事以時下，故有子」，也就是青春期開始有月經。而到了虛歲四十九歲時，「七七，任脈虛，太沖脈衰少，天葵竭，地道不通，故行壞而無子也」，也就是進入了更年期，月經逐漸停止。</p>\n<p>依據中醫的生理學，在28天正常月經的週期裡，乳汁漸漸充盈，乳房漸漸漲大，到了現代醫學說的排卵期左右，心陽把乳汁往下推行，沿著衝脈、任脈、足陽明胃經推到子宮，子宮有肝血的支持，又受熱於小腸，將乳汁轉化為經血，累積到一個階段後開始排出體外，也就是月經。月經排盡後，這個乳汁充盈而下行的過程又再度開始，而形成了正常月經28天的循環週期。</p>\n<p>為什麼會有經痛、月經不調等等月經的問題呢？當然也就是上述的循環週期無法順利運行。譬如，痛是因為壓力的產生，乳汁下行的過程中受到了阻力，就會產生痛感。如果乳房有以前的乳汁殘留，或者有什麼病變，乳汁充盈下行時，乳房會有異常的脹痛，甚至摸得出硬塊，月經來了又消掉。如果下腹寒濕重，或者有血瘀阻塞，乳汁到達子宮時會受到阻礙，而導致下腹部位的月經痛，這個疼痛可以嚴重到在地上打滾。而不論是在乳房還是下腹受到阻力，心火都有可能反逆，沿著足陽明胃經到臉部，使得一些女孩子在月經來前發許多青春痘，特別是兩顴及下巴的部位，而月經來了以後又消掉不少。</p>\n<p>月經延遲，三十幾天四十幾天，甚至好幾個月才來一次月經，又是為什麼？除了特殊情況如腫瘤等，月經延遲是因為上述循環週期的條件不良，譬如心陽不足、中間有阻礙、肝血不足、小腸不夠熱等等，導致整個循環拖長許多。那麼月經提前，不到25天就來，是不是循環週期的條件太好了？這倒不是，少部分病人是下腹偏熱以外，大部分病人都是脾氣虛、中氣下陷，好像本來水庫蓄水到某個水量才洩洪，現在虛掉了，無法維持這個蓄水需要的能量，而導致水庫蓄水不到標準就控制不住而洩洪了。而月經一下提前、一下延後，是為什麼？這就複雜一些，通常和肝臟有關，肝鬱、肝血不足等肝臟的問題，可以導致經期混亂，另外，如果少腹寒濕重，可能導致現代醫學的卵巢病變，而因為左右卵巢是交替的排卵，也會造成某種程度的經期混亂。</p>\n<p>當家裡青春期的女兒遇到經痛、月經不調等問題的時候，最好是找個中醫師仔細看診治療，而不是因為自己年輕時也經痛、經期不規律，就覺得那是青少女不可避免的，只能靠止痛藥、避孕藥來撐過去。</p>\n<p>然而，自己不難檢視一下，到底是哪個環節造成的問題，譬如每天喝冷飲、珍珠奶茶，吃很多生菜沙拉，舌頭上盡是白白的舌苔，代表寒濕重，這樣情況下月經疼痛也不太奇怪。常常熬夜、很晚才睡，整天抓著手機不放，Line、Instagram、微信、抖音看到眼睛都虛了， 稍稍提醒一下，她就很不高興，那麼肝血可能早就不足了。平時手腳冰冷，又不常運動，心陽可能不足了。每次月經來前，臉上就冒出許多青春痘，或者兩顴通紅，心陽反逆的現象已經明顯了。另外，一般而言，青少女不常有乳汁殘留或乳房病變，通常比較少月經前乳房脹痛的現象，不過，這裡說的中醫生理及病理學，對成人一樣適用，三四十歲的女人，如果月經前乳房脹痛明顯，應該儘快找中醫師看診，避免漸漸導致腫瘤或其它問題。</p>\n<p>結論是，中醫治療經痛、月經不調等問題的效果良好，不少婦產科西醫自己、太太、女兒是我的病人，許多西醫治不好的月經問題，在中醫上不難解決。重點是要教育下一代正確的生活習慣，現在許多年輕的女士們，連自己月經上次是哪天來的、月經週期多長都不知道，老一代的「基本常識」就更不用說了。另外，之前我們討論過，一些西醫師們大肆宣傳喝冰水對身體沒有壞處，那麼你可以試一試，自己或太太、女兒月經快來的那幾天喝大量的冰水，看看連續幾個月經週期後，你會不會非常後悔。</p>\n<p> </p>\n<p> </p>",
  "article_time": "2019年03月13日 18:10",
  "comments": [
    {
      "id": "9d8cea1a09d0bb64526bff2c0e76ee55",
      "author": "Daphne",
      "time": "2019年03月13日 21:22",
      "content": "<p>李醫師，您好。請問排卵期出血的病因病機又該如何來看待？謝謝</p>",
      "level": 0,
      "highlight": false,
      "children": []
    },
    {
      "id": "84a936d6aa0226b57db099b1cac6e498",
      "author": "Daphne",
      "time": "2019年03月13日 21:25",
      "content": "<p>李醫師，您好。請教您，小女今年20歲，一直有排卵期出血的問題，想請教島是排卵期出血的病因病機，謝謝。</p>",
      "level": 0,
      "highlight": false,
      "children": [
        {
          "id": "675fe63a015b0b08bfd079e0ce1bcb64",
          "author": "andy",
          "time": "2019年03月14日 08:21",
          "content": "<p>排卵期出血，有許多可能病因，譬如脾氣虛、肝血虛、腎陰虛、血瘀等等，得從望聞問切的各種症狀來判斷，而幾個不同的病因也會互相連結，即使是文章內容解釋的那些現象，也只是簡單說明，在臨床治療上，也得多方考慮。所以，最好的辦法還是找中醫師直接看診，自己吃什麼補什麼，往往沒有辦法真的治癒。</p>",
          "level": 1,
          "highlight": true,
          "children": [
            {
              "id": "6fb457bcc15b81c366b1318128ee8576",
              "author": "Daphne",
              "time": "2019年03月15日 11:16",
              "content": "<p>好的，謝謝您的指教與提醒。</p>",
              "level": 2,
              "highlight": false,
              "children": []
            }
          ]
        }
      ]
    },
    {
      "id": "c9ec4132d4a43fcc15604c78ae837d7a",
      "author": "流浪櫻桃",
      "time": "2019年04月13日 05:33",
      "content": "<p>我痛經已有超過二十五年的歷史，初經就痛得死去活來，隨著年紀增長，情況變得加倍慘烈。在高中時，我的生理期已經列入班級大事。入社會後，甚至路上指揮交通的交警還得在繁忙的公務中，抽空幫忙攔計乘車送我回家。</p>\n<p>但六、七年前，我突然變得不大痛了，而且一次狀況比一次更好。這兩年，甚至已經可以完全不痛了。我一直以為是自己年紀大了，比較了解運動活絡血氣的重要性（但實際上，因為體質虛，容易心悸，我其實是個運動一會兒，就必須休息六天的肉腳）。</p>\n<p>直到去年，我看了伊朗物理科學家凱史（Keshe）博士，在一篇健康教學裡，順口談到女孩子如果有汞牙，那她必然會有經痛的問題。才恍然明白自己過去的病因，以及莫名康復的真正原因：六、七年前，我的牙醫師勸我把汞牙去除，換另一種比較安全的填充物。</p>\n<p>感謝您分享了很多醫案。希望這篇小小的記實，也能稍微幫助到其他人。</p>",
      "level": 0,
      "highlight": false,
      "children": [
        {
          "id": "8c5a713968cf63b5d67aa827b78a0936",
          "author": "andy",
          "time": "2019年04月15日 09:07",
          "content": "<p>謝謝妳告訴我，我去研究一下汞牙對痛經的影響，或許汞成分直接或間接影響了心臟的功能。</p>",
          "level": 1,
          "highlight": true,
          "children": []
        }
      ]
    },
    {
      "id": "10ae1c04eb14e73e4d8aefe528a93e18",
      "author": "宁静",
      "time": "2019年08月27日 01:52",
      "content": "<p>李医师，请教您，我月经不调月月提前23-24天，以前在东北都是30天，因为家庭变故离婚后来到河北就这样，有4年了。而且脸上两个脸颊都是地仓到颊车一带长褐色斑，对称的。月经期间腹痛一般，量和颜色跟原来差不多。<br/>\n还有夏天只要一游泳，鼻子就塞住流清鼻涕。从小睡觉打呼噜。<br/>\n我妈是卵巢癌去世，所以我按照西医来说比别人更多概率会得妇科癌症，但是现在没啥感觉能吃能睡大小便都正常，就是心里总是不踏实，想听听您的意见，我的身体需要调理吗？以后会不会出大问题？</p>",
      "level": 0,
      "highlight": false,
      "children": [
        {
          "id": "13e29d1a6e64308d5f81fb6441b38b65",
          "author": "andy",
          "time": "2019年08月27日 16:30",
          "content": "<p>需要治療，照你的描述，中醫也認為你得婦科癌症的機率比一般人高。</p>",
          "level": 1,
          "highlight": true,
          "children": []
        }
      ]
    },
    {
      "id": "f8a18aeecb113fa126337bb07d011cd7",
      "author": "宁静",
      "time": "2019年08月27日 18:49",
      "content": "<p>啊！中医也这样认为，我才40还有很多事等我做呢，那如何调理呢？是哪出问题导致的呢？我十年前得过结核球右肺大概一厘米左右吃西药钙化了，治好了，跟这有关系吗？我平常作息很规律，就是运动少点。中医就是善于治未病，找西医没用啊，麻烦您分析下，谢谢您！</p>",
      "level": 0,
      "highlight": false,
      "children": [
        {
          "id": "8846925739836680f6a38fdba1acba57",
          "author": "andy",
          "time": "2019年08月28日 09:55",
          "content": "<p>你得去找好的中醫師看診。</p>",
          "level": 1,
          "highlight": true,
          "children": []
        }
      ]
    },
    {
      "id": "764030873113d41a5ca56d272f91f006",
      "author": "笑西子",
      "time": "2021年03月05日 19:56",
      "content": "<p>李老师好，请教您，我自己月经这几年都不正常，4年前因为奶奶癌症住院我在医院陪护，那时候陪护没有床就在地上打地铺，期间来月经了。估计是受凉然后开始月经停了有半年时间，因为特别崇拜倪师，所以坚决没有吃西药。这几年也没有找到特别好的中医师。都是吃药会来，不吃就不来月经。去年开始学习人纪，那时候自己的情况是唇口干燥，经常头疼，容易生气，脚偶尔会觉得凉，就给自己抓了温经汤加了疏肝的药和一味炮附子。然后头是在也不疼了，但是月经第二个月还是40多天没有来我发现乳房突然好多硬块，还挺大的，又喝了5付四物汤加炒麦芽还加了牡蛎和瓦楞子。然后月经就来了没有痛经。第二个月月经很少，这个月30天还没有来，胸部只有一点胀，刚好手里有几盒定坤丹就吃了3天，月经就来了。我真是被这个月经整怕了。现在33岁了还没有孩子，压力很大。老师您可以帮帮我吗？万分感谢</p>",
      "level": 0,
      "highlight": false,
      "children": []
    },
    {
      "id": "c209c5594e04268ad5cbcf3f23a44f55",
      "author": "Alia",
      "time": "2021年04月10日 12:39",
      "content": "<p>李醫師您好，</p>\n<p>想岔個話題請問您中醫會如何解釋雀斑跟蘋果臉（臉頰甚至鼻頭容易紅）呢？<br/>\n根據德國小兒科醫生的說法，蘋果臉是皮膚太乾，用了她開的SanaCutan後有擦有效沒擦沒效，所以我覺得應該是內部問題。<br/>\n又，蘋果臉是否和俗稱的酒糟鼻有所關聯呢？很怕他長大了會變成酒糟鼻</p>\n<p>謝謝</p>",
      "level": 0,
      "highlight": false,
      "children": [
        {
          "id": "64fcc35ad5e635f5f31f31c0140c3d81",
          "author": "李宗恩",
          "time": "2021年04月11日 18:08",
          "content": "<p>中下焦寒濕會導致心火、胃火反逆而上，陰虛導致虛火上行，也會導致兩顴發紅、皮乾。</p>",
          "level": 1,
          "highlight": true,
          "children": []
        }
      ]
    },
    {
      "id": "e4b42e50ab12944668c2c35b818ee1a1",
      "author": "曾宇",
      "time": "2022年09月26日 01:18",
      "content": "<p>李医师您好，看完您这篇分享让我对于月经的形成有了一个非常具体的认识，这是在我们所有目前中医院校教科书上所没有的，真的非常感谢您的无私分享！</p>\n<p>但我任然有一个问题想要请教，在目前中医教科书上很大一部分会把妇科病归咎于腎脏的问题，但在您上述提到的月经形成的过程中很少提及肾脏在其中起到的作用，虽然黄帝内经中有提到天癸至月事以时下，但对于我来说还是太过于抽象，所以我想请教您在月经形成的过程中肾脏起到一个怎么样的生理作用？</p>",
      "level": 0,
      "highlight": false,
      "children": [
        {
          "id": "fff1bbf4a586b5b71c59ef696ca5e1ba",
          "author": "李宗恩",
          "time": "2022年10月04日 10:24",
          "content": "<p>腎臟為先天之本，直接影響人體成長老化的過程，也和月經的形成與結束有很大的關聯。然而，月經的周期運作為文章中的解釋，受到心、肝、中下焦狀況等的影響較大。</p>",
          "level": 1,
          "highlight": true,
          "children": []
        }
      ]
    },
    {
      "id": "98ac14280669088c61fa8da5c01e9fc4",
      "author": "乐乐",
      "time": "2025年03月27日 08:32",
      "content": "<p>李医生，请问如何判断经期时需不需要停药？</p>",
      "level": 0,
      "highlight": false,
      "children": [
        {
          "id": "2ff9c0f79ae53c1f4721801ca044a59b",
          "author": "李宗恩",
          "time": "2025年03月30日 10:02",
          "content": "<p>這得看病人情況決定，一般而言，不影響月經週期及血量等，就不需要停藥，但不代表影響到月經就要停藥，因為那可能就是治療的一部分。</p>",
          "level": 1,
          "highlight": true,
          "children": []
        }
      ]
    }
  ],
  "page": 32,
  "order": 2,
  "filename": "data\\page32\\page32_order1_0517e571c2c8f98ede26a6029ea6b396.json",
  "timestamp": 1744689831.841078
}