{
  "article_url": "https://andylee.pro/wp/?p=5865",
  "title": "FM96.1：50%的癌症患者不是死於癌症？談談醫學界近來最大的話題",
  "content": "<figure class=\"wp-block-audio\"><audio controls=\"\" src=\"https://andylee.pro/wp/wp-content/uploads/2019/06/S-2019031950的癌症患者不是死於癌症？談談醫學界近來最大的話題.mp3\"></audio></figure>\n<p>（語音檔案由FM96.1電台提供，文章摘錄撰寫中，請稍加等待謝謝。）</p>",
  "article_time": "2019年03月19日 11:35",
  "comments": [],
  "page": 33,
  "order": 10,
  "filename": "data\\page33\\page33_order9_0d464a030511aafb237e5a0ee83a1bab.json"
}