{
  "article_url": "https://andylee.pro/wp/?p=5437",
  "title": "嘗試換個方式教中醫",
  "content": "<p>學基礎科學及工程學科的讀者們，大概都很了解學習那些核心課程的方式，無論是古典牛頓力學、量子物理學、電磁學、積體電路學等等，教科書都是先給你幾個「定律」，有些是一段敘述，有些是幾個數學式子。通常，教科書會簡單解釋這些「定律」是什麼意思，給你幾個單純的例子去思考、去理解，接下來就是以這些定律為基礎，依循數學或邏輯的推演，應用到比較複雜的情況。然後，就是一堆練習題和書本最後面附上的答案，讓認真學習的學生多加練習，也讓懶得自己出題目的教授直接拿來做考試的題目。另一方面，學習基礎科學及工程學科的學生，會有些實驗課，讓學生在控制變因的情況下，觀察那些「定律」的運作，來「證明」那些「定律」的「正確性」，即使實驗結果和理論從來就沒有完全一致，我們被教導如何去解釋那些誤差，畢竟我們已經先入為主地接受了定律的正確性，而所有的誤差都是實驗儀器的不精準、環境變因控制不完全，或者人為操作的偏失。</p>\n<p>大家有沒有想過，這些教科書並不會解釋這些「定律」是如何產生的，也就是這個宇宙為什麼會按照這些「定律」來運作。是的，有時候教科書會寫些小故事，告訴我們這些「定律」當初是誰、在怎麼情況下被「發現」、被「數學推導」出來的，譬如教科書說牛頓站著樹下被掉下來的蘋果打到頭，牛頓開始思考為什麼蘋果會掉下來而不是飛到天上，然後牛頓試著用數學式子去對應能找到的數據，於是他提出了萬有引力的說法，以及萬有引力的數學式子。然而，牛頓及以後的物理學家都沒有解釋「為什麼」會有如此的萬有引力，即使是愛因斯坦的廣義相對論，也只是說萬有引力是時空扭曲而導致的現象，但是，愛因斯坦也沒有說時空為什麼會按照某些特定的方式來扭曲，所有的解釋都是「How」，而非「Why」。</p>\n<p>這樣從介紹「定律」開始，順著「定律」來邏輯推理、處理問題、實際觀察的步驟，是大家學習基礎科學及工程學科的方法，習以為常，經由這樣的學習方法，大家也覺得學到的東西比較理性、比較科學。</p>\n<p>這一次美洲中國工程師學會的中醫概論短期課程，我換了個方法來教，我試著使用上面的學習方法，比照一般基礎科學及工程學科，從介紹「定律」開始。譬如這裡列了幾個圖，從五行開始，五臟六腑的五行對應、臟腑互為表裡、臟腑對應的經絡、六經的功用，到六經傳變等等。如果不是我們熟悉的肝心脾肺腎等等文字，再告訴你這些圖是在解釋能階及能量傳遞的方式，你是不是覺得很科學呢？換句話說，一門學問的科學性，應該從其本質上的邏輯去探討，而非因社會文化背景影響的文字敘述來批鬥。當然，解釋「定律」後，必須有實際病例來「證明」那些「定律」的「正確性」，就像基礎科學及工程學科的實驗課一樣，讓學生體會「定律」的來源，以及在無法控制所有變因下可能有的「誤差」。</p>\n<p>我用這樣的教學方法，讓習慣理工科課程的學生更加容易學習中醫，是一個新的嘗試，或許也比較容易讓西方教育下的科學家體會中醫的深度。至於學生學習效果如何，得等到學生學了一陣子後，評估他們對中醫的理解如何、臨床思考如何等等，再來討論這樣的方法是否值得推廣。不過，這樣的方式還是針對初學中醫的學生，真的想深入了解中醫，還是得自己親自去研讀經典中醫古籍，而研究古籍的艱難與樂趣，就如人飲水，冷暖自知。</p>\n<figure class=\"wp-block-image\"><img alt=\"\" class=\"wp-image-5436\" decoding=\"async\" fetchpriority=\"high\" height=\"766\" sizes=\"(max-width: 1024px) 100vw, 1024px\" src=\"https://andylee.pro/wp/wp-content/uploads/2019/04/Screen-Shot-2019-04-16-at-2.10.35-PM-1024x766.png\" srcset=\"https://andylee.pro/wp/wp-content/uploads/2019/04/Screen-Shot-2019-04-16-at-2.10.35-PM-1024x766.png 1024w, https://andylee.pro/wp/wp-content/uploads/2019/04/Screen-Shot-2019-04-16-at-2.10.35-PM-300x224.png 300w, https://andylee.pro/wp/wp-content/uploads/2019/04/Screen-Shot-2019-04-16-at-2.10.35-PM-768x575.png 768w, https://andylee.pro/wp/wp-content/uploads/2019/04/Screen-Shot-2019-04-16-at-2.10.35-PM-640x480.png 640w, https://andylee.pro/wp/wp-content/uploads/2019/04/Screen-Shot-2019-04-16-at-2.10.35-PM.png 1199w\" width=\"1024\"/></figure>\n<figure class=\"wp-block-image\"><img alt=\"\" class=\"wp-image-5432\" decoding=\"async\" height=\"245\" sizes=\"(max-width: 300px) 100vw, 300px\" src=\"https://andylee.pro/wp/wp-content/uploads/2019/04/Screen-Shot-2019-04-16-at-2.08.41-PM-300x245.png\" srcset=\"https://andylee.pro/wp/wp-content/uploads/2019/04/Screen-Shot-2019-04-16-at-2.08.41-PM-300x245.png 300w, https://andylee.pro/wp/wp-content/uploads/2019/04/Screen-Shot-2019-04-16-at-2.08.41-PM.png 730w\" width=\"300\"/></figure>\n<figure class=\"wp-block-image\"><img alt=\"\" class=\"wp-image-5433\" decoding=\"async\" height=\"767\" sizes=\"(max-width: 1024px) 100vw, 1024px\" src=\"https://andylee.pro/wp/wp-content/uploads/2019/04/Screen-Shot-2019-04-16-at-2.09.55-PM-1024x767.png\" srcset=\"https://andylee.pro/wp/wp-content/uploads/2019/04/Screen-Shot-2019-04-16-at-2.09.55-PM-1024x767.png 1024w, https://andylee.pro/wp/wp-content/uploads/2019/04/Screen-Shot-2019-04-16-at-2.09.55-PM-300x225.png 300w, https://andylee.pro/wp/wp-content/uploads/2019/04/Screen-Shot-2019-04-16-at-2.09.55-PM-768x575.png 768w, https://andylee.pro/wp/wp-content/uploads/2019/04/Screen-Shot-2019-04-16-at-2.09.55-PM-640x480.png 640w, https://andylee.pro/wp/wp-content/uploads/2019/04/Screen-Shot-2019-04-16-at-2.09.55-PM.png 1124w\" width=\"1024\"/></figure>\n<figure class=\"wp-block-image\"><img alt=\"\" class=\"wp-image-5434\" decoding=\"async\" height=\"780\" loading=\"lazy\" sizes=\"auto, (max-width: 1024px) 100vw, 1024px\" src=\"https://andylee.pro/wp/wp-content/uploads/2019/04/Screen-Shot-2019-04-16-at-2.10.07-PM-1024x780.png\" srcset=\"https://andylee.pro/wp/wp-content/uploads/2019/04/Screen-Shot-2019-04-16-at-2.10.07-PM-1024x780.png 1024w, https://andylee.pro/wp/wp-content/uploads/2019/04/Screen-Shot-2019-04-16-at-2.10.07-PM-300x229.png 300w, https://andylee.pro/wp/wp-content/uploads/2019/04/Screen-Shot-2019-04-16-at-2.10.07-PM-768x585.png 768w, https://andylee.pro/wp/wp-content/uploads/2019/04/Screen-Shot-2019-04-16-at-2.10.07-PM.png 1112w\" width=\"1024\"/></figure>\n<figure class=\"wp-block-image\"><img alt=\"\" class=\"wp-image-5435\" decoding=\"async\" height=\"778\" loading=\"lazy\" sizes=\"auto, (max-width: 1024px) 100vw, 1024px\" src=\"https://andylee.pro/wp/wp-content/uploads/2019/04/Screen-Shot-2019-04-16-at-2.10.22-PM-1024x778.png\" srcset=\"https://andylee.pro/wp/wp-content/uploads/2019/04/Screen-Shot-2019-04-16-at-2.10.22-PM-1024x778.png 1024w, https://andylee.pro/wp/wp-content/uploads/2019/04/Screen-Shot-2019-04-16-at-2.10.22-PM-300x228.png 300w, https://andylee.pro/wp/wp-content/uploads/2019/04/Screen-Shot-2019-04-16-at-2.10.22-PM-768x583.png 768w, https://andylee.pro/wp/wp-content/uploads/2019/04/Screen-Shot-2019-04-16-at-2.10.22-PM.png 1180w\" width=\"1024\"/></figure>\n<figure class=\"wp-block-image\"><img alt=\"\" class=\"wp-image-5436\" decoding=\"async\" fetchpriority=\"high\" height=\"766\" sizes=\"(max-width: 1024px) 100vw, 1024px\" src=\"https://andylee.pro/wp/wp-content/uploads/2019/04/Screen-Shot-2019-04-16-at-2.10.35-PM-1024x766.png\" srcset=\"https://andylee.pro/wp/wp-content/uploads/2019/04/Screen-Shot-2019-04-16-at-2.10.35-PM-1024x766.png 1024w, https://andylee.pro/wp/wp-content/uploads/2019/04/Screen-Shot-2019-04-16-at-2.10.35-PM-300x224.png 300w, https://andylee.pro/wp/wp-content/uploads/2019/04/Screen-Shot-2019-04-16-at-2.10.35-PM-768x575.png 768w, https://andylee.pro/wp/wp-content/uploads/2019/04/Screen-Shot-2019-04-16-at-2.10.35-PM-640x480.png 640w, https://andylee.pro/wp/wp-content/uploads/2019/04/Screen-Shot-2019-04-16-at-2.10.35-PM.png 1199w\" width=\"1024\"/></figure>",
  "article_time": "2019年04月16日 19:37",
  "comments": [
    {
      "id": "da11cc385b4546a8aa4e874db0acd1c2",
      "author": "小宝宝",
      "time": "2019年04月16日 20:19",
      "content": "<p>国内的中医是 文科生，逻辑的方便很差。不知道李医师有没有视频录制。真是觉得整个逻辑通了，辩证起来就更加容易了。</p>",
      "level": 0,
      "highlight": false,
      "children": [
        {
          "id": "bd4b1efda065a8f5d86350d0775bbfb2",
          "author": "andy",
          "time": "2019年04月17日 12:02",
          "content": "<p>我想利用這次中國工程師學會教課的機會，評估這次的方法和以前的差異，知道哪種方法比較適合一般大眾之後，可能會開始錄製網路教學。</p>",
          "level": 1,
          "highlight": true,
          "children": [
            {
              "id": "a2e93e76e798532bf88894bff6029749",
              "author": "Yunchen",
              "time": "2019年04月20日 18:13",
              "content": "<p>李博士你好! 我最近這幾天在聽你的上課錄音檔, 覺得你的解釋方法真的太好了. 我自己不是學理科的, 就大概有個這世界是能量流動的觀念, 看了些道家的書後想自學中醫. 我也不知道以前的方法是什麼, 但你的這幾個圖跟講解讓我有種, 恩大方向應該就是在這裡, 的感覺. 謝謝你的分享!</p>",
              "level": 2,
              "highlight": false,
              "children": [
                {
                  "id": "7963d2d1bcc8bfafac4dc098dca8c9d3",
                  "author": "andy",
                  "time": "2019年04月29日 11:06",
                  "content": "<p>謝謝你的支持與鼓勵。</p>",
                  "level": 3,
                  "highlight": true,
                  "children": []
                }
              ]
            }
          ]
        },
        {
          "id": "0f283d9ea1443dc2c223013dd4b19059",
          "author": "內經初學者",
          "time": "2019年04月21日 08:02",
          "content": "<p>小寶寶同學：</p>\n<p>你試著用看圖說話的方式來理解這些圖，也許會有幫助的。最前面的一張和最後面是同樣的。中間的是五行的陰陽、表裡、寒熱（虛實？沒看見）以及六經。最前面或最後面的那張綜合圖是疾病在人體內的傳變（六經傳變）。</p>\n<p>李老師給的講義是學習的指南、索引、工具，不是教材本身。他推薦學員去看倪海廈老師的錄像。</p>",
          "level": 1,
          "highlight": false,
          "children": []
        }
      ]
    },
    {
      "id": "3b5f722dcd5f3f66996a3c2b636c1020",
      "author": "JonsonKu",
      "time": "2019年04月17日 15:48",
      "content": "<p>李医师，本次教学有上传录音档吗？</p>",
      "level": 0,
      "highlight": false,
      "children": [
        {
          "id": "4d04dfde33a523185223566a1c161aed",
          "author": "andy",
          "time": "2019年04月18日 11:58",
          "content": "<p>應該會有。</p>",
          "level": 1,
          "highlight": true,
          "children": [
            {
              "id": "9e19a9e458279166626c36b38bcff1c0",
              "author": "Jonsonku",
              "time": "2019年04月19日 05:37",
              "content": "<p>期待有录音档，再次进阶。五运六气，李医师可否讲解下，还是有点朦胧，谢谢。</p>",
              "level": 2,
              "highlight": false,
              "children": [
                {
                  "id": "88682b93a9d74bdce0c3926ef1ed22ea",
                  "author": "andy",
                  "time": "2019年04月29日 11:05",
                  "content": "<p>這樣簡短的概論課程，是沒有時間認真討論五運六氣的。</p>",
                  "level": 3,
                  "highlight": true,
                  "children": []
                }
              ]
            }
          ]
        }
      ]
    },
    {
      "id": "9fd555ee73c9e5f9512f011b3bcb9cd7",
      "author": "ferry瑞芳",
      "time": "2019年04月17日 21:39",
      "content": "<p>我觉得这样讲还是有点复杂了，不容易记住，这个图看似简单，却需要有一定的知识储备</p>",
      "level": 0,
      "highlight": false,
      "children": [
        {
          "id": "b51b92e48124721805bea9acf6c79013",
          "author": "andy",
          "time": "2019年04月18日 12:03",
          "content": "<p>這本來就不是為了「淺顯易懂」，而是依照一般理工科的教學方法，從「定律」開始。理工科的「定律」不一定簡單，Maxwell電磁學的四個式子，有些學生學了一整學期還是搞不清楚，但是，搞清楚「定律」的學生，就可以很快的往前走，學習更深更複雜的內容。</p>",
          "level": 1,
          "highlight": true,
          "children": []
        }
      ]
    },
    {
      "id": "c0cad617a362be54cae88ce30eda9c9c",
      "author": "子超Ray",
      "time": "2019年05月01日 03:46",
      "content": "<p>李老师你好，看到你的这个教学方法我觉得太棒了！这样中医更加容易推广啊！我本科学的工科，对于从本质上以定律来推演整个系统的逻辑，很是能接受！很期待后期能录制入门的课程~谢谢李医师！</p>",
      "level": 0,
      "highlight": false,
      "children": [
        {
          "id": "8f207184a76f69e745d4d3d290a6ea63",
          "author": "andy",
          "time": "2019年05月05日 20:01",
          "content": "<p>謝謝你的支持與鼓勵。</p>",
          "level": 1,
          "highlight": true,
          "children": []
        }
      ]
    },
    {
      "id": "f13aba31639b490166afe5d15c6aa722",
      "author": "jonsonku",
      "time": "2019年05月24日 02:15",
      "content": "<p>李醫師這個圖標一直在思考，除了六經傳變之外，還多了些思考，似乎就是定律：太陽病，病在表，配膀胱和小腸。好比桂枝湯，桂枝白芍屬木，一陰一陽，木生火，灸甘草紅棗入心火，生薑入脾肺臟。用五行圖推斷，膀胱寒水受邪，不能生木，寒水克火。用桂枝白芍壯木，紅棗灸甘草強心，生薑辛散入肺，金生水，木生火，火生土，土生金，金生水，特別是壯土來制衡水。所謂一臟不平衡，用其他的臟來平。如果用麻黃湯，桂枝麻黃壯木，遠超桂枝白芍的組合，配合灸甘草苦杏仁–強心，兼入肺。如果依次類推，病在陽明，重點在腸胃，而少陽要考慮三焦與膽。三焦與心包未在五行圖上？但心包是心火的延伸，三焦是脾土的延伸，唐容川說三焦的源頭在命門–就是腎。應該是心腎的延伸，一味是君火，一味是真火。不知理解是否恰當？向李醫師請教了，謝謝。</p>",
      "level": 0,
      "highlight": false,
      "children": [
        {
          "id": "3920b205c94edb282076748bb83e65c0",
          "author": "andy",
          "time": "2019年05月30日 14:56",
          "content": "<p>你的解釋也算合理。</p>",
          "level": 1,
          "highlight": true,
          "children": []
        }
      ]
    },
    {
      "id": "37615361f5520439d7d22e41c8c80950",
      "author": "內經初學者",
      "time": "2019年05月26日 07:55",
      "content": "<p>jonsonku:</p>\n<p>文中提到的“所謂一臟不平衡，用其他的臟來平” 的原文出自哪裡？我聽倪先生說過類似的理論，但還沒閱讀到相關章節。謝謝！</p>",
      "level": 0,
      "highlight": false,
      "children": [
        {
          "id": "c9c4b429846782a7b807922f43706ad0",
          "author": "andy",
          "time": "2019年05月30日 14:59",
          "content": "<p>這個道理很多文獻都有直接或間接的提到，譬如五臟的五行觀念。</p>",
          "level": 1,
          "highlight": true,
          "children": []
        }
      ]
    },
    {
      "id": "348fd1bf179cd20eb08f8269829c6894",
      "author": "小李",
      "time": "2019年06月24日 02:26",
      "content": "<p>李医师您好，请问这次教学的录音档以后会有上传吗？</p>",
      "level": 0,
      "highlight": false,
      "children": [
        {
          "id": "a2d016122bf8e009b231bdedef4aa828",
          "author": "andy",
          "time": "2019年06月24日 10:45",
          "content": "<p>還不確定，幾台錄音機的效果各有長短，可能得花點時間剪接。</p>",
          "level": 1,
          "highlight": true,
          "children": []
        }
      ]
    },
    {
      "id": "7448ff280ce88e74384f3553e6dfe90e",
      "author": "小高",
      "time": "2020年12月21日 19:48",
      "content": "<p>李医师您好，我学习《黄帝内经》和《伤寒论》等经典书籍，总有一种感觉：五运六气学说、三阴三阳开阖枢理论与五行生克理论是从两个视角出发的两套生命运行机理的模型。都很神妙。但也有许多不能相通和明了的地方。比如五行中脾属土，肺属金，可在开阖枢模型中，脾和肺同属太阴，为阴之开。我的理解是，六经与十二经络同名而异实。六经理论是在阴阳离合层面上的更为形而上的模型。烦请您解惑斧正。谢谢！</p>",
      "level": 0,
      "highlight": false,
      "children": [
        {
          "id": "fb394ef8414589b0a09cbde1ce08682f",
          "author": "李宗恩",
          "time": "2020年12月22日 13:51",
          "content": "<p>我不太清楚你想表達什麽，五行和六經並沒有衝突。</p>",
          "level": 1,
          "highlight": true,
          "children": []
        }
      ]
    },
    {
      "id": "ce5ae2cde6284f1182ff031f94c79268",
      "author": "東尼",
      "time": "2021年09月22日 22:21",
      "content": "<p>請問圖中紅色箭號表達的是什麽關係呢？</p>",
      "level": 0,
      "highlight": false,
      "children": [
        {
          "id": "4c7279c0f58032fe7a86ec8d1a24188c",
          "author": "李宗恩",
          "time": "2021年09月23日 11:31",
          "content": "<p>六經傳變。</p>",
          "level": 1,
          "highlight": true,
          "children": []
        }
      ]
    },
    {
      "id": "72f10537080cbc087246710da27d3521",
      "author": "Yingnan",
      "time": "2021年12月15日 19:14",
      "content": "<p>太强了，我之前自己画图，也就停留在六经的五脏对应上，总觉得记忆不通顺。<br/>\n李医师上面的图加入了五行生克还有表里对应，让我思路一下清晰了很多，立体了起来。</p>\n<p>这个图让我受益匪浅，感谢！！</p>",
      "level": 0,
      "highlight": false,
      "children": []
    }
  ],
  "page": 33,
  "order": 8,
  "filename": "data\\page33\\page33_order7_9e19a9e458279166626c36b38bcff1c0.json"
}