{
  "article_url": "https://andylee.pro/wp/?p=5054",
  "title": "FM96.1 ： 不要無視血虛引起的夏季“皮膚病”、“心臟病”",
  "content": "<!--[if lt IE 9]><script>document.createElement('audio');</script><![endif]-->\n<audio class=\"wp-audio-shortcode\" controls=\"controls\" id=\"audio-5054-1\" preload=\"none\" style=\"width: 100%;\"><source src=\"https://andylee.pro/wp/wp-content/uploads/2018/09/drcase-20180717-507-533pm-24m04s_S.mp3?_=1\" type=\"audio/mpeg\"/><a href=\"https://andylee.pro/wp/wp-content/uploads/2018/09/drcase-20180717-507-533pm-24m04s_S.mp3\">https://andylee.pro/wp/wp-content/uploads/2018/09/drcase-20180717-507-533pm-24m04s_S.mp3</a></audio>\n<p>除了中暑、腸胃病以外，皮膚病也是夏天常見的疾病。有些人一曬就起疹子，擦了防曬油更癢，而且洗完熱水澡時特別嚴重。癢，有可能來自發汗不全，比方邊跑步邊吹冷氣、打完球馬上鑽進開著冷氣的車子等等，都會導致汗出不完全，就會癢。但是除了發汗發不全以外，「血虛」也是一個重要的癢因。</p>\n<p>血虛則不能潤澤肌膚，肝血不足則皮膚又乾又脆，因此一曬就變黑、發癢。這在年輕人或運動員身上特別常見。人在運動時，身體需要消耗大量肝血來潤筋。而許多運動員常常一早起來就是一杯蔬果汁，脾胃虛寒之下，午餐跟晚餐已經吸收不好了，再加上大量耗傷肝血的筋肉訓練，因此常常看起來很壯，其實肝血已經虛掉了，因此一曬太陽就起疹子。</p>\n<p>除了年輕人，年紀稍長的女士也容易血虛。中醫有所謂的左血右氣。臨床上我們見過不少身體左側血虛的例子，曬了太陽只有左臉變黑、左側身體起疹子。而女性本來血就比較虛，因此更容易出現左側筋血的問題，像是左腳易麻、易痠、晚上易抽筋等等。</p>\n<p>氣主運用，血主濡養。我們好用右眼觀物、右手做事，因為右邊主氣，用起來順手。但其實大多數人左眼視力較好、左耳聽力較佳，只是因為左側氣弱，我們反而不愛使用它們，而偏好用右側來瞄準、聆聽。</p>\n<p>血虛發疹怎麼辦？許多含類固醇的西藥一擦疹子就會消掉，但很快又復發，西醫現在也不太建議這類含有激素的皮膚藥。中醫治癢疹有兩條路，一是清涼解表，這類治法能夠馬上緩解症狀，消除紅腫熱痛，可惜不能治本。而且寒涼藥品久服傷脾，日後血虛會更嚴重。另一條路就是補血。但發疹其間身體燥熱難耐，補了反而難過。所以醫師必須在清補之間仔細拿捏，雙管齊下，才能寒熱共濟，既治病又緩症。</p>\n<p><strong>熱線電話一</strong></p>\n<p>聽眾：沒有皮膚病，但是皮膚本質黑，而且一曬就變黑，不曬也不容易白回來，請問是什麼問題？</p>\n<p>李醫師：可能是天生因素，也可能是長久日曬累積成的血虛。一曬就變黑很有可能是血虛，仍要看到本人才能判斷。</p>\n<p>夏天常見的另一個問題是心臟不舒服。有時大量流汗之後覺得特別虛弱、心臟亂跳；或是稍稍曬到太陽就大汗不止，這可能都暗示著心臟不好。心主五液，汗液為一，動不動就流汗，可能是心虛了。流汗是體溫調節機制，健全的機制要能開能關，開了關不了，汗出不止，就虛掉了。這種情況也許休息五分鐘會好，但千萬要注意背後隱藏的心虛問題。</p>\n<p><strong>熱線電話二</strong></p>\n<p>聽眾：請問濕疹跟蕁麻疹有什麼不同？</p>\n<p>李醫師：中醫主張辨証論治。不管西醫病名為何，中醫都還是依病証來開方治療。西醫病名容易造成混淆，有時甚至完全不同的兩種病因卻開了同一種西藥。當然有時為了方便病患理解，我們會借用西醫詞彙，但治法還是因人而異。</p>\n<p><strong>熱線電話三</strong></p>\n<p>聽眾：六歲女孩體質不好容易疲倦感冒，是什麼問題？</p>\n<p>李醫師：小孩子如果出生時沒有缺陷，西醫也檢查不出問題，中醫通常認為跟脾胃有關。脾胃弱則衛氣弱，易覺虛寒，易感冒，易疲倦。氣虛以脾氣虛優先。飯後犯睏就是一例，因為脾氣被拿去消化食物了。因此許多小朋友奇奇怪怪的病，甚至是精神科的病，都要從脾胃著手。</p>\n<p>（語音檔案由FM96.1電台提供，文章摘錄自語音檔案內容，部分文字略有異同，敬請見諒。）</p>",
  "article_time": "2018年07月17日 15:45",
  "comments": [
    {
      "id": "47ddc9b8208b548efbf23c990297494f",
      "author": "Ferry瑞芳",
      "time": "2018年09月19日 03:56",
      "content": "<p>噢，懂了，难怪我这么容易被晒黑，原来是血虚之故</p>",
      "level": 0,
      "highlight": false,
      "children": []
    }
  ],
  "page": 37,
  "order": 7,
  "filename": "data\\page37\\page37_order6_60ba0401d11453eb7443566f6b1b5fba.json"
}