{
  "article_url": "https://andylee.pro/wp/?p=11008",
  "title": "倪海厦老師辭世十週年紀念（1） – 世紀瘟疫下的護守",
  "content": "<p>一個人的偉大，不僅僅在於一生中成就了什麽事，更在於為後人帶來多大的影響及感動。</p>\n<p>那天深夜，輾轉難眠，時不時盯著手機，就在精神開始恍惚時，手機微信突然響了，湯英主任的訊息：「李老師，病人基因核酸檢測陰性」。這個時候，外面的世界好像全部沉靜了下來，心中湧現無比的感動，雙眼濕潤了，十多年來學習中醫的歡笑和心酸似乎快速地重播了一次，腦海中唯一的念頭是，感謝倪海廈老師的教誨！</p>\n<p>2019年底，世紀瘟疫大爆發，震撼了全世界，不但帶來大量的死亡及失業，也徹底顛覆了人們對現代社會功能的依賴及信任。然而，在這個巨大的變動下，也再次讓古老的中醫智慧發光發亮。</p>\n<p>我們參與這次對抗新冠肺炎疫情的機緣，可以回溯到幾年前，一群深圳的倪老師學生及粉絲們，在楊貞醫生帶領下，一面學習，一面設法推展中醫到深圳的大型醫院。想把經方中醫推展到一級城市的三甲中西醫院體制内，是難上加難的事情。這群學生及粉絲們在深圳受到了各種挫折，卻在因緣際會下，2018年初得到了位於河南開封的通許縣人民醫院（現通許第一醫院）首肯，願意讓楊貞醫生去試一試，讓院方了解經方中醫是不是真的如同他們說的那樣療效卓越快速。</p>\n<p>楊醫生隻身前往，沒有酬勞，白天治療住院病人，教導各科室派來的醫生及護士們，晚上就在醫生值班室内過夜。三個月下來，楊醫生的療效及精神，感動了所有人，各科室棘手的住院病人在中醫治療下快速好轉，讓院長及各個主任醫師非常讚嘆，對倪老師的中醫教學内容更是無比信服。通許縣人民醫院決定請楊醫生長期培訓院内的醫生及護士們，並於2018年下旬成立「倪海廈中醫教學培訓基地」，倪老師數十年的摯友及診所總管李大叔、診所前台負責人李夫人、及我個人應邀參加基地開幕及剪綵儀式。我個人也很榮幸地應院長的邀請擔任基本的總指導，也從那時開始和學習中醫的醫生及護士們有不少互動，特別是學習優良的消化内科主任娄愛芝醫生及傳染科主任湯英醫生，兩位成爲我直接指導的學生，她們帶領其他醫生及護士們學習，自己也累計了不少中醫臨床看診的經驗。</p>\n<p>2019年底，武漢爆發新冠肺炎，本來只被認爲是當地的特殊傳染病例，然而，事情急轉而下，西醫院束手無策，疫情大幅擴散，如海嘯般兇猛地淹沒世界各地。2020年一月初，情勢很明顯，通許縣人民醫院很快就得面臨可怕的疫情，我們開始討論該如何以中醫來治療。然而，武漢傳出來的資料非常有限，我們只能依據倪老師教導的經方思維及以前治療各種流感肺炎的經驗來推敲。果然，幾天内二十多位剛從武漢返回通許的發燒、高度疑似新冠病患湧入通許縣人民醫院，傳染科湯主任和消化内科娄主任義不容辭地接下重任，帶領眾多醫生及護士們堅守著所有的病患，依照我們原本討論的中醫方案來治療。雖然我們相信中醫可以快速有效地對抗這次的疫情，看到武漢慘不忍睹的疫情，加上人造生化武器病毒的傳言到處流竄，我們如履薄冰，深怕一點點的誤判、一絲絲的疏失就會失去了防線，兵敗如山倒地重蹈武漢的悲慘災情。</p>\n<p>在中醫治療下，二十多位的高度疑似病患都開始好轉，開封市政府主導的基因核酸檢測結果也一一回報到醫院，其中四位被證實為新冠肺炎。最早接收的確診病患，非常配合院方的中醫治療，恢復迅速，很快達到了可以獲准出院的條件，醫學影像及各種檢測皆達到健康標準。然而，我們還得通過兩次基因核酸檢測，確定為陰性才能被認證治愈，而我們的病例是全中國、全世界第一位以純中醫方式治療的重症病患，受到各方極度的關注，我們的壓力非常大，每個人無時無刻不盯著看核酸檢測結果出來了沒有。</p>\n<p>那天加州的晚上，中國時間一月三十一日，湯英主任的微信把我從半睡半醒中叫了起來：「李老師，病人基因核酸檢測陰性」。很快的，娄愛芝主任、奈院長、楊貞醫生、李大叔、通許的醫生與工作同仁們，以及當初促成此機緣的倪老師學生及粉絲們，大家的微信紛紛湧入，每一個人都非常激動！我們做到了，我們以實際病例證實中醫能快速治愈新冠肺炎！而更讓我們感動的是，那天是倪老師陽曆的忌日，每個人都覺得是倪老師在冥冥之中引領我們，在世紀瘟疫大爆發下，為中醫復興打響了第一炮！兩天之後，中國時間二月二日，完成第二次基因核酸檢測，再度陰性，而那天是農曆正月初九，倪老師農曆的忌日！連續兩個「巧合」，我們每個人心中的感受，真的是筆墨難以形容。</p>\n<p>隨著第一位確診病人治愈出院，我們不但沒有放鬆，反而更加投入，我也以遠程視訊來直接參與一線的治療工作。二月在高度的壓力下渡過，通許接治的四位確診病人及其他不同肺炎的病人全部出院，沒有任何後遺症，全院一千多位同仁在服用中藥下，沒有一位感染，真真實實做到了「零感染、零轉院、零死亡、零致殘」<em>。</em>隨即娄主任及湯主任被政府徵招，協助開封其它醫院，以中醫藥快速治癒多位住院數週的確診病人，讓開封市成功達到了「清零」的目標。</p>\n<p>我們以中醫快速治癒確診病患，造成影響的幅度，是我們原本沒有想到的。我們對外宣佈確診病例在中醫治療下大幅好轉後，國家中醫藥管理局立即成立了「防治新型冠狀病毒感染的肺炎中醫藥方劑研究」專案，積極討論中醫治療新冠肺炎的方案。第一次核酸檢測結果出來當天，武漢正式硬性規定所有確診病人都得服用中藥，國家中醫藥管理局也開始在四個省進行臨床測試和我們治療思維非常相似的「清肺排毒湯」。幾天後，國家衛健委及國家中醫藥管理局正式公告全國及大力推展「清肺排毒湯」的臨床使用。根據知情人士的轉告，這些都和我們在通許縣人民醫院的治療成果有很大的關聯。雖然抗疫工作的發展演變有很多的因素，我們在疫情大爆發時發揮了關鍵性的作用，讓大家看到了中醫卓越的臨床療效，影響了許多抗疫領導者的決策，使得全中國各省市都積極加入中醫治療的行列，本來一發不可收拾的疫情在幾個月內快速受到控制，中國國務院亦正式對國際公告，「清肺排毒湯」為對抗新冠肺炎最有效的治療方法。</p>\n<p>我們在通許縣人民醫院以中醫抗疫的事蹟，受到了中國各級政府及廣大民眾的大幅關注與肯定。中央電視台製作特別節目報導，新華社、人民日報、河南省政府、開封廣播電視台等皆大幅報導，微信上更有很多採訪及報導文章，近億人傳閱！湯英主任得到了河南省政府頒發的抗疫最高榮譽個人英雄獎，眾多來自不同地區的各種病患湧入通許縣人民醫院，尋求中醫治療，使得院方不得不大幅增擴以湯主任為首的中醫科室來滿足病人的需求。而我和楊貞醫生也沒有閒下來，楊醫生擴大了她中醫教學的學生對象，在微信網群的協助下，六七千人同時在網上向楊醫師學習倪海厦老師的經方中醫思維。我個人一方面繼續以遠程視訊幫助世界各地的確診病人，另一方面受到許多海內外醫學研討會的邀約，譬如廣州中醫藥大國際經方班的「生命至上、中醫抗疫」大型研討會、加拿大國際傳統醫學大會等等，其它各種網上講座亦有數萬聽眾參與。同時，也在出版社的邀約下，出版了網頁同名新書「當張仲景遇上史丹佛」 ，記錄了我們共同抗疫的故事。</p>\n<p>這段日子中有個插曲，中央電視台知名導演歐陽國忠，依照通許縣人民醫院的真人真事，製作了微電影「不怕」，宣揚生命至上的抗疫精神及奉獻，我們都被邀請飾演自己。另外，著名國畫家吳寳林畫下了整個故事的來龍去脈，從數年前倪老師的中醫教學如何在通許縣人民醫院內展開，傳承基地的成立，到後來對抗新冠疫情的細節，都一一畫下，其中包括一幅寬達24公尺的巨型掛畫！這些國畫正在中國各地巡迴展出，讓世人知道中醫的傳承與貢獻。</p>\n<p>通許中醫抗疫事蹟，一年多來受到了莫大的關注，一間名不見經傳、小縣城的二甲西醫院，在對抗新冠疫情上不但超越了一級大城市的三甲大型醫院，竟然還以中醫取代了西醫治療。很多人都在討論，這不僅僅靠著一群堅守崗位、犧牲奉獻的醫生及護士們，一定有高人在後面，才能像一把無敵的利劍，直擊世紀瘟疫的要害，鎮守住廣大民眾的健康。沒有錯，的的確確有高人在後面，屹立不搖地支撐著整個大局！那位高人，不是我，不是楊貞醫師，是我們最感念的倪海厦老師！是倪老師的大醫精神及諄諄教誨，指引我們，為我們提供了無限的力量，我們才有可能堅守初衷，咬緊牙關，衝破重重難關。</p>\n<p>倪老師一生中幫助過無數的病人及家庭，讓很多人在絕望中重生。倪老師把他一生實踐中醫的精髓製作成人紀中醫教材，親自指導學生臨床跟診學習，更讓大家感受到他那股強大尊重生命的力量。倪老師震撼了無數的人心，帶給世人的，不僅僅是眾多扭轉乾坤的病例及深入中醫核心的教學內容，更是無限的感動。那種感動不受到時間及空間的限制，在世界各地、在世世代代的人心中，不斷地讓人心澎湃及無限感念！那種無法形容的感動，代表了一個人的偉大，更是人類進步的根本動力！</p>\n<p>倪老師說過，在這個中醫衰敗、亂象叢生的時代裡，他是一把火，到處點燃正統經方中醫的火苗，然而，這把火燒向哪裡、燒得好不好、能不能燒得更廣更長久，那就得靠他的學生們及支持者來延續了。謹此以「尊重生命、不忘初衷、心存感恩」與大家共勉！</p>\n<p>李宗恩 謹記於加州辛丑年</p>",
  "article_time": "2021年12月27日 15:54",
  "comments": [
    {
      "id": "cfd159a39d51420ce2cbc4fe62476764",
      "author": "出師未捷身先死",
      "time": "2021年12月27日 19:01",
      "content": "<p>正如寫下《出師表》的三國丞相諸葛亮那樣，倪師為了中醫經方的傳承耗盡畢生心血，鞠躬盡瘁，死而後已。</p>",
      "level": 0,
      "highlight": false,
      "children": [
        {
          "id": "c1e27adf3762726ba505e40036039e68",
          "author": "李宗恩",
          "time": "2022年01月01日 10:39",
          "content": "<p>不一樣，諸葛亮寫下出師表後，並沒有打贏勝仗。倪老師一開始就表示他的目的是中醫傳承，他完成了人紀教學，已經達到他的目的。</p>",
          "level": 1,
          "highlight": true,
          "children": [
            {
              "id": "959f9f04ac98af517ff24ef408c7120d",
              "author": "卢坤",
              "time": "2022年05月16日 21:03",
              "content": "<p>李先生，您退休后会不会写一本《地纪》？</p>",
              "level": 2,
              "highlight": false,
              "children": []
            }
          ]
        }
      ]
    },
    {
      "id": "31109638571e842ab2f8bf4c7095b6e7",
      "author": "魯豆腐",
      "time": "2021年12月29日 04:13",
      "content": "<p>一直以來Dr.李選擇了以中醫為職志來報答倪醫師栽培之恩<br/>\n世人有幸亦蒙受倪門大弟子的恩澤得以幸運重生<br/>\n感謝所有倪師的傳人造福了所有蒼生<br/>\n我們也以各位為榮又延續了中醫藥的奇異恩典<br/>\n感謝一直有你們</p>",
      "level": 0,
      "highlight": false,
      "children": [
        {
          "id": "bf91dbcbd2650031315d4c8259dbeb67",
          "author": "李宗恩",
          "time": "2022年01月01日 10:43",
          "content": "<p>謝謝你的支持及鼓勵！</p>",
          "level": 1,
          "highlight": true,
          "children": []
        }
      ]
    },
    {
      "id": "2752f80d817ccf03e325f36985c0b232",
      "author": "Vincent.Do",
      "time": "2021年12月30日 01:15",
      "content": "<p>每每受到宗恩老師的指導，我都會將倪師講的相關內容重復看上幾遍，每次都獲益匪淺。每次遇到棘手難題，心中都默念相信倪師講得不會有錯、相信宗恩老師大愛無私指導。今日看到這篇文章，竟讓我熱淚盈眶。。。</p>",
      "level": 0,
      "highlight": false,
      "children": [
        {
          "id": "a36e8307d451e88a7238c6fa3407ea50",
          "author": "李宗恩",
          "time": "2022年01月01日 10:47",
          "content": "<p>不忘初衷，人生充滿意義！</p>",
          "level": 1,
          "highlight": true,
          "children": []
        }
      ]
    },
    {
      "id": "9cabcb7787161f01a5e9ceff0cae61c6",
      "author": "sunny_wang5365",
      "time": "2022年01月01日 03:30",
      "content": "<p>老师,有没有孩子打完新冠疫苗后服用的方子,现在国内强势打疫苗,不然不让上学,我孩子小学二年级,打完后一直咳嗽,快一个月了也不好,以前一两副药一两天就好,这次太长了,好象有痰在比较深的地方,又吐不出来,我怕是因为打了疫苗,而且学校又要求打第二针了</p>",
      "level": 0,
      "highlight": false,
      "children": [
        {
          "id": "57cc2915a3d76e3a6528ee5923495175",
          "author": "李宗恩",
          "time": "2022年01月01日 10:49",
          "content": "<p>疫苗的副作用，就好比生病了，辨證論治來處理。</p>",
          "level": 1,
          "highlight": true,
          "children": [
            {
              "id": "79b622c61a5ba98e8835d3b7e5e956dd",
              "author": "大寻",
              "time": "2022年01月03日 02:18",
              "content": "<p>在广东哪里可以看中医呢，李先生可以推荐吗?小红书上看到倪师的视频后，感觉像无意间打开了一扇隐藏在身边的另一个世界的大门，开始用玩游戏的时间来学中医了。</p>",
              "level": 2,
              "highlight": false,
              "children": [
                {
                  "id": "270041aee69154137a3ff1309c5c7b5a",
                  "author": "李宗恩",
                  "time": "2022年01月21日 09:25",
                  "content": "<p>我不清楚。</p>",
                  "level": 3,
                  "highlight": true,
                  "children": []
                }
              ]
            }
          ]
        }
      ]
    },
    {
      "id": "f24f7675b4f9cf28f89d086f22038521",
      "author": "carey",
      "time": "2022年01月03日 19:02",
      "content": "<p>星星之火可以燎原，宗恩老師加油！</p>",
      "level": 0,
      "highlight": false,
      "children": [
        {
          "id": "869c9fef0d4d57823beaaf551f6c4a59",
          "author": "李宗恩",
          "time": "2022年01月21日 09:25",
          "content": "<p>謝謝你的支持及鼓勵。</p>",
          "level": 1,
          "highlight": true,
          "children": []
        }
      ]
    },
    {
      "id": "1eb2fa8592f2be8eac4227cd366f42bf",
      "author": "彭儿",
      "time": "2022年05月08日 01:36",
      "content": "<p>这几年的疫情让很多事都变得很艰难。看完这篇很感动，希望宗恩老师能一直坚持下去、一直加油。</p>",
      "level": 0,
      "highlight": false,
      "children": [
        {
          "id": "9bc815884c4ea9b95b50a807c2ac9a59",
          "author": "李宗恩",
          "time": "2022年05月13日 10:25",
          "content": "<p>謝謝你的支持及鼓勵。</p>",
          "level": 1,
          "highlight": true,
          "children": []
        }
      ]
    },
    {
      "id": "896c751d4a68b7bacdf4fe4119d0579b",
      "author": "砂砾",
      "time": "2022年10月31日 12:52",
      "content": "<p>好可惜，没有搜索到这部微电影！</p>",
      "level": 0,
      "highlight": false,
      "children": []
    },
    {
      "id": "677eb31942fd489c770d3cfb29bb7483",
      "author": "砂砾",
      "time": "2022年10月31日 01:08",
      "content": "<p>找到了，同样让人热泪盈眶……</p>",
      "level": 0,
      "highlight": false,
      "children": []
    },
    {
      "id": "e2532fda583ab7cc30d7076ab4dee599",
      "author": "玉",
      "time": "2024年06月11日 05:11",
      "content": "<p>当时武汉封城时中医院和中药店全部关闭……</p>",
      "level": 0,
      "highlight": false,
      "children": []
    }
  ],
  "page": 13,
  "order": 6,
  "filename": "data\\page13\\page13_order5_2752f80d817ccf03e325f36985c0b232.json"
}