{
  "article_url": "https://andylee.pro/wp/?p=10372",
  "title": "錄音回放：Clubhouse 聊中醫 07/03/2021",
  "content": "<p>昨天晚上，第一次在Clubhouse上和聽眾們聊中醫，主要是來自台灣的聽眾們，也有一些其它地區的聽眾們加入。有許多的互動，一聊就聊了兩個多小時。</p>\n<p>雖然Clubhouse挺好用的，它是一個半封閉的平台，不能直接加入，得由已經加入的朋友來邀請或認證。這導致許多聽眾無法加入昨晚的活動，私下來函表示希望能有錄音回放。謝謝主持人玓靜的幫忙，這裡是昨晚的錄音檔，有興趣的讀者可以聽一聽。</p>\n<figure class=\"wp-block-audio\"><audio controls=\"\" src=\"https://andylee.pro/wp/wp-content/uploads/2021/07/Clubhouse-李宗恩博士聊中醫07032021.aac\"></audio></figure>\n<p></p>",
  "article_time": "2021年07月04日 09:01",
  "comments": [
    {
      "id": "7f896a523d687904a0f28cec7d7bf64d",
      "author": "Selinatseng",
      "time": "2021年07月04日 23:46",
      "content": "<p>感謝李醫生，感謝玓靜主持人，我們才能一再而再的回放</p>",
      "level": 0,
      "highlight": false,
      "children": []
    },
    {
      "id": "f60c579ab7df9ad3f7f9a7521f00e292",
      "author": "Vincent.Do",
      "time": "2021年07月09日 12:43",
      "content": "<p>仔细听了老师的观点，很是受启发。尤其是其中对人工智能在中医上的应用方面，我很赞同，先不用说SOP(标准操作),如果连搜集资料这第一个关卡都难以实施的话，看起来现在打着人工智能旗号的中医系统肯定是宣传多于实际应用。<br/>\n但是人的逻辑思维能力、记忆能力、感知能力、表现能力每个人都有不同，利用计算机软件在资料查找、提示提醒医生思考等方面也许有很大的作用，尤其是对初学者会有帮助。但同时，如果仅依靠电脑查找来解决问题，对医术的提高会是一种阻碍（因为开方感觉会降低）。</p>",
      "level": 0,
      "highlight": false,
      "children": [
        {
          "id": "1fd2c375887f40c8e654ea49b0cd65e0",
          "author": "李宗恩",
          "time": "2021年07月10日 20:30",
          "content": "<p>初學者依賴這樣方式學習，是無法真的學好的，哪一門學科在學習時讓學生不斷翻教科書的？即使是理工科，背誦是很基本的功夫，如果學微積分不背許多公式，是無法靈活應用的，更別說用在更難的問題上。</p>",
          "level": 1,
          "highlight": true,
          "children": [
            {
              "id": "c389b1fb4005771a22382b4fe048ae5c",
              "author": "Vincent.Do",
              "time": "2021年07月11日 06:11",
              "content": "<p>严重同意您的觀点！只有学到身上，才是真的学到了。</p>",
              "level": 2,
              "highlight": false,
              "children": []
            }
          ]
        }
      ]
    },
    {
      "id": "86d742dc2e4039190df59bb57e5120c3",
      "author": "包兒",
      "time": "2021年07月11日 04:35",
      "content": "<p>李醫師您好<br/>\n聽到您在clubhouse稍微提到<br/>\n“包治感冒，沒效退費”，如果是這樣的話，您可以兩小時就教會對方<br/>\n聽起來滿吸引人的，或許開一個這樣的clubhouse主題也不錯<br/>\n雖然您在養兒育女系列文章已經有提到感冒，但兩個小時感覺可以說明的更詳細呢！</p>",
      "level": 0,
      "highlight": false,
      "children": [
        {
          "id": "a21ca733cf0630f7600659387b0ba804",
          "author": "李宗恩",
          "time": "2021年07月11日 08:17",
          "content": "<p>時間許可下，可以辦一場。</p>",
          "level": 1,
          "highlight": true,
          "children": []
        }
      ]
    },
    {
      "id": "68018fd6b2c905f5046c725339d1f6b8",
      "author": "carey",
      "time": "2021年10月10日 12:38",
      "content": "<p>认真听了两遍，觉得学好中医太难，远程看诊很有局限性，但也感受到了李医师的大爱，愿意帮助只能远程的这群人，看来我们需要经常拿个小本子记录身体的状况，这样看诊会提供更准确的信息。不知道什么时候国家层面能接触到李医师，真正的发扬中医！期待这天尽早到来造福百姓。</p>",
      "level": 0,
      "highlight": false,
      "children": [
        {
          "id": "dcb40bd224b205904b4caf3dc885ced1",
          "author": "李宗恩",
          "time": "2021年10月18日 10:28",
          "content": "<p>謝謝你的支持及鼓勵.</p>",
          "level": 1,
          "highlight": true,
          "children": []
        }
      ]
    },
    {
      "id": "a0a5aca7e1ecb2faf6919a83124d923b",
      "author": "carey",
      "time": "2021年10月18日 19:34",
      "content": "<p>我和家人更要感恩李医师，我们是远程受惠的人群，婆婆吃了您开的药疼痛缓解了，家里好多亲戚都觉得不可思议，寻常百姓对自己国家的瑰宝了解得太少太肤浅。 我们需要李医师这样的医生， 但这样您一定更忙碌， 又要照顾诊所又要照顾远程的病人， 您多保重！</p>",
      "level": 0,
      "highlight": false,
      "children": [
        {
          "id": "2d4352e9c9b6af80d00c136caae5451b",
          "author": "李宗恩",
          "time": "2021年10月24日 14:11",
          "content": "<p>謝謝你們的支持及鼓勵。</p>",
          "level": 1,
          "highlight": true,
          "children": []
        }
      ]
    }
  ],
  "page": 15,
  "order": 8,
  "filename": "data\\page15\\page15_order7_dcb40bd224b205904b4caf3dc885ced1.json"
}