{
  "article_url": "https://andylee.pro/wp/?p=11033",
  "title": "中醫不科學的證據？",
  "content": "<figure class=\"wp-block-image size-full\"><a href=\"https://andylee.pro/wp/wp-content/uploads/2022/01/Screen-Shot-2022-01-16-at-8.42.29-AM.png\"><img alt=\"\" class=\"wp-image-11032\" decoding=\"async\" fetchpriority=\"high\" height=\"574\" sizes=\"(max-width: 592px) 100vw, 592px\" src=\"https://andylee.pro/wp/wp-content/uploads/2022/01/Screen-Shot-2022-01-16-at-8.42.29-AM.png\" srcset=\"https://andylee.pro/wp/wp-content/uploads/2022/01/Screen-Shot-2022-01-16-at-8.42.29-AM.png 592w, https://andylee.pro/wp/wp-content/uploads/2022/01/Screen-Shot-2022-01-16-at-8.42.29-AM-300x291.png 300w\" width=\"592\"/></a></figure>\n<p>一位史丹福大學教授轉給我一篇網上爭議的文章，文章的論點是中國大陸中醫大師專家們對新冠的辨證都不一樣，有的說是寒濕、有的說是溫熱、有的又說是分不同型等等，完全不一致，甚至彼此有衝突。文章作者認爲這代表這些中醫大師專家們根本搞不清楚新冠是什麽，更代表中醫不科學，隨便由人主觀地說是寒是熱是實是虛。</p>\n<p>其實，文章作者的推論不是完全沒有道理，一門嚴謹的學問不應該出現這樣的分歧。然而，文章的結論是錯誤的，並非中醫不科學，而是現在中醫學術界普遍存在的問題。</p>\n<p>新冠疫情剛剛發生時，我們就解釋過，中醫不管新冠是什麽病毒引起的，而是依照人體失去平衡而敗壞的過程來討論。傷寒雜病論早已解釋人體受到外感後，如何一步一步的敗退，如何因病人個案差異而複雜化等等，有興趣的讀者可以查閲我2020年寫的許多文章。雖然黃帝内經提到風寒暑溼燥熱等外在因素可以導致生病， 但並不能說現代病毒等同於風寒暑溼燥熱的哪一個，更何況疫病發展的過程中，在不同時間點上有不一樣的表現。重點是了解中醫如何解釋疫病發展的病理過程，提出不同階段的治療方針，而不是爭論中醫該如何看待新冠病毒的身份地位。</p>\n<p>中醫爲什麽會發展到今天這樣的情況？明清以來經方和溫病的爭議就多不討論了，西方醫學傳入中國以後，許多中醫師醫術不精，在治療急重症上無法與西醫抗衡，因而轉為所謂的養生，爲了不失去自己的面子，還刻意扭曲「上工治未病 」 的意義，硬説中醫養生才是王道，用以掩蓋自己醫術差、無法治療急重症。到了當代，中醫和中華民族自信心扯上了關係，急於復興中醫。本來是件好事，可惜方法錯了，推展所謂的中醫現代化、中西醫合併。中醫研究不再討論經典古籍内容，也不以臨床療效爲依據，改以中藥材化學萃取物為主要研究對象，或者亂槍打鳥，拿同一個方劑用在幾百個糖尿病人身上，做一做統計分析交差了事，根本遠離了正統的中醫理論。</p>\n<p>世紀瘟疫大爆發了，那些中醫大師專家們免不了被咨詢如何以中醫對抗新冠。雖然我們不能以偏概全，但大多數所謂的  中醫大師專家，是中西醫合併的研究學者，臨床上並沒有什麽以純中醫方式治愈急重症的經驗，大多是西醫穩定危急病情後，再以中藥來幫忙調養。然而，那些大師專家們卻不能告訴大家治療新冠得使用這個西藥那個西藥，只好想辦法把新冠病人的症狀對應到中醫古書中的方劑，看看哪些方劑寫到類似的症狀組合，同時看看古書列出那些方劑的章節主要的討論是寒還是熱、是虛還是實。每一位大師專家查到不同本中醫古籍、不同的中藥方劑，也就導致這位大師專家說是寒、那位大師專家說是熱。換句話説，網上文章指出了這個分歧亂象，並不是中醫不科學，而是現在中醫學術界及教育體系出了問題，寫研究論文的多，能真正處理急重症的少之又少。</p>\n<p>中國國務院於2020年4月正式對外公佈，中醫藥管理局推動的「清肺排毒湯」為各種治療新冠中西藥裡最有療效的，大幅肯定中醫治療新冠的臨床療效。然而，等到中國疫情在中醫大力幫助下平穩後，負責領導抗疫的單位不堅守中醫醫理及辨證論治的方法，反而表示要推動更多的生化研究，以了解「清肺排毒湯」中哪些化學成分產生了對抗病毒的效果，完全回到了西藥的思維！同時，中國抗疫的工作依然停留在强制隔離及打疫苗上，好像中醫抗疫成功的事情根本沒有發生過，或者認爲中醫只是僥幸瞎貓碰到死老鼠，下次就不見得如此幸運了！</p>\n<p>如果引領中醫界的管理機關及專家教授們對中醫抗疫沒有信心，到頭來又回到了紙上談兵，只能跟在西醫後面充充場面，那麽，中醫被人謾駡為不科學、沒療效，那也就不能怪那些人誤解中醫、抹黑中醫了！</p>",
  "article_time": "2022年01月21日 17:11",
  "comments": [
    {
      "id": "e7c34dd7bc90f579c968513e68abef54",
      "author": "水晶发卡",
      "time": "2022年01月21日 18:42",
      "content": "<p>国内的新冠疫情能被很好的稳定，真的是全靠中医药，而且还是使用 清肺排毒汤这个通方。但是官方媒体只是提了一次，上层人士知道真相。主流的民间媒体都不会报道，真是为我们平民百姓感到悲哀过，一直认为是西药，呼吸机，抗生素治疗好的，更推崇西医了。我身边的人没一个知道是中医药救治了感染的人，我和同事讲清肺排毒汤，没一个人知道这个。这个汤剂生产后，只能在医院使用，民间根本没有。这还只是个通方都能有这么好的效果，李博士发布的处方效果应该更好更稳定。真希望国内推广李博士的预防处方，但是人心真的太可怕了，最后推广的是疫苗，核酸检测，收割韭菜。清肺排毒汤这个能出现在媒体字面上的处方都无法推广，李博士提供的处方估计更是会被别人有用心的人抹去。这种情况真不如把中医商业化，人性逐利，能赚钱了，就有地位，起码有资本做抗争了。</p>",
      "level": 0,
      "highlight": false,
      "children": [
        {
          "id": "bb084b37d1359474a8af428e57e0c1dc",
          "author": "李宗恩",
          "time": "2022年01月30日 19:36",
          "content": "<p>中國國務院、國家衛健委、國家中醫藥管理局皆大力推展「清肺排毒湯」，沒想到民間媒體竟然沒有什麼宣傳！</p>",
          "level": 1,
          "highlight": true,
          "children": [
            {
              "id": "ce95345df15d4ea8c13d9a0f5391bc34",
              "author": "sinozhou",
              "time": "2022年02月18日 02:03",
              "content": "<p>官方媒體也不怎麼宣傳。清肺排毒湯的擬方人是民間中醫葛又文。</p>",
              "level": 2,
              "highlight": false,
              "children": []
            }
          ]
        },
        {
          "id": "a9528a50a07150416182f303a63f848d",
          "author": "米卷",
          "time": "2022年12月28日 04:04",
          "content": "<p>现在的西医体系，都是以营利为目的。医疗就像中国的房地产一样，得需要这个拉动中国经济发展，医疗每年的GDP占百分之五，创造了数以千万的就业岗位，为中国的复兴做出了贡献，这个叫“死人经济”。也养活了无数的利益群体，这些群体也许会左右国家政策，正是因为中医低廉高效，所以绝对不能让它成为主流，不然几千万就业人员会跟你过不去，利益集团会跟你过不去。中医的复兴之时，肯定是国家不再需要靠医疗拉动经济发展之际；<br/>\n另一方面目前的西医水平解释不了中医，但还得需要资本驱动西医不断的研究，也许将来科学进步了，就能合理解释中医，只不过这个过程被当为西医小白鼠的病人就可悲了，这些病人就当是为科学献身吧。<br/>\n抗疫过后，中医依旧会被各种利益集团打压，成为夜壶，被丢到一旁。对我们普通人而言，自己懂点中医知识，照顾好自己和家人就够了。</p>",
          "level": 1,
          "highlight": false,
          "children": []
        }
      ]
    },
    {
      "id": "1b2fa01aed082573523b6363818e4144",
      "author": "魯豆腐",
      "time": "2022年01月21日 19:28",
      "content": "<p>Dr.李：您真的明確指點出當今中醫現下的病灶，這實在是不得不令我想念起倪師的大聲疾呼、用力針砭亂象之情。真的沒幾個中醫師敢直接了當的一語道破這些存在已久的亂現，因為可能就是他們所學不足無法點出癥結所在，只能胡亂歸類推托其辭。</p>\n<p>中醫的復興就得靠您們這些倪師的嫡傳門徒來撥亂反正，以免那些假道學者再在背後說三道四，如此下去中醫永遠淪為西醫們看不起又治不了重症的小嘍囉。</p>\n<p>真心疾呼倪門的傳人能為振興中醫大業一齊來出聲出力，更感謝Dr.李 您常年的心力付出，無愧於倪師的親傳</p>",
      "level": 0,
      "highlight": false,
      "children": [
        {
          "id": "427e1c424503b3fa02f9720e124f8c0c",
          "author": "李宗恩",
          "time": "2022年01月30日 19:40",
          "content": "<p>中國大陸靠著中醫壓下了新冠疫情，後續卻又把中醫丟在一旁，可見中國大陸那些中醫藥領導者並非真的相信中醫可以治癒新冠變種，這讓人很失望。</p>",
          "level": 1,
          "highlight": true,
          "children": [
            {
              "id": "3b4c4ef236eb2928348a35c493eccf2d",
              "author": "吳琉璃",
              "time": "2022年05月08日 08:58",
              "content": "<p>其實也許不是不相信中醫, 而是中藥的只有幾根草藥沒有一點利潤空間.  疫情壓下來沒那麼緊急了, 又開始搞檢測推疫苗, 那是一個龐大的利益團體, 兩岸皆同, 全世界皆然.  </p>\n<p>李大夫您是現世中少有醫德醫術兼備的良醫, 請千萬不要讓這些狗屁倒灶的事情影響到心情. 信者恆信, 各有各自的造化. 能為傳統中醫留下火種世代傳承, 讓有心有福的人受益, 您和倪大夫以及其他極少數的中醫大夫都是天選的點燈之人!</p>",
              "level": 2,
              "highlight": false,
              "children": [
                {
                  "id": "e4de30a174c70f5458c74fa0b2d7d20b",
                  "author": "李宗恩",
                  "time": "2022年05月13日 10:26",
                  "content": "<p>謝謝你的支持及鼓勵。</p>",
                  "level": 3,
                  "highlight": true,
                  "children": []
                }
              ]
            }
          ]
        }
      ]
    },
    {
      "id": "e342211f4316349b8570ccb7cdb5b682",
      "author": "出師未捷身先死",
      "time": "2022年01月21日 20:00",
      "content": "<p>郭生白，名春霖，字润物，号生白。一九二七年农历三月初三生，出身中医世家，为第四代传人。四世祖承，六岁学医，四十岁著《伤寒论六经求真》，七十岁作《阴阳五行新解》，七十九岁著《本能论》。打成右派20多年，《伤寒六经求真》，右派期间，卫生部长崔月犁题写书名、签署出版。</p>\n<p>中文名<br/>\n郭生白<br/>\n别名<br/>\n春林<br/>\n国籍<br/>\n中国<br/>\n出生日期<br/>\n1927年农历三月初三<br/>\n逝世日期<br/>\n2011年11月21日<br/>\n职业<br/>\n医生<br/>\n出生地<br/>\n河北武强县<br/>\n<a href=\"https://baike.baidu.com/item/%E9%83%AD%E7%94%9F%E7%99%BD/6570268\" rel=\"nofollow ugc\">https://baike.baidu.com/item/%E9%83%AD%E7%94%9F%E7%99%BD/6570268</a><br/>\n郭生白已經于2011年去世，為何中醫黑杜撰他發表對於新冠的看法？請李博士需要擦亮眼睛，不要被一篇由網名為”科學公園”所寫的《聽中醫大師們診斷新冠，我整個人都裂開了》蒙蔽了雙眼。</p>",
      "level": 0,
      "highlight": false,
      "children": [
        {
          "id": "53035d98273622da4ffc2c4b3a00c006",
          "author": "李宗恩",
          "time": "2022年01月30日 19:41",
          "content": "<p>重點不是誰寫的，而是批評言論中，是不是真的有值得我們檢討的地方。</p>",
          "level": 1,
          "highlight": true,
          "children": []
        }
      ]
    },
    {
      "id": "ac623c2f66f0f6c27313ce0f2e4b79b5",
      "author": "Zeno",
      "time": "2022年01月21日 20:01",
      "content": "<p>郭生白教授不是已经在11年去世了么，怎么能给新冠开方。。。</p>",
      "level": 0,
      "highlight": false,
      "children": []
    },
    {
      "id": "a2f3986af4b4f3747df9f30461cb07d8",
      "author": "出師未捷身先死",
      "time": "2022年01月22日 03:23",
      "content": "<p>這些攻擊和抹黑中醫的人士由於受多年西醫的耳濡目染，在認知上對於中醫已經預設立場，不分青紅皂白，直接否認中醫的科學性。這些人的邏輯和美國朝野的那些共和黨右翼分子一樣，共和黨人士提到中國就想到曾經的蘇聯，中醫黑想到中醫就是魯迅所謂中醫是有意無意的騙子。想要改變這種根深蒂固的觀念還得用中醫的療效來征服這些人。譬如說原武漢金銀潭醫院的院長張定宇由於得了漸凍症腿腳不便，經過中醫按摩推拿之後得到了明顯改善，這讓他對於中醫的態度大為改觀，以前他可能也會詆毀中醫，但是真正體驗過中醫的治療後才讓他心悅誠服，對曾經不屑一顧的按摩推拿刮目相看。</p>",
      "level": 0,
      "highlight": false,
      "children": [
        {
          "id": "aeda1ce2979a7339abeba0cd4386fb81",
          "author": "李宗恩",
          "time": "2022年01月30日 19:43",
          "content": "<p>療效是最好的證明，不過，很可惜不少所謂的大師專家在臨床治療上的效果差強人意，這讓許多本來相信中醫的人們很失望，轉而成為中醫黑。</p>",
          "level": 1,
          "highlight": true,
          "children": []
        },
        {
          "id": "b8aa4a7f8cbc13dbd677d91a149ef2fa",
          "author": "中華子孫",
          "time": "2022年02月06日 08:07",
          "content": "<p>「直接否認中醫的科學性」<br/>\n他們心中的「科學」指的是「西洋科學」不是「中華科學」。他們是以西洋科學的框框的標準來要求中華科學，當然得到結論是，應該「直接否認中醫的（西洋）科學性」。就如同文字改革，西化的拼音派要搞拉丁化中文一樣，他們以西洋拼音文的字符（=挨屄吸字母）來跟中國的字符（=漢字）比較，西洋的字符（字母），祗能代表音素本身卻沒意義，等同是中華字符（漢字）的筆劃部件。而中文漢字是有意義的。文字是傳達意義的，站在意義立場看事情纔是最正確。兩種系統的文字，在形體上同是字符形式的，根本不在同一位階上。可是，西化派硬昰執著於外觀的字符形式，拿兩者來比，得出「漢字落後論」，漢字比西洋拼音文有三多五難問題（三多=笔画多，字数多，读音多；五难=难认，难读，难写，难记，难用）。但如果拿西洋拼音文的一個單字word來跟漢字比，這三多五難是比漢字更糟得離譜！<br/>\n以上，都是五四暨新文化運動所倡的「全盤西化」的後遺症。這全是民族自卑作祟，對傳統中華科學技術、學術完全失去信心所致。當時的廢中醫首倡者是清末大儒俞樾（後來他自己病找西醫無效而被中醫醫好，便改倡廢中醫保中藥），而倡廢漢字漢語全改用esperanto語的是他的徒孫錢玄同，中共第一屆領導人陳獨秀（當時的一位大學問家大學者）則倡廢漢字但保留漢語，這正是後來西元一九五六毛在蘇俄史大林催逼下啟動的文字改革（今之漢語拼音和簡化字；由於「漢語拼音文字」無法解決同音字識別，周恩來暫刪除「文字」兩字而名「漢語拼音」。於是便改推簡化字作暫時過渡斯的暫代品，導引人們的用字思惟向音靠攏。）說實在，這些住在象牙塔裡的讀書人，本身不從醫不從事科學研究不搞技術，卻光憑一點道聽途說的西洋哲學理論，便指稱中華無科學。實在兩者根本是不同系統，怎能混爲一啖。</p>",
          "level": 1,
          "highlight": false,
          "children": [
            {
              "id": "86a19da587ddd71ca29fce0510f88ad2",
              "author": "李宗恩",
              "time": "2022年02月08日 09:21",
              "content": "<p>科學就是科學，沒有所謂西洋科學或中華科學，而是在不同文化與時代背景下，有不一樣的表達及應用方式。以前及現在很多評判中醫不科學的人，其實對科學、中醫、甚至西醫的了解都非常有限，不過，反過來説，很多盲目推崇中醫的人，也胡亂解釋，導致更多人不相信中醫。</p>",
              "level": 2,
              "highlight": true,
              "children": []
            }
          ]
        }
      ]
    },
    {
      "id": "43151d368a49a3500c6c64587063b08d",
      "author": "秦嗷嗷",
      "time": "2022年01月22日 05:29",
      "content": "<p>李医师，这些也令我疑惑:想请教您，为啥“雖然黃帝内經提到風寒暑溼燥熱等外在因素可以導致生病， 但並不能說現代病毒等同於風寒暑溼燥熱的哪一個”？<br/>\n还有，他们可能是根据患者的症状反映和不同地方气候得出的，结果不同可能是因为不同阶段气候和症状的改变，也就是他们的结论可能只代表某一阶段看到的。<br/>\n当然中医没落，中医人有责任，但在中国，并不是有实力就有发言权，挺复杂的，中医管理机构也没有话语权，更没有资本的帮助。</p>",
      "level": 0,
      "highlight": false,
      "children": [
        {
          "id": "8f772cee0fc7d775213211165c0d06c4",
          "author": "內經初學者",
          "time": "2022年01月25日 19:07",
          "content": "<p>@秦嗷嗷： 以下是摘自倪師的《傷寒論》前言，這也許可以解答了你的疑問<br/>\n－－<br/>\n前  言<br/>\n在難經中有“五十八難曰：傷寒有幾？其脈有變否？然：傷寒有五,有中風,有傷寒,有濕溫,有熱病,有溫病,其所苦各不同。”傷寒這兩字,就廣義的定義來說,應該說是“傷於寒”。<br/>\n以上五種病,廣義地來說,都是傷於寒之後所引起的。<br/>\n另一種外感病我們稱為時疫,也就是不管體質如何,男女老少感染時疫之後,都是同一種症狀,所以我們可以分為傷寒、時疫這兩類,在治病的時候,處方用藥的思路略有不同。<br/>\n－－</p>",
          "level": 1,
          "highlight": false,
          "children": []
        },
        {
          "id": "4a4f4320650d6fb5ce2521b4230d4960",
          "author": "李宗恩",
          "time": "2022年01月30日 19:49",
          "content": "<p>中醫和西醫的理論角度及思維不一樣，不是西醫這個就等於中醫那個，這也是目前中醫教育失敗的地方。如果那些所謂的大師專家只看到瘟疫某一階段或某一地域的表現就做出定論，那代表他們對中醫的理解實在不深，臨床功力差強人意。一門學問的專家之所以被稱為專家，就必須超越一般水平、全面了解問題。</p>",
          "level": 1,
          "highlight": true,
          "children": [
            {
              "id": "58495af5037c8610f6d60eb6c3bac37b",
              "author": "李梁",
              "time": "2024年05月10日 09:59",
              "content": "<p>这是一个很严重的问题，上到大陆知名大牌中医师，下到普通自学中医爱好者，当人的病症或者脉象与方剂条文出现高度一致的时候，那么大概率就会给你使用此方剂，只要出现症状好转，然后就会对病症条文进行归纳总结，如此给后辈的中医学者进行走捷式的铺路！然而当你真正生病你去所谓的归纳总结中去寻找到了与你高度接近的那个方也好这个方也罢，吃下去半好半不好的比比皆是，然后就觉得方剂是错的，甚至开始怀疑中医，怀疑条文！这一点我自身在刚入门的时候深有体会！允许我自己举例多说一点吧，这也是我分享给几位岐黄好友的一个比较算是辩证到位的一个发生在我自己身上的一个成功案例！当年还没入门中医的时候我本身皮肤不好，常年皮肤湿疹，且阴囊湿疹也很严重！怎么办？温病条例翻了，倪老师讲的几个皮疹方剂全吃了，各种各样历代总结湿疹的方剂也吃了，病情总是辗转反侧，说好也说不好！偶然间在遇到了宗恩老师后，在听了宗恩老师的讲课，各种各样的病例分析，给予了我辩证论治的新的高度！倒不是针对宗恩老师的病例去搜寻与自己相似用药去给自己去套方！而是每个案例我会想奇怪，我一看就是这样子或者那样子，为何宗恩老师不是这样子那样子！虽然通过每个病例的描述让我们直接来看一个医生的开方，是对我们功力不足自学的中医人有点不公平的，但是我仍然会从整体的关键点出发，通过宗恩老师的开方反推病例中患者的描述，心里去主动创建一个整体的生理病学，这样而来才算是整个病例摸透彻！言归正传，湿疹！怎么办？各种方剂都试过了！好，你就不把它当做湿疹，先解决自身整体的平衡点！中下焦很寒(只是举例，以一个平衡点出发，实际调理的时候前后门都有铺垫！)，我用的附子理中与麻黄附子细辛汤内的加减，奇怪了，吃了皮肤越来越热，湿疹越来越痒！难道我在火上浇油？先不管！说好的整体辩证拉高平衡点！继续吃，加重的话就用中药外洗治标！(当时已经身体不足以支撑工作了，直接家里看病调养！所以我有时间来应对)奇迹出现了，在不到两周的时候，湿疹由加重的过程到减轻出现了了一个明显陡降！谈不上好转，但起码已经在收口结痂！为什么会这样子呢？这些药的条文没有说治疗皮肤病呀！为啥皮肤就恢复了呢！当然之前说过，在此阶段，同时有过对肝家汽油这道门的处理！但是我想整个药味中，这两个方剂的调整加减是对我个人的湿疹可谓举足轻重！为啥？难道你今天说我是因为血虚风燥起了作用？不尽然也！充其量4-6开！继续说，半月后处方更换，后续的治疗就跟宗恩老师病例的治疗方案很相似了，主要以健脾通利水道的方向做一些加减，适当加入南派的银花，连翘！当然方向一致，但是我的选择用药跟宗恩老师略有不同，因为我还要顾及到其他的门，这里就不一一细说了，那直到现在，皮疹已经完全恢复，即使停药也不会复发！当然或许这不是最好的治疗方法与方式，毕竟我们从a到b走了很大一个弯路，但是分享给大家是希望大家能够跳出条文与症状高度一致就冒然使用的怪现象！</p>",
              "level": 2,
              "highlight": false,
              "children": [
                {
                  "id": "4454d3bc98e269cb9b4a6d54795902aa",
                  "author": "潇航",
                  "time": "2024年05月11日 04:15",
                  "content": "<p>这位仁兄你的过去就是我的现在，我现在情况也是皮肤异常，小便不利，吃冷的东西容易拉肚子，大便偏粘腻。我的想法偏向于中下焦寒湿，清肝，利水入手治理。但很可惜家里人给的压力很大，不能在短期内改善很难说服他们，更别说让他们接受正确的中医治疗方案。不过好消息是我们这边不是很远的城市有倪老师学生，目前正在治理。一方面看看自己治理思路对不对，二看看这位学生是否有很好的临床治病水平。从目前很多同志反馈来看有些倪老师所谓学生恐怕只是借着倪老师名号敛财没有专注于临床治病，点名问止中医简直巨坑，当然也有一些不错的学生。等一个月过后看看这边倪老师学生水平如何，若是好推荐给大家，若是不行给大家避避坑。</p>",
                  "level": 3,
                  "highlight": false,
                  "children": [
                    {
                      "id": "0166edb94ec5cf725d72213d2a861ec2",
                      "author": "李梁",
                      "time": "2024年05月12日 08:44",
                      "content": "<p>说实话，其实我这个案例并不是个非常好的案例，之所以分享出来只是希望自学中医的人能够站在山的最顶端来看待人身体所发生的症状背后的平衡点所在，而不是看到这个方的条文是治这个病就服用这个方！就跟我结尾所讲，我从a到b绕了一个大圈，或许好的医家会从a到b能够兼容的同时提高更多的平衡点来保证这个过程平顺的度过，不会走很多弯路！毕竟中隔有寒，肝家里面的垃圾也很多，同时汽油也没了，脾家也虚掉了堆了一堆废水，同时本来身体的电池也破损了且又热入下焦，加起来造成下焦热且有湿疹，可惜的是一方面我担心a到b的过程中不同平衡点开门的关系升降的影响导致我不敢随意去考虑多个平衡点，毕竟自己的功力不能跟职业的医家相比！另外一方面是跟我抓药的医院每次看我都是自己开方，药味不会让我超过12味！导致我很难在平衡点上去取舍！所以最后才会出现消除中隔冰山的时候导致湿疹加剧，毕竟寒药的剂量配的太少！庆幸的是自己能够拿出来足够的时间去应对单个平衡点的负面影响，加剧的时候用的南派的药味去外洗涂抹！也庆幸的是自己能够在最后融中隔冰山的时候湿疹能够减轻5-6层，当然后续的治疗也很重要，还要去加深巩固健脾跟修补破损的电池为主的两个大方向！最后建议一点，如果你是在大陆国内的话，如果医家有耐心，在听取了医家的辩证，如果你觉得自己能够把你病理生理学看透彻，可以跟医家谦虚的进行适当的探讨，一方面有助于自己学习，一方面可以对病情有更好的把控！</p>",
                      "level": 4,
                      "highlight": false,
                      "children": []
                    }
                  ]
                }
              ]
            }
          ]
        }
      ]
    },
    {
      "id": "fba48ff8c356acce8d5238db3651f8d4",
      "author": "Veronique",
      "time": "2022年01月26日 06:55",
      "content": "<p>我是大陆出来的资深“看病家”，太了解国内中医诊疗及中医教育的大概水平了。李博士正说出了我想说的话，“臨床上並沒有什麽以純中醫方式治愈急重症的經驗，大多是西醫穩定危急病情後，再以中藥來幫忙調養”。有大病危急病治疗经验的中医在大陆真的是稀有物种，如有碰到纯属三生有幸，而新冠疫情并没有让中医有更多机会发挥作用，除了中医师的技术退化以外，更重要的还是医疗官方主管机构并不真的相信中医能治疗新冠或本身是西医的利益链条代言人，因此没有真正的动力和信念去让中医主导抗疫。这和中国几十年来从上到下的发展思路其实一脉相承，就是外国的一切都不能学，但高科技西医西药一定要学过来，中国的什么都好，就是中医中药太丢人太落后，一定要放弃。这是绝对主流和官方的意识形态，即使有个别官员提倡发展中医药最多也是中西医结合，即使这样也会遭到大部分主流官方的排挤或打压的，这也就是中医在新冠抗疫的开端有专家或个别官员出来喊了两下，后来没有太多下文的原因</p>",
      "level": 0,
      "highlight": false,
      "children": [
        {
          "id": "092a9feb5de023431fd33f819201f412",
          "author": "李宗恩",
          "time": "2022年01月30日 20:00",
          "content": "<p>謝謝你的分享。</p>",
          "level": 1,
          "highlight": true,
          "children": []
        }
      ]
    },
    {
      "id": "709cdf47b219d07febb6b9c1c3235b7f",
      "author": "Vincent.Do",
      "time": "2022年01月26日 20:30",
      "content": "<p>“重點是了解中醫如何解釋疫病發展的病理過程，提出不同階段的治療方針，而不是爭論中醫該如何看待新冠病毒的身份地位。”，我觉得这句话说出了问题所在，中医应该在临床。有李师这样的好临床家在，又肯于指导后学，真真正正是我们的人生大幸！</p>",
      "level": 0,
      "highlight": false,
      "children": []
    },
    {
      "id": "404e63a4fb2ad5f9d36750c358918144",
      "author": "Shamrock",
      "time": "2022年02月03日 09:39",
      "content": "<p>李醫師你好, 我是美國德州新手針灸師, 一些有經驗的針灸師跟我說中醫沒有辦法治療結構問題, 例如骨刺, 腰間盤突出, 膝蓋軟骨退化…我認為中醫可以治療結構問題…李醫師如果有時間可不可以談談中醫能否治療結構問題引起的痛症?萬分感謝! 實在不忍心看到病人做完手術更痛, 自己又無能為力…</p>",
      "level": 0,
      "highlight": false,
      "children": [
        {
          "id": "65dcfce5834f5eac20556d2171bc0c7a",
          "author": "李宗恩",
          "time": "2022年02月08日 09:17",
          "content": "<p>中醫可以治療結構性問題，不一定是完全逆轉，但可以讓病人正常生活。</p>",
          "level": 1,
          "highlight": true,
          "children": [
            {
              "id": "a48bbca7b7eb6da89bc2ace45383355a",
              "author": "艸水平",
              "time": "2022年09月12日 16:36",
              "content": "<p>林兩傳 中醫師（身體結構治療師）的書<br/>\n《身體的立體結構網路》<br/>\n<a href=\"https://www.books.com.tw/products/0010874057\" rel=\"nofollow ugc\">https://www.books.com.tw/products/0010874057</a></p>",
              "level": 2,
              "highlight": false,
              "children": []
            }
          ]
        },
        {
          "id": "185b2a57d1ff8b54a87a83168f615589",
          "author": "艸水平",
          "time": "2022年09月12日 16:37",
          "content": "<p>林兩傳 中醫師（身體結構治療師）的書<br/>\n《身體的立體結構網路》<br/>\n<a href=\"https://www.books.com.tw/products/0010874057\" rel=\"nofollow ugc\">https://www.books.com.tw/products/0010874057</a></p>",
          "level": 1,
          "highlight": false,
          "children": []
        }
      ]
    },
    {
      "id": "222e02103c8fe2316775f0f034b3e5c4",
      "author": "Arfan",
      "time": "2022年02月07日 22:36",
      "content": "<p>六经为病尽伤寒，气同病异岂期然？<br/>\n推其形藏原非一，因从类化故多端。<br/>\n明诸水火相胜义，化寒变热理何难。</p>\n<p>《说文》：疫，民皆疾也。<br/>\n人感疫气，化寒变热各不相同。</p>",
      "level": 0,
      "highlight": false,
      "children": [
        {
          "id": "5c06adfcc50d19faa2ef2a2e16f2b879",
          "author": "內經初學者",
          "time": "2022年02月09日 20:36",
          "content": "<p>@Arfan你提到的“化寒變熱各不相同” 是不是指的是“五臟移寒， 五臟移熱，六腑移熱”？</p>",
          "level": 1,
          "highlight": false,
          "children": []
        }
      ]
    },
    {
      "id": "49db03ed71d272c3db22399a5995c11c",
      "author": "carey",
      "time": "2022年02月10日 18:18",
      "content": "<p>看到宣傳打疫苗就害怕， 害怕當下的無知對將來造成無法預計的影響，<br/>\n可是國内那麽多頂尖人才， 爲何沒人能看透， 不能指明正確的道路呢？<br/>\n一味的跟著西方跑，好像疫苗真的是救命稻草，完全遺忘了當初是中醫藥拯救了國民！<br/>\n還缺一個真正的吹哨人！</p>",
      "level": 0,
      "highlight": false,
      "children": [
        {
          "id": "6928b3803cf3aabd3ec46d56a29da0be",
          "author": "李宗恩",
          "time": "2022年02月23日 09:58",
          "content": "<p>許多頂尖人才知道疫苗的問題，但不願意發聲，不想自找麻煩、影響自己的前途。這樣的情況到處都是，大部分的人都寧可當鄉愿，最大的惡，不是壞人做的，而是保持沈默的好人造成的。</p>",
          "level": 1,
          "highlight": true,
          "children": [
            {
              "id": "d29de0cae24ac1e9f7fe08686ef26cae",
              "author": "希冀",
              "time": "2022年05月26日 18:57",
              "content": "<p>感觉把钟国士也包含进去了</p>",
              "level": 2,
              "highlight": false,
              "children": []
            }
          ]
        }
      ]
    },
    {
      "id": "31ee8663c522677ab29ecbcfe91c7061",
      "author": "小兵～正陽",
      "time": "2022年03月09日 01:09",
      "content": "<p>倪老師就像是一個閱歷豐富的家長，在嚴厲的教育小孩，什麼是危險的，應該怎麽做才對，可是小孩明顯是被狐朋狗友帶壞了，聽不進家長的話，非要自己撞的頭破血流闖出一條路來</p>",
      "level": 0,
      "highlight": false,
      "children": []
    },
    {
      "id": "8908cb3bcfc2716f772d564134f10bf2",
      "author": "小兵～正陽",
      "time": "2022年03月09日 01:37",
      "content": "<p>舉個不太恰當的例子，有人問鐵釘有什麽作用，西醫的思路是，它需要有個明確的作用，並且要對大部分人都適用，於是寫了個功效：釘木板。中醫是思路是這東西一頭尖，一頭鈍，質地比較硬，具體有什麼用，不一定啊，要看什麽人用的用在什麼地方</p>",
      "level": 0,
      "highlight": false,
      "children": []
    },
    {
      "id": "2449d1abafd72c2a30e4fb555f544daa",
      "author": "風海無痕",
      "time": "2022年03月16日 06:47",
      "content": "<p>這個現狀，天下熙熙攘攘，皆為利來。個人的力量實在是太渺茫了，尤其是一群羊群。只能夠任由領頭羊驅使，可悲可歎。想想前一段時間，自己生病了，持續低燒。去個所謂的三甲醫院，一上來就做了全套，禽流感檢測，新冠檢測，抽血，肺部核磁共振。搞完等核酸結果出來已經3,4個小時過去了，急診醫生的結論是肺炎，具體要第二天咨詢專家，最好做好提前入院的準備，理由是床位緊張。當下就嚇怕了。第二天還好，趁著燒退了一部分，去找了個經方中醫，打了脈之後，3付藥之後就好了。</p>\n<p>唉，都知道經典中醫好，然而放眼一看，周圍有3,4個三甲醫院，卻沒有一個醫院的醫生是用經方的，首先一個醫院有十幾個科室，中醫科室就只有1個；其次，中醫科室裡，醫生也寥寥可數；再其次，這些中醫都是打著中醫的旗號，做著開驗血報告的工作。就沒有一個醫院是有經方中醫的。長久以往，又有幾個人會相信中醫呢？</p>\n<p>這個問題，已經不僅僅是醫學的問題了，路漫漫兮~假若將來可以經方桃李滿天下，或許可以寬慰一些~就現有情況下來看，這是很難的，涉及到太多人的利益了……唉</p>",
      "level": 0,
      "highlight": false,
      "children": []
    },
    {
      "id": "9a17b9de90c35f3e29c75405af5d2ff2",
      "author": "彭儿",
      "time": "2022年05月08日 01:57",
      "content": "<p>最近偶然看到一篇文章后才得知清肺排毒汤，无论是官媒还是民间，都没有大力宣传中医疗效，更加无奈的是，当把很少见到的中医预防方或中医对于新冠疗效的文章转发给身边朋友或同事时，很少有人会真正相信或一定程度的去质疑当前不科学的做法。中医复兴的路会很难、很长。宗恩老师加油。</p>",
      "level": 0,
      "highlight": false,
      "children": [
        {
          "id": "ffd7da300b510ae1f5599e2dfcdaf5d3",
          "author": "李宗恩",
          "time": "2022年05月13日 10:25",
          "content": "<p>謝謝你的支持及鼓勵。</p>",
          "level": 1,
          "highlight": true,
          "children": []
        }
      ]
    },
    {
      "id": "9889fcc49327658378ab4d3af4b35a1a",
      "author": "袁崇智",
      "time": "2022年07月01日 18:29",
      "content": "<p>你好，请问你为什么说搞检测推疫苗是个庞大的利润空间？中国大陆现在搞检测好像基本上都是免费的。想请教一下您的见解，谢谢。</p>",
      "level": 0,
      "highlight": false,
      "children": [
        {
          "id": "e39744ef92edb6e39939de88731921f9",
          "author": "李宗恩",
          "time": "2022年07月03日 12:38",
          "content": "<p>檢測和疫苗對人民是免費，但國家得付大量經費給提供檢測和疫苗的廠商。</p>",
          "level": 1,
          "highlight": true,
          "children": [
            {
              "id": "4e98582f813bc2433a2950f12cfae0ac",
              "author": "Vincent.Do",
              "time": "2022年07月16日 21:00",
              "content": "<p>2021全年全国卫生总费用支出逾75500亿元，这些钱当然是羊毛出在羊身上，最终还是百姓自已的钱。</p>",
              "level": 2,
              "highlight": false,
              "children": []
            }
          ]
        }
      ]
    },
    {
      "id": "eb910492c946fd133894df195116ab57",
      "author": "米卷",
      "time": "2022年12月28日 04:13",
      "content": "<p>现在的西医体系，都是以营利为目的。医疗就像中国的房地产一样，得需要这个拉动中国经济发展，医疗每年的GDP占百分之五，创造了数以千万的就业岗位，为中国的复兴做出了贡献，这个叫“死人经济”。也养活了无数的利益群体，这些群体也许会左右国家政策，正是因为中医低廉高效，所以绝对不能让它成为主流，不然几千万就业人员会跟你过不去，利益集团会跟你过不去。中医的复兴之时，肯定是国家不再需要靠医疗拉动经济发展之际；<br/>\n另一方面目前的西医水平解释不了中医，但还得需要资本驱动西医不断的研究，也许将来科学进步了，就能合理解释中医，只不过这个过程被当为西医小白鼠的病人就可悲了，这些病人就当是为科学献身吧。<br/>\n抗疫过后，中医依旧会被各种利益集团打压，成为夜壶，被丢到一旁。对我们普通人而言，自己懂点中医知识，照顾好自己和家人就够了。<br/>\n最后想问下李博士一个问题，因为我在广东，父母以后年纪大了，不方便去美国找您看，河南通许县人民医院还有倪师的弟子坐诊么，或者大陆哪里还有倪师的弟子？跪求</p>",
      "level": 0,
      "highlight": false,
      "children": [
        {
          "id": "7421053f769d905838caf6f6f0c24bd6",
          "author": "李宗恩",
          "time": "2022年12月28日 17:58",
          "content": "<p>中國大陸號稱倪老師弟子的，大多都不是真的弟子，你可以去找通許人民醫院的湯英主任醫師。</p>",
          "level": 1,
          "highlight": true,
          "children": []
        }
      ]
    },
    {
      "id": "abcd68c6f1b3793cde2b820f7f8509b2",
      "author": "米卷",
      "time": "2022年12月28日 04:33",
      "content": "<p>我比较早就看到了，说实话，那时在网上买了很多书，并跟着倪师视频学了一段时间，偶然看到倪师弟子最先在全国治愈新冠，我也大吃一惊。当时特别留意了清肺排毒汤，后来看到李博士的桂枝汤五苓散，在放开的第一时间，去药店抓了200副桂枝汤五苓散，50副清肺排毒汤。因为想着清肺排毒汤有几千成功案例，所以没用李博士的治疗方，后来发现在㾀痰和喉痛方面，清肺排毒汤力量不够。现在担心的是市场中草药要被抓完了，后面还会有第二轮感染，还准备再抓，为明年冬天做准备，这回用李博士射于麻黄加石膏汤加减</p>",
      "level": 0,
      "highlight": false,
      "children": [
        {
          "id": "f73602ee3972737a954dfd4291dfa79b",
          "author": "李宗恩",
          "time": "2022年12月28日 17:57",
          "content": "<p>你大概沒關注2020年初通許人民醫院的故事，清肺排毒湯是在我們上繳治癒病例到國家中醫藥管理局後，國家中醫藥管理局依據我們的思路及藥方而推出清肺排毒湯的。</p>",
          "level": 1,
          "highlight": true,
          "children": [
            {
              "id": "e119b801ebf94978db9a68dd6efd75e6",
              "author": "米卷",
              "time": "2022年12月29日 04:44",
              "content": "<p>肯定关注了，央视的新闻和您的文章我都看了好几遍了，就是看多了倪师视频，软件给我推荐了河南通许县人民医院的故事，当时我也是大受震撼。这个新闻和你关于新冠防治视频我都看了很多遍。倪师的书籍我在网上也买了十几本，倪师经方里的方子，六味地黄汤、桂枝汤，桂枝龙骨牡蛎汤，半夏泄心汤等我都喝过很多，各种隔姜灸我都试过，有些还是效果很不错。给我父亲开过桂知芍药知母汤，效果不错，风湿痛减轻了很多。“國家中醫藥管理局依據我們的思路及藥方而推出清肺排毒湯的”。这句话您文章里有，知乎倪师论语我有关注。<br/>\n汤英主任，我也知道，但网上的消息，她好像不在通许人民医院坐诊了。<br/>\n尊敬的李医生您好：昨天晚上，我在人纪交流群留意到您有个网站，想着为自己和家人就添加了您网站。谁曾想，今天早上与母亲通电话时，才发现母亲可能患有肝硬化，我把倪师有关肝病的视频都找了个遍，小柴胡汤、分消汤、补气建中汤。目前母亲肝区开始胀满，下肢有浮肿，眼睛视力有问题，掉头发，半夜多次醒来，时常抽筋，大便干燥，睡觉往来寒热，胃口一般，但精神尚可，60岁还在干活，幸运的是，除了服用降压药物，没有接受任何西的检查与治疗。看了倪师这么多视频，除了觉得可能适用分消汤，自己根本无从下手。倪师治疗无胆兼糖尿病患者的心得，根本就看不懂。现在内心万分焦急，倪师说这种病进程很快，今天从早到晚都在查倪师的资料，头疼了一天，我不想失去母亲，实在是自己没有办法，想到您是我最后的希望，希望您能帮帮我。</p>",
              "level": 2,
              "highlight": false,
              "children": [
                {
                  "id": "a084c89e6b13a29b08b4f54e7c3d39c0",
                  "author": "李宗恩",
                  "time": "2022年12月30日 10:10",
                  "content": "<p>有醫療需要，請聯絡診所 <a href=\"mailto:info@youngQi.com\">info@youngQi.com</a></p>",
                  "level": 3,
                  "highlight": true,
                  "children": []
                }
              ]
            }
          ]
        }
      ]
    },
    {
      "id": "3cac765e091c4b14dc8e2d15b5084e3f",
      "author": "致公墨客",
      "time": "2023年07月21日 02:14",
      "content": "<p>讲得太对了，李博！这就是中国大陆的现况，所谓的大师专家者滥竽充数不在少数，当下所谓的中医院早已名存实亡，早已是中表西骨，名为中医，而西药开的是一大堆，而明知西药久服会有脚水肿的附作用却不当面提醒，当病人或家属发现并告以知之时，才只回应说：吃西药有这种症状是正常的，不用担心！之后依然照开无误！<br/>\n而现今大陆已推行的医疗特殊门诊惠民优惠政策，本意固好，但事实是，籍此针对特殊病患，持药品优惠会价低于市面的幌子，事实不低于市面零售价，骗取老百姓的信任，专门推销所谓有特效实际上却附作用不小的西药，须定期定量服用才方可保命，如不吃，按现在的中国大陆的医疗水平是再也没办法的，如此这般的灌输和蒙蔽，因此特殊病患也只好不得不被接法证收和相信，因为他们都是持合法证上岗的大医生啊！也许，即使在这些大医生当中，有绝大多数的人在他自己的整个医生生涯里可能没有真正治疗好一个病患。<br/>\n为此，如今中国大陆的医学教育、  医生资格考核以及社会医疗的保障体系早已偏离正道，皆为西式体系，虽明赞传统中医，实地里却暗桩搅拌重重，且能真正继承传统中医的只得遗留在民间偏远，高手者年纪应皆已大！<br/>\n而汝倪师乃张圣现代之真身下凡，上天众生之德，以应天德泽众生也！</p>",
      "level": 0,
      "highlight": false,
      "children": [
        {
          "id": "36cabb82d95c41139d349b01b459e456",
          "author": "李宗恩",
          "time": "2023年07月21日 10:18",
          "content": "<p>謝謝你的分享。</p>",
          "level": 1,
          "highlight": true,
          "children": []
        }
      ]
    }
  ],
  "page": 15,
  "order": 4,
  "filename": "data\\page15\\page15_order3_a9528a50a07150416182f303a63f848d.json"
}