{
  "article_url": "https://andylee.pro/wp/?p=10304",
  "title": "Clubhouse 聊中醫",
  "content": "<p>在一些台灣朋友們大力推薦下，我們決定來試一試Clubhouse，在上面輕鬆地聊一聊中醫。</p>\n<p>時間：台北七月四日週日早上11點 / 加州七月三日週六晚上8點</p>\n<p>連結：<a href=\"https://www.clubhouse.com/event/my48bKKn\">https://www.clubhouse.com/event/my48bKKn</a></p>\n<p>主持人：玓靜（<a href=\"https://www.instagram.com/gloria.lyu\">https://www.instagram.com/gloria.lyu</a>）</p>\n<p>方式：先由主持人發問，然後開放大家提問，主持人依據當時情況點選提問聽眾。</p>\n<figure class=\"wp-block-image size-large\"><a href=\"https://andylee.pro/wp/wp-content/uploads/2021/06/Screen-Shot-2021-06-26-at-7.06.16-PM.png\"><img alt=\"\" class=\"wp-image-10303\" decoding=\"async\" fetchpriority=\"high\" height=\"559\" sizes=\"(max-width: 661px) 100vw, 661px\" src=\"https://andylee.pro/wp/wp-content/uploads/2021/06/Screen-Shot-2021-06-26-at-7.06.16-PM.png\" srcset=\"https://andylee.pro/wp/wp-content/uploads/2021/06/Screen-Shot-2021-06-26-at-7.06.16-PM.png 661w, https://andylee.pro/wp/wp-content/uploads/2021/06/Screen-Shot-2021-06-26-at-7.06.16-PM-300x254.png 300w\" width=\"661\"/></a></figure>",
  "article_time": "2021年06月26日 19:21",
  "comments": [
    {
      "id": "d336c8112a84fcdd94b7eda7b92f9df7",
      "author": "lmc",
      "time": "2021年06月27日 06:56",
      "content": "<p>李师，用药的时候发现，长期失眠的病人或者阴虚的人，用了六味地黄丸的加持，效果非常好，六味地黄丸是不是也可以延缓衰老。</p>",
      "level": 0,
      "highlight": false,
      "children": [
        {
          "id": "019f5fde6e773f91499b030fb1ed5f8e",
          "author": "李宗恩",
          "time": "2021年06月28日 14:48",
          "content": "<p>六味地黄丸有其好處，但不是什麽人都能拿來延緩衰老。</p>",
          "level": 1,
          "highlight": true,
          "children": []
        }
      ]
    },
    {
      "id": "c3876e1282699f6ef764c2c41549495b",
      "author": "selinatseng",
      "time": "2021年07月03日 22:01",
      "content": "<p>因為晚進房，可是進房後聽到的太精彩了，我也是倪老師迷，但今天李醫師最後的建議跟重點如醍醐灌頂！請問醫師在哪裡可以聽未進房之前精彩內容呢？</p>",
      "level": 0,
      "highlight": false,
      "children": [
        {
          "id": "b07920a91efb1ac817108f461a533ff9",
          "author": "李宗恩",
          "time": "2021年07月07日 10:32",
          "content": "<p><a href=\"https://andylee.pro/wp/?p=10372\" rel=\"ugc\">https://andylee.pro/wp/?p=10372</a></p>",
          "level": 1,
          "highlight": true,
          "children": []
        }
      ]
    },
    {
      "id": "27841e48c5a1fbfd8dadc6880785ea69",
      "author": "颜永信",
      "time": "2021年07月04日 06:58",
      "content": "<p>化学家李宁先教授《中医医论》讲座<br/>\n<a href=\"http://www.360doc.com/content/20/0213/17/41761116_891765571.shtml\" rel=\"nofollow ugc\">http://www.360doc.com/content/20/0213/17/41761116_891765571.shtml</a></p>",
      "level": 0,
      "highlight": false,
      "children": [
        {
          "id": "fd5386c598443a2368765bdd0d7c57ea",
          "author": "颜永信",
          "time": "2021年07月04日 07:05",
          "content": "<p>许多栏目打不开。打开了忙留言。请李宗恩老师对自学中医的化学家李宁先做点评论，到底他的哪些观点有问题。这人自称中医西医都不喜欢他，也没有见他任何中医处方。</p>",
          "level": 1,
          "highlight": false,
          "children": [
            {
              "id": "2cca4a82abb427b2db0e556c52d0242b",
              "author": "李宗恩",
              "time": "2021年07月07日 10:35",
              "content": "<p>這位化學家的學習精神可嘉，但對中醫的認識仍相對粗淺，應該先深入學習並累積更多臨床經驗後，再提出自己的想法，那樣會更完善許多。</p>",
              "level": 2,
              "highlight": true,
              "children": []
            }
          ]
        }
      ]
    },
    {
      "id": "94a88775a6251c61de42cc08eb09d3de",
      "author": "Murphy",
      "time": "2021年07月04日 20:58",
      "content": "<p>以前倪醫師的部落格經常講中醫有寒熱觀念，西醫沒有，又說胃喜熱不喜冷，所以勸人最好一年到頭都喝溫開水，不要吃冰，吃冰對人體的氣血循環阻礙很大，我看了覺得很有道理，所以從此不吃冰了，像是挫冰、飲料加冰塊這種一律停止，即使是酷熱的夏季，也非常少喝冷飲，頂多就是去便利超商買解渴用，10 多年來看過的中醫師沒一個在喝手搖飲料，大多是泡茶，而看到的西醫師很多看診時就邊喝手搖飲邊看診，所以中西醫在養生觀念上就有巨大的差異，誰對誰錯，時間會見真章，你要相信幾千年都沒有辦法被推翻的觀念，還是幾百年而已並且爭議不斷的觀念？</p>",
      "level": 0,
      "highlight": false,
      "children": []
    }
  ],
  "page": 15,
  "order": 10,
  "filename": "data\\page15\\page15_order9_357afb0bfd64d265fdcced53c7f7c57b.json"
}