{
  "article_url": "https://andylee.pro/wp/?p=11092",
  "title": "人工取卵造成子宮急速增大",
  "content": "<p>這位年紀不大的女病人，因爲有個九公分的子宮肌瘤，在婦產科醫生建議下，打算手術切除。 婦產科醫生也建議，在切除子宮肌瘤前，應該先人工取卵，以免有什麽複雜情況產生不良的影響。爲了增加取卵成功幾率，人工受孕中心的醫生給這位病人促進排卵的藥物，人工取卵是成功了，然而，卻出了大問題。在藥物的影響下，不但原本九公分子宮肌瘤立即成長到十四公分，更嚴重的是，病人整個小腹大大地鼓起來了，如同放了一個排球在肚子裏，又大又硬。病人趕忙到婦產科檢查，超聲波影像顯示並不是一般常看到的腹水副作用，而是病人的子宮脹大了好幾倍！</p>\n<p>病人上周第一次來看診，因爲病人仍一直出血不停，我把重點放在緊急止血上面。前幾天病人回診，出血量減小，暫時沒有生命危險，我開始試著縮小病人的子宮，希望在病人二月中回台灣前，能看到一些進展。</p>\n<p>我一直在思考，爲什麽這位病人子宮會急速增大，雖然促進排卵的藥物會有許多副作用，造成子宮這麽大幅脹大、這麽快速的倒很少見。然而，這大半年來臨床上看到許多病人因爲打了新冠疫苗後月經大亂、關節炎加重、身體發炎長久不消，甚至停經多時的女士又再度有月經等等。同時，也有許多西醫研究顯示，新冠疫苗可能導致免疫系統混亂，而免疫系統混亂可能導致内分泌系統混亂，<meta charset=\"utf-8\"/>月經失調已經被承認為副作用之一。換句話説，這位女病人接受的促進排卵藥物，本來可能不會導致如此巨大的副作用，但是，當内分泌系統因新冠疫苗而混亂時，很可能因爲這些藥物而導致非常大的影響，造成子宮急速增大。</p>\n<p>雖然我們不能確定這位病人的病情是不是在促進排卵藥物及新冠疫苗的綜合作用下產生的，這不失爲一個合理的假設，等待更多研究及病例來證實。然而，這其中顯示倉促推出新冠疫苗又强制施打的巨大問題，目前已經知道新冠疫苗可能導致免疫系統及内分泌系統混亂，年輕人因爲疫苗導致心肌炎及其它副作用而住院的病歷，比因感染新冠而住院的病歷還多。那麽，一定還有更多人因爲新冠疫苗而導致免疫系統及内分泌系統的隱憂，現在可能沒有什麽症狀表現，未來如果沒有其它藥物誘發，可能也以為沒事。然而，一旦生病了，需要使用某些本來認爲適用的藥物，卻導致如同這位病人一般的嚴重問題。更可憐的是，遇到了這樣的不幸，心裡很清楚和新冠疫苗有關，卻還被人謾罵為反科學，就算是有十足的證據，很抱歉，幾乎所有國家都免去<meta charset=\"utf-8\"/>新冠疫苗藥廠的法律責任，病人只能自己想辦法吞下苦果。</p>\n<p>這也是為什麼歷史上許多經驗告訴我們，一個新開發的疫苗需要好多年來測試，就算是初期效果良好、沒有明顯副作用，也得等好幾年來確定。緊急開發的新冠疫苗，本來應該只在當事人同意下，使用在高風險人群上。各國政府、公司機關、及許多人用法律及道德綁架來逼迫所有人打疫苗，說什麼利大於弊。這就好像遠古時代，部落每年得選個年輕男女投入火山洞或大海裡來避災一樣，他們當時也認定這是非常邏輯合理的方法，犧牲幾個人來換取大家的平安，<meta charset=\"utf-8\"/>利大於弊！</p>\n<p>其實，這或許是中醫的一個契機，全世界過半的人都打了<meta charset=\"utf-8\"/>新冠疫苗，在未來十年二十年中，很多人對西藥的反應會變得十分異常，因而被迫放棄西醫治療。中醫卻不會因此而不知所措，或許病情變得複雜些，也或許病人康復變得緩慢些，但中醫還是按照辨證論治的思維，一步一步修正病人體內平衡失調的各種問題，療效依然良好。當然，醫生還是以病人健康為首，無論中西醫，我們都還是不願意看到任何一種醫療方式失去了效果，甚至加害病人。</p>\n<p></p>\n<p></p>\n<p></p>",
  "article_time": "2022年02月04日 19:48",
  "comments": [
    {
      "id": "3aaa52c6cfc7f4daf93f3b4c4949ddfe",
      "author": "內經初學者",
      "time": "2022年02月05日 08:21",
      "content": "<p>疫苗的副作用太多了，舉幾個在視野之內的例子：<br/>\n1.某男三針後得奧米克隆。<br/>\n2.某女三針後月經變成兩次。<br/>\n3.某男三針後右手肌肉僵持（還真的附合針灸中講的左右關係）。<br/>\n4.某女一針後小腿時不時抽筋。 （還真的附合針灸中講的手腳關係）。</p>",
      "level": 0,
      "highlight": false,
      "children": []
    },
    {
      "id": "b212eeaaadd0bd89efb94ee632633bb7",
      "author": "永恒的爱恋",
      "time": "2022年02月08日 18:53",
      "content": "<p>因为深受倪师的影响，我自己是没有打疫苗，但是现在大陆不打疫苗确实也很大的压力，资本的力量是很强的，强到可以主导社会舆论，现在香港已经开始强制打疫苗了，不知道后续会怎么样，真的希望有更多像李博士这样的有志之士敢于说出自己的看法来建立真正正确的观念和体系。</p>",
      "level": 0,
      "highlight": false,
      "children": [
        {
          "id": "6c11f150cb1f4134fb7a89bdcce101f3",
          "author": "李宗恩",
          "time": "2022年02月23日 09:54",
          "content": "<p>龐大利益下，很少資本家及政客不會受到誘惑的。</p>",
          "level": 1,
          "highlight": true,
          "children": [
            {
              "id": "9b2ea348a9926be0370bf83cbecf2a21",
              "author": "王脾胃",
              "time": "2022年09月08日 14:10",
              "content": "<p>大陆几乎就是强制，孩子上学，没有疫苗接种证明，压根就不收你。</p>",
              "level": 2,
              "highlight": false,
              "children": []
            }
          ]
        }
      ]
    },
    {
      "id": "1e748124309377500b1eaac1eb023795",
      "author": "小兵～正陽",
      "time": "2022年03月08日 20:55",
      "content": "<p>請教李博士，激素是不是可以理解為被盜用的虎符，強行调用了國家精銳部隊作戰。激素用多了，就像一個國家有多個皇帝，導致主不明，而內分泌紊亂。</p>",
      "level": 0,
      "highlight": false,
      "children": [
        {
          "id": "6993d53aefbcfef7fa0c1567db235e52",
          "author": "李宗恩",
          "time": "2022年03月09日 16:22",
          "content": "<p>你可以這樣粗略的比喻。</p>",
          "level": 1,
          "highlight": true,
          "children": []
        }
      ]
    },
    {
      "id": "89812dc7e263f5ab47a129afa06c5927",
      "author": "vyjony",
      "time": "2024年03月05日 22:20",
      "content": "<p>李老师，请问，子宫肌瘤大的，医院都是让做手术切除~，请问大的子宫肌瘤是不是可以通过服用中药来治疗？期待您抽宝贵时间进行回复，谢谢~~</p>",
      "level": 0,
      "highlight": false,
      "children": [
        {
          "id": "882dce51396f6707b657c34c2cbe5d06",
          "author": "李宗恩",
          "time": "2024年03月06日 10:34",
          "content": "<p>一般情況下可以，但每個病例不一樣。</p>",
          "level": 1,
          "highlight": true,
          "children": [
            {
              "id": "e38887c387f77afbf7151ccc96c60b51",
              "author": "vyjony",
              "time": "2024年03月06日 16:47",
              "content": "<p>感谢李博士回复，这更加坚定了我用中医治疗的决心。谢谢~~</p>",
              "level": 2,
              "highlight": false,
              "children": []
            }
          ]
        }
      ]
    },
    {
      "id": "836ef904e82552ffab92ced00bd62d2c",
      "author": "vyjony",
      "time": "2024年03月06日 16:50",
      "content": "<p>传承经方中医，您辛苦了，永远支持经方中医，永远支持您~~</p>",
      "level": 0,
      "highlight": false,
      "children": [
        {
          "id": "1b32ff38b7dbc9404ff3bb2c87c176a6",
          "author": "李宗恩",
          "time": "2024年03月14日 12:23",
          "content": "<p>謝謝你的支持及鼓勵。</p>",
          "level": 1,
          "highlight": true,
          "children": []
        }
      ]
    }
  ],
  "page": 15,
  "order": 2,
  "filename": "data\\page15\\page15_order1_b212eeaaadd0bd89efb94ee632633bb7.json"
}