{
  "article_url": "https://andylee.pro/wp/?p=10441",
  "title": "十多歲少女突然呆滯、不說話、全身無力、吞嚥困難",
  "content": "<p>這位十多歲的少女，生活及上學一直都很正常，沒有什麼異於常人的健康問題病史。大約兩週前突然呆滯，不說話，對其他人的言語也沒有什麼反應，全身無力，走路得靠人攙扶著，不能自己吃飯，媽媽用湯匙一口一口餵食，二十多分鐘後才發現，食物都停留在嘴裡，無法正常吞嚥下去。</p>\n<p>病人的父母非常緊張，猜想是不是什麼嚴重的腦部病變，趕緊送急診。經過一長串的檢查，西醫們找不出來任何生理上的問題，腦部核磁共振影像正常，也沒有病毒感染的情況。經過幾番折騰，<meta charset=\"utf-8\"/>西醫們一致的結論是，病人有精神問題，得找<meta charset=\"utf-8\"/>精神專科醫師協助。這可把病人父母嚇壞了，擔心女兒會被逼著服用<meta charset=\"utf-8\"/>精神科藥物，甚至得用電痙攣治療(Electroconvulsive Therapy, ECT)，趕緊請求診所急診協助。</p>\n<p>病人來診所時，整個人像是癱軟的，靠著家人<meta charset=\"utf-8\"/>攙扶才能走動，坐在診間椅子上動也不動，兩眼直直看著前方，不說話，要她點點頭、張開口、伸出舌頭檢查等，沒有什麼反應。我一面聽著病人媽媽的陳述，一面設法檢查瞳孔反應及其它中醫的症狀，也同時問了一下病人家庭生活的情況。</p>\n<p>看診大約十分多鐘後，我請病人媽媽把病人帶出診間，在外面候診室休息。當病人媽媽一個人回到診間時，我看了看她，我緩緩說出了兩個字：「裝的」！</p>\n<p>病人媽媽很震驚，我仔細說明了診斷的理由。病人確實有些健康問題，氣血兩虛、瞳孔反應遲緩等等，但不至於造成如此嚴重的症狀表現。而基於我大量的情志疾病治療經驗，從病人媽媽的陳述中，我已經知道問題的癥結所在。我本來還對我的診斷有些猶豫，但是，當我要病人先到診間外休息時，病人的反應及起身的動作，和她之前表現的些許差異，讓我確定了我的判斷！</p>\n<p>為什麼會如此？這得從小孩子的成長環境來解釋。病人是一個很乖巧、聽話的小孩子，爸爸為典型的高科技工程師，工作繁忙，很少參與小孩子的成長過程，媽媽個性硬直，常常堅持自己的想法，要小孩子接受她的意見。小孩子長年在這樣的家庭生活下成長，本來有學校生活來平衡，很不幸的，從去年4月開始，加州學校因疫情改為在家網上上課，<meta charset=\"utf-8\"/>小孩子頓時失去了非常需要的宣洩管道，一年多來壓力不斷累積。如果是個叛逆的小孩，這時候會跟父母吵架，甚至離家出走，然而，這位小病人太乖巧了，沒有勇氣和父母正面起衝突，在有意識及無意識下，選擇了把自己「關起來」，切斷和外界互動的各種途徑。</p>\n<p>嚴格而言，並不能說病人是假裝的。長年的壓抑讓病人消化吸收不良、睡眠品質差等等，病人的情緒累積也讓她無法正常面對自己的壓力，生理及心理相互影響下，才會導致這樣的表現。病人確實需要服用中藥來改善生理狀態，並以此來幫助心理狀態。但是，<meta charset=\"utf-8\"/>「裝的」這二字最能讓病人父母了解問題所在，因而才能快速、有效的逆轉病情。</p>\n<p>這種情況下，非常重要的一點是，不能<meta charset=\"utf-8\"/>揭穿病人<meta charset=\"utf-8\"/>假裝的表現。病人之所以選擇<meta charset=\"utf-8\"/>假裝，就已經是一種情志問題，不能用正常的方式看待。我們要幫病人找到一個台階來「下台」，服用中藥是個一石二鳥的解決辦法，既可以改善病人生理問題，同時也讓病人「有理由」變好，讓其他人不覺得她以前是假裝的。當然，這其中有許多互動的要點，中醫師的中立角色也很關鍵。</p>\n<p>兩天前，病人媽媽帶病人回診，告訴我病人改善很多。上次看完診，服用第一碗中藥後，當天下午病人和家人到公園散步，不但不需要別人攙扶，走得還比其他人都快。這一週來，食慾大開，每餐都吃很多，這也難怪，之前不吃不喝，早就餓壞了。同時，開始和家人有許多互動，晚上會特意跑到爸媽房間來說話、來撒嬌。<meta charset=\"utf-8\"/>病人媽媽說，經過一週仔細的觀察，她也認定病人許多時候是裝的，因為不由自主下，病人的動作會「露餡」。</p>\n<p>第二次看診時，有段小插曲。我要病人伸出舌頭讓我看看時，雖然病人的反應比上次好很多，還是非常緩慢、不情願似地伸出一點點舌頭，病人媽媽忍不住說了一句「你明明就可以伸舌頭」，這讓我精神緊繃。病人離開診間後，我再次和病人媽媽強調，千萬不要揭穿病人，不然病人會再度把自己深鎖在內，繼續假裝下去，而裝久了就變成真的了！</p>\n<p>青少年精神疾病的問題，一大部分是源於父母教養的方式及家人互動的模式。做父母的在幫助孩子解決<meta charset=\"utf-8\"/>情志問題前，得好好認真思考及面對自己的心理健康及<meta charset=\"utf-8\"/>教養方式，很多時候問題的癥結不在孩子身上，而是在父母身上。另外，試想這位病人被送到精神科治療會發生什麼事？病人很可能會開始服用精神科藥物，那些化學藥物讓病人的頭腦更加無法正常思考，變成得終身服用各種不同精神科藥物，而精神科的電療法更是加重的精神虐待，讓人無法理解的粗暴治療方式。</p>\n<p>中醫，看準問題的癥結，四兩撥千斤，一週內快速改善，那中醫為什麼比較不科學？如果大家誤解中醫，寧可讓孩子服用嚴重影響頭腦的化學藥物及經歷殘暴的<meta charset=\"utf-8\"/>電痙攣治療，那我們也只能無奈地祝福那些人！</p>",
  "article_time": "2021年07月25日 12:38",
  "comments": [
    {
      "id": "797d3f6990bd02755efe6745030682b1",
      "author": "秦嗷嗷",
      "time": "2021年07月26日 12:46",
      "content": "<p>想问一下，李医师有没有治过儿童自闭症呀？</p>",
      "level": 0,
      "highlight": false,
      "children": [
        {
          "id": "e8a0f14402e125ff99e3b87b35ecfa4b",
          "author": "李宗恩",
          "time": "2021年07月26日 15:37",
          "content": "<p>自閉症的個案差異很大，比較難以幾個案例來討論整個治療的方向。</p>",
          "level": 1,
          "highlight": true,
          "children": [
            {
              "id": "172db7b11529257eb252156a3fc0b42b",
              "author": "lmc",
              "time": "2021年07月27日 04:48",
              "content": "<p>李师，三伏天我用五苓散，知柏地黄丸，把高血压，静脉曲张治好了，还要环跳酸，是不是和天气有关，三伏天人体毛孔打开，有利于血管病的治疗，当然攻补兼顾，不然会血虚，耳朵会翁翁作响。</p>",
              "level": 2,
              "highlight": false,
              "children": [
                {
                  "id": "5b598603e33ed11f78f24e14a3c8436b",
                  "author": "李宗恩",
                  "time": "2021年08月01日 17:42",
                  "content": "<p>不能確定天候在短時間內對人體的影響有多大，更何況現代人的生活在空調的室內為多。</p>",
                  "level": 3,
                  "highlight": true,
                  "children": []
                }
              ]
            },
            {
              "id": "0efcb45a4cf248fe3519976cac2791c0",
              "author": "秦嗷嗷",
              "time": "2021年07月27日 16:08",
              "content": "<p>哦哦！谢谢李医师的回复～</p>",
              "level": 2,
              "highlight": false,
              "children": []
            }
          ]
        }
      ]
    },
    {
      "id": "c11a4e458c713538152259d4e629e863",
      "author": "王建富",
      "time": "2021年07月26日 01:15",
      "content": "<p>師兄不但經方純熟，而且連心理學也融入中醫情志診斷，古代和現在都能貫通了，吾所響往也。</p>",
      "level": 0,
      "highlight": false,
      "children": [
        {
          "id": "929253e3ca97dc3315c22c3a958839a0",
          "author": "李宗恩",
          "time": "2021年07月26日 15:37",
          "content": "<p>謝謝你的支持及鼓勵！</p>",
          "level": 1,
          "highlight": true,
          "children": []
        }
      ]
    },
    {
      "id": "a24402a22d11b721ed2e87baa881cbbb",
      "author": "邵晓倩",
      "time": "2021年07月26日 15:20",
      "content": "<p>阅读李医生的诊治过程，我可以感觉到这位妈妈对孩子的关心。同作为母亲，其实我很理解这位女士的行为，父亲在某种程度上的缺席，确实会让一个母亲变得专断，因为母亲不希望一天有那么多收拾不完的烂摊子。极少有女性可以忍受日复一日，年复一年的家务，操持孩子，孩子这样那样的事情，突发的事情，都会让本来就已经疲惫的女性变得脾气烦躁，进而专断，这样可以减少不必要的麻烦。家庭如果是平衡的，父母和孩子之间的关系，才是正常的，充满尊重和信任的。丈夫如果是尽职的丈夫，妻子定然是好妻子，父亲如果是好父亲，孩子也会是好孩子。谢谢李医生分享的案例，为每一个阅读此文的家庭，提供思路，也告诉妈妈们，女性也要会关爱自己。</p>",
      "level": 0,
      "highlight": false,
      "children": [
        {
          "id": "71064214e864b160a88592a3142496f5",
          "author": "李宗恩",
          "time": "2021年07月26日 15:40",
          "content": "<p>是的，雖然這個病人的情況和媽媽管教方式有很大的關聯，不代表所有問題都來自媽媽，更不代表媽媽沒有盡心盡力支撐全家大大小小的事情，得從整個家庭生活互動模式來探討，不是爸爸或媽媽誰沒做好那麽簡單。</p>",
          "level": 1,
          "highlight": true,
          "children": []
        }
      ]
    },
    {
      "id": "2d2797d848a850f8c69c5e64e5c96021",
      "author": "Vincent.Do",
      "time": "2021年07月26日 16:09",
      "content": "<p>宗恩老師好，感谢您的分享。这個十幾歲的女孩压抑到这個地步，确实需要我們多方面反醒。作为药物辅助，您看是否可以小建中汤、桂枝龍骨牡蠣汤或柴胡龍骨牡蠣汤为主要用药方向？</p>",
      "level": 0,
      "highlight": false,
      "children": [
        {
          "id": "631d06bf1b39e13416dd4423cc235d23",
          "author": "李宗恩",
          "time": "2021年08月01日 17:39",
          "content": "<p>既然病人得許多表現是假裝出來的，自然不是聽到不吃飯就開小建中湯，更不是聽到情志病就開龍骨牡蠣等。</p>",
          "level": 1,
          "highlight": true,
          "children": [
            {
              "id": "763c6d7d9003032ad6d4be89a139b4d8",
              "author": "Vincent.Do",
              "time": "2021年08月02日 04:57",
              "content": "<p>问了個无腦的问题，感谢您的耐心回复。<br/>\n今天又看了一次这個案例，讓我感触最深的是您的胆识，敢于相信自己的判断。联想起之前看您所講，要細細品味伤寒金匮经方的每一味药的意义，临床药方是一味一味开出來的，深有感受。我受方证对应的影响較深，容易第一反應是針方、药方，目前正在努力向能够收集病患资料、逻辑推理找到病因、一味一味的开药方式转换。</p>",
              "level": 2,
              "highlight": false,
              "children": []
            }
          ]
        }
      ]
    },
    {
      "id": "8b367b9db31113d1bb79b4042d41de40",
      "author": "山林雾霭",
      "time": "2021年07月26日 16:40",
      "content": "<p>感谢李医师及时施以援手救助小女，短短一周多的中药治疗，孩子从外表看来已无异于平时，这让笃信西医科学性的孩子爸爸深深体会到中医的神奇，也让我更加坚定对浩瀚无垠的正统中医上下求索之心，感谢李医师！</p>\n<p>回想两周前的情景，小孩竭力想要吐出口腔里的口水，可因为嘴巴张不开而吐不出来，那番挣扎历历在目，至今让我心惊胆战。接下来的两天里孩子瘫软在床，连回复大家问候的力气都没有，不喝水，也不想吃东西，大便五六天没有了，小便也要提醒着才去。期间带小孩看了西医，血液各项指标大都正常，家庭医生认为是心理问题，应该找心理医生，怎知居家避疫后，心理医生供不应求，都不接受新病人，想快速看到的方法只有去ER，通常要等4、5个小时，这对虚弱的孩子来说是个折磨。敏锐的爸爸有所察觉，孩子的情况并没有那么糟糕，但作为妈妈的我完全被感性占据，深深自责平时给孩子的陪伴和耐心太少，严厉和催促太多，看着曾经可爱的孩子变得如此模样，我几次失控痛哭，一贯坚强睿智的爸爸见此情景眼眶湿润，哽咽自己平时的缺席不应该。</p>\n<p>以前总是维护中医 – 中医不是用来慢调身体的，中医是可以治疗重症急症的。事情发生在自己身上，体会才最真实。当时我觉得天要塌下来了，可是李医生说的“不用担心，没有那么严重”让我们全家人的心踏实了下来，当天孩子只喝了一碗药就好了大半，外婆连连称赞 “名医名不虚传”:) 比较之下，目前西医的进展是： 要做EEG, MRI, 今天还接到电话说，医生推荐做eating disorder consultation，但是治疗的预约要等8～10个月！我告诉接线员，小孩吃饭已经没有问题了，胃口也完全恢复了，已经不需要预约了。</p>\n<p>我不怪孩子在恢复过程中有装的成分，那说明我们平时给她的爱和关怀不够，感谢她的表演让我们自省：家才是一个人最终的归宿；等待是更耐心的爱。感谢李医师的指点和批评！</p>",
      "level": 0,
      "highlight": false,
      "children": [
        {
          "id": "1b985a14e4e0927dab4d481740c8984d",
          "author": "shawn",
          "time": "2021年07月27日 02:49",
          "content": "<p>为你感到开心；<br/>\n中国家庭的教育会不知觉地趋于功利化，而且很多家庭压力都是无形的；<br/>\n或许偶尔你可以换个角度想想，这样做孩子开心吗，孩子喜欢什么，需要什么，换个角度会不太一样。</p>",
          "level": 1,
          "highlight": false,
          "children": [
            {
              "id": "41f87d9c95f1fd772f9c4e4cb886b9cc",
              "author": "山林雾霭",
              "time": "2021年07月27日 16:03",
              "content": "<p>教育的方式方法，以鼓励支持为主。谢谢你的建议！</p>",
              "level": 2,
              "highlight": false,
              "children": []
            },
            {
              "id": "b76903751f9c46f53d53853dd3bd0a52",
              "author": "山林雾霭",
              "time": "2021年07月27日 16:07",
              "content": "<p>其实作为父母，对孩子最大的期望就是他们过得开心，拥有积极乐观的生活态度。以后确实要修正一下教育的方式方法，以鼓励支持为主。谢谢你的建议！</p>",
              "level": 2,
              "highlight": false,
              "children": []
            }
          ]
        },
        {
          "id": "fca446cb1dac557cfd016b550c220fb3",
          "author": "June Lin",
          "time": "2021年07月30日 07:58",
          "content": "<p>其實我們都在社會跟文化結構下, 沒有人不會遇上挑戰, 沒有家不會出現難關,作為家長,您們肯定有許多不容易的承擔,您的勇於面對難題並願意為孩子做出改變,就是愛的展現,也是您家人一起成長的寶貴力量 ;也真的很幸運,遇到李醫師,作出睿智的判斷與協助,不至落入主流精神醫療的處遇模式得走上一條更艱辛的路.羨慕您們有這樣的好因緣找到李醫師, 相信您的孩子及全家會越來越好的, 祝福您們.</p>",
          "level": 1,
          "highlight": false,
          "children": []
        }
      ]
    },
    {
      "id": "d25e77ecf4a86fe0b7e5f6607e7a8c90",
      "author": "g",
      "time": "2021年07月27日 23:39",
      "content": "<p>感谢，除了感谢更多的是行动，去普及正确的中医常识，倪师常说的common sense.</p>",
      "level": 0,
      "highlight": false,
      "children": []
    },
    {
      "id": "7bc6d391c3623c49a2cbe3d1abd730ad",
      "author": "June Lin",
      "time": "2021年07月30日 07:42",
      "content": "<p>李醫師您好,<br/>\n日前從台灣news-98的專訪才得知您作了這樣多了不起的工作,聽了您對中醫與中藥的認識理路有別於被西方思維主導下的”科學”中醫/中藥. 看到上面您與這位孩子及家長的處遇, 更是為之振奮, 這才是我一直期待能看到的”中醫心理學/中醫精神醫學” , 另您的一則回應沒將問題簡化地就歸因於家長,而能以更大的視野著眼於複雜系統的動力, 這樣的視野才可能真有機會讓家的每一個人可能都有的不易辨認與訴說的承載及辛苦被治療者支撐起來.這個感動促使我想要在此回應.<br/>\n我個人有幸在二十年前參與到台灣一個很特別的研究單位,在那兒從物理學與文化人類學前輩取經,聽聞系統觀的中醫學概論認識方式, 耆老相繼已歸西, 我那單位人單力薄也在大局下被整併難以發展, 為向啟發我的已故前輩們致意, 我寫了篇文章討論現今中醫心理學方向與方法偏離了中醫文化的主體性, 前年刊在台灣一份心理期刊上, 仍有些發展方向上的疑問, 不知可否向李醫師請益, 如能蒙您百忙中指導, 非常感謝.</p>",
      "level": 0,
      "highlight": false,
      "children": [
        {
          "id": "51ec30f195e99ea193a8ce2af38ff2a3",
          "author": "李宗恩",
          "time": "2021年08月01日 17:48",
          "content": "<p>謝謝你的支持及鼓勵，如果我能幫得上忙，我會盡可能幫忙。</p>",
          "level": 1,
          "highlight": true,
          "children": [
            {
              "id": "fb5fc8536db6c9262ff2ba321cc87ca5",
              "author": "June Lin",
              "time": "2021年08月02日 20:38",
              "content": "<p>感謝您, 我先從messenger另寄我先前寫的觀點給您, 再向您提問,非常感謝, 只是救人要緊, 您一定是非常非常忙碌,我的問題也急不來, 您尚有餘裕再回就好.再次感謝. 另,台灣這邊真有如此類涉及家庭關係心理困難的問題, 可與您約遠距看診嗎?</p>",
              "level": 2,
              "highlight": false,
              "children": []
            }
          ]
        }
      ]
    },
    {
      "id": "1c0457f5b523564d2043519caf9066f9",
      "author": "天相铃",
      "time": "2021年07月30日 17:59",
      "content": "<p>李医生，新冠病毒以后是不是会一直存在，那我们以后都必须像现在这样都得常常戴着口罩吗，你觉得大概多少年后，世界会回到那个不需要戴口罩，不需要隔离的时代?</p>",
      "level": 0,
      "highlight": false,
      "children": [
        {
          "id": "12a7ba619e72504a6874300c218f661a",
          "author": "李宗恩",
          "time": "2021年08月01日 17:52",
          "content": "<p>這無法預測，戴不戴口罩不僅僅是傳染病理論的問題，更是社會政治的議題。</p>",
          "level": 1,
          "highlight": true,
          "children": []
        }
      ]
    },
    {
      "id": "88251e5114142d8d6aa6434aaa39a761",
      "author": "东方",
      "time": "2021年07月30日 18:05",
      "content": "<p>李老师您好，打了三针疫苗手臂出现磁性，请问这在中医的医理是为什么？谢谢李老师</p>",
      "level": 0,
      "highlight": false,
      "children": [
        {
          "id": "bff90f89fa19b27d364cca8f27729bf0",
          "author": "李宗恩",
          "time": "2021年08月01日 17:54",
          "content": "<p>據我了解，手臂出現磁性的現象並沒有被證實，黏度高的汗液等都有可能讓金屬不掉落。</p>",
          "level": 1,
          "highlight": true,
          "children": []
        }
      ]
    },
    {
      "id": "1f9efa6a763d2c982fb6bb3d2e199abb",
      "author": "Mx",
      "time": "2021年07月31日 20:05",
      "content": "<p>李老师，您好，请问下现在的德尔塔病毒据报道传播速度很快，和之前的新冠有什么异同吗？您之前开的通方还适用吗？还望您有空的时候可以写个文章讨论一下，谢谢</p>",
      "level": 0,
      "highlight": false,
      "children": [
        {
          "id": "8c24920f72de2a55b6792b07020190b1",
          "author": "李宗恩",
          "time": "2021年08月01日 17:57",
          "content": "<p>通方是沒有辦法下的應急辦法，雖然目前Delta變種在中醫上看來依然吻合原本的思路，還是應該找中醫師看診。</p>",
          "level": 1,
          "highlight": true,
          "children": []
        },
        {
          "id": "6675416ba6b210a7b9c0bdb36766c369",
          "author": "ET",
          "time": "2021年08月07日 04:51",
          "content": "<p>根据一些医生的报告，delta变种的临床表现比较像感冒，就是发热、恶寒、头痛、身体痛等，而比较没有之前常见的失去味觉或嗅觉的症状。这造成很多病患或医生认为是得了感冒而没有自行检测或隔离，结果感染更多人。<br/>\n即便如此，用伤寒论的方子辨证论治，绝对比用网上盛传的杀虫药靠谱。</p>",
          "level": 1,
          "highlight": false,
          "children": []
        }
      ]
    },
    {
      "id": "12fe50983503c572f021f49ee8150284",
      "author": "李c",
      "time": "2021年08月01日 03:22",
      "content": "<p>疫苗这个问题不应该打的只有迫于无奈。最近也有报道说打了疫苗还是被感染，专家给出的答复意料之中。疫苗并不能代表对这个病毒有用，只是试试看看有没有效果，最近专家又建议继续接种疫苗来预防。 如果之前的人打了3针疫苗，现在又有少部分人重新接种疫苗，明白人想想都有多可怕了。打这个疫苗对肝和心脏伤害有点大。我个人的观点，谢谢</p>",
      "level": 0,
      "highlight": false,
      "children": []
    },
    {
      "id": "3db1842407d1148ee5b9613219f33349",
      "author": "山林雾霭",
      "time": "2021年08月02日 06:39",
      "content": "<p>谢谢你,June。我们一直很珍惜和李医师相识的缘分，希望更多的需要帮助的家庭能和李医师结缘。</p>",
      "level": 0,
      "highlight": false,
      "children": [
        {
          "id": "40b65ddc2560b5ec4bb0a63024d4f0d9",
          "author": "June Lin",
          "time": "2021年08月03日 19:30",
          "content": "<p>也謝謝您願意分享經驗, 日後也許需向您請益,感謝</p>",
          "level": 1,
          "highlight": false,
          "children": []
        }
      ]
    },
    {
      "id": "5dea9685bb72818e73d0feb8208148bf",
      "author": "jerry",
      "time": "2021年08月11日 16:57",
      "content": "<p>少阴经风邪内动</p>",
      "level": 0,
      "highlight": false,
      "children": [
        {
          "id": "fa87b61cfe99abafc4fb64e8565343a6",
          "author": "李宗恩",
          "time": "2021年08月12日 13:44",
          "content": "<p>不是</p>",
          "level": 1,
          "highlight": true,
          "children": []
        }
      ]
    },
    {
      "id": "4607dcaa87ee58e1f725a5da0305df39",
      "author": "Jinyi",
      "time": "2021年08月22日 07:27",
      "content": "<p>李医师我想请问你，倪师说当归是有油脂的，所以他买了很多冰箱来保存它，是不是意味着倪师的当归都是用的新鲜带水分的那种，不是晒干后的那种?您这边用的那种呢？</p>",
      "level": 0,
      "highlight": false,
      "children": [
        {
          "id": "272921e842e83539c62e3bb8277fbb7d",
          "author": "李宗恩",
          "time": "2021年08月25日 13:37",
          "content": "<p>當歸得有油脂，放在冰箱中冷藏。</p>",
          "level": 1,
          "highlight": true,
          "children": []
        },
        {
          "id": "ed0649aa5e7b68f4b01f6c1ba2b1b36c",
          "author": "ET",
          "time": "2021年08月25日 22:40",
          "content": "<p>倪师远在美国当然没有可能拿到新鲜刚从地里挖出来的当归，从地里挖出来肯定还要清洗和晒干的。<br/>\n个人认为最主要是要选购没有熏硫磺的原条当归。熏过硫磺的药材都会很干燥（防腐）。已经切片的当归，油脂也会氧化和挥发。<br/>\n所以我都是买原条还没切的当归放冰箱冷藏。用类似切肉片的侧刀一次切半公斤放冰箱备用。当归本身的外皮可以保存里面的油脂。</p>",
          "level": 1,
          "highlight": false,
          "children": []
        }
      ]
    },
    {
      "id": "58a022db11a985b0f1dd0643d4085e3f",
      "author": "Layla",
      "time": "2023年03月16日 03:53",
      "content": "<p>类似事件我有经历，之前在国内医馆跟诊，一位上小学三年级住校（应该是很好的学校）的小朋友来看扭伤的胳膊。妈妈是女强人，事业型。孩子可能为了得到妈妈的关注，就说在学校寝室睡觉时摔倒下床 胳膊扭伤，妈妈带着孩子各种医院跑，拍片子，拍片子的时候孩子不配合一直屈肘，说不能伸展，伸展就疼嚎啕大哭，片子也没照成（因为孩子不配合就说疼）妈妈没办法来了中医推拿看看有没有办法，孩子拒绝医生各种检查，坐在椅子上，医生和妈妈各种问话的时候，孩子就不停的哭，说疼，这时候孩子没坐稳，不小从凳子上滑下来，这一瞬间受伤的手伸直扶地，大家当时都愣住了，孩子很自然的又坐回座位。是小女生。孩子也不哭了，当时大家都很尴尬。。。。然后妈妈很生气的带着孩子离开了。</p>",
      "level": 0,
      "highlight": false,
      "children": [
        {
          "id": "973806b9623dc1f66942486ac0d634d3",
          "author": "李宗恩",
          "time": "2023年03月16日 09:19",
          "content": "<p>謝謝你的分享</p>",
          "level": 1,
          "highlight": true,
          "children": []
        }
      ]
    },
    {
      "id": "eb33da7fe15c5c9653556158ff3b8877",
      "author": "陈容",
      "time": "2023年06月18日 15:44",
      "content": "<p>李老师，我老公压力大，失眠焦虑抑郁，觉得自己什么都做不好，可否预约线上会诊</p>",
      "level": 0,
      "highlight": false,
      "children": [
        {
          "id": "01af39babdfaa659cc680c695979d0ec",
          "author": "李宗恩",
          "time": "2023年06月19日 09:37",
          "content": "<p>請聯絡診所info@youngQi.com，不過，遠距看診可能得等九個月以上。</p>",
          "level": 1,
          "highlight": true,
          "children": []
        }
      ]
    }
  ],
  "page": 15,
  "order": 2,
  "filename": "data\\page15\\page15_order1_e8a0f14402e125ff99e3b87b35ecfa4b.json"
}