{
  "article_url": "https://andylee.pro/wp/?p=12394",
  "title": "湯英主任醫師的病例",
  "content": "<p>通許人民醫院的湯英主任傳給我一些病例，在此和大家分享。</p>\n<hr class=\"wp-block-separator has-alpha-channel-opacity\"/>\n<p>三根“銀”針讓三叉神經疼數年的患者疼痛消除 – 湯英<br/><br/>這一段時間我終於可以用心研究倪師針法了。過去的幾年裡，一遍一遍地聽倪師講，以及看李宗恩老師的醫案，尤其急症李老師常常會下針緩解患者的痛苦，而且效果都是那麼神奇。我常常提醒自己好好學，將來也要用針灸去解決病人的痛苦，因為，日常工作和生活當中，見到太多的人無奈的忍受著各種疼痛。</p>\n<p>為了扎針，我調整了工作時間，上午十點以前看診，十點到十二點扎針，下午先安排一個小時的針灸再到門診看診。我真正把針灸應用到臨床上的時間，算起來也才三週。每天扎針十多名患者，在這短短的三週時間裡，卻深深的體會到了，針灸的神奇真的是那樣：立竿見影！、</p>\n<p>一位在我院陪老公看診的安徽大姐，那天見她一臉的痛苦，一手按著頭，就問她怎麼啦？她說：月經期頭疼數年了， 今天舊病復發。也許是她好運，這個時候“舊病復發”。我開玩笑的給她說：你陪老公看病，攤上好運氣了，今天給你扎針，讓你立馬不疼，而且以後也不會疼。也許是被我的話吸引了，或許是真的很痛苦了，雖然怕針，還是恐慌的接受了。那天我沒有給她扎對側的合谷，那痛苦的樣子可能感受不到下針的痛，直接給了太陽透率谷。效果不比再說，一針下去，病人的反饋征服了在場的所有人。</p>\n<p>一位安徽的肺癌患者，就是上邊說的這位大姐的哥哥。因為胸腔引流管堵塞，導致坐位時亦心慌胸悶，在當地小醫院沒有搞定，去安徽的大醫院怕人生地不熟，不知道怎麼辦。想到他妹妹妹夫還在我這。因為相處的時間久了，大家也就熟悉了。所以他們就開車趕往我們醫院。當天因為別的事情，我下班晚，剛剛下樓患者的妹夫給我打電話說：很不好意思，他舅哥馬上到希望我幫他處理一下。雖然已經是晚上快九點，聽到這情況就是在家也要來的，好在我還沒有回家。我趕快上樓，我到科室他們也到了，見狀：患者端坐位急促呼吸，真的是又胸悶又緊張。夜裡也只能先下針了。我以公孫、內關，三皇穴為主下針，症狀很快緩解，又讓安排好十棗湯的藥物和用法才放心離開醫院，已經快十點了，雖累也樂！第二天患者服用十棗湯後，排了六七次大便，輕鬆了很多。</p>\n<p>一個剛剛轉到我科的一個腦出血患者，一側上下肢肌力均為零級。我第一天給扎針時，她正在給陪護說：慢慢給我翻身，腰疼的很。我給她下了雙側的後溪，毫不誇張的說也許就是幾秒鐘的時間，疼痛消除了。病人興奮地說：真的不痛了，真的！她的腰已經疼幾個月了。後來每天她都盼著扎針，今天是扎針的第五天，腰部沒有再疼過，而且肌力也恢復到了Ⅱ級。患者激動的說：等我好了，殺雞宰羊感謝你們！雖然不能讓人家殺雞宰羊，但是，每每聽到患者感激的話和看到患者喜悅的表情，內心也是暖暖的，更是前行的動力！</p>\n<p>這樣的趣事很多：比如五十肩的患者，條口透承山；咽喉疼痛的下，列缺和照海；膝關節疼痛，手指麻木者等等，按照倪老師所講，我們聽話照做，只要辯證準確下針效果就是那麼神奇。</p>\n<p>也許是這段時間，我自己被針灸的效果征服了，各種病症都想扎一針。我給學生說：看到有些病症，不下針就手癢癢的。五一假期的前一天，一位年近70歲的阿姨，患三叉神經痛數年，長年服用止痛藥物，確也沒有減輕疼的痛苦。她本來是受朋友影響來看診開中藥的。當我開過藥之後，就動員她接受扎針治療，她非常恐懼。她朋友是腳後跟疼痛，經過下大陵、間使疼痛消除。又在一直勸說她，最終阿姨還是接受了針灸治療。</p>\n<p>這位阿姨懼怕針，好不容易接受了針灸治療，不能把她嚇跑了， 只能遠取穴。分析患者面部疼痛的部位在足陽明胃經上，舌頭一側疼痛，從舌診上分析是在肝區。於是，在腳上胃經，肝經，膽經上分別選擇了一個穴位。三根針下去，疼痛減輕，又分別給與行針後，疼痛徹底消除。留針20分鐘後拔針。阿姨不停的說真好真好，高高興興的離開了針灸室。三天后回訪，目前疼痛沒有再發，中藥還在吃，吃完來複診。</p>\n<p>每天都這樣累并快樂的學習和工作著，我把自己的案例和感悟分享給大家，希望以此和大家共勉共進！</p>\n<hr class=\"wp-block-separator has-alpha-channel-opacity\"/>\n<p>一個特殊的快遞 – 湯英</p>\n<p>前不久收到一個特殊的快遞，去掉外包裝看到一個紅色長方體的盒子，裡面是一面錦旗。錦旗上還特意註明：便血患者治癒了。說起這位患者，想起他的就診過程是一個很有趣的故事。</p>\n<p>年後不久，也許是開放的原因，很多患者蜂擁而至，天天排長隊，幾乎沒有正常吃過午飯，下午也是晚點下班。那時候我還沒有學生跟診，沒有幫忙的人員，許多工作都是自己做，比如教辦就診卡，叮囑怎樣熬藥等等，雖然有文字提醒，但是還要解釋很多。忙碌一天下來很累，很多看診的情況不看記錄就記不得了，但是這位患者讓我記憶深刻。</p>\n<p>這是一位來自外地的老先生，瘦瘦的高高的個子，恍白的臉上透露出疲憊又焦慮。疲憊是因為一天少者七八次多者十幾次的膿血便，已經一年多了，多方治療無效，又吃不下飯，疾病的痛苦加上體質的消耗，哪能不疲憊呢？ ！</p>\n<p>焦慮是因為兒女們對他之後的看診，有不同的意見，不能達成一致。來這兒之前剛剛去了省城的大醫院，專家建議立即住院手術治療，否則，腸壁粘膜已經很薄，非常容易腸道穿孔，導致大出血、急性腹膜炎等等情況。也確實有這樣的風險，兒子擔心上邊的情況要求馬上去大醫院住院手術；女兒因為最近有緣接觸並愛上了到倪師的課。女兒擔心術後並發症、腸道切除一段之後的不良反應以及術後病檢如果是惡性，還要放療化療，老人承受不了，要求中醫治療。</p>\n<p>都是孝心，又各有各的道理。我在醫院工作了二十多年，眼見過太多經過手術、放療、化療的患者，治療的過程患者經歷了太多的痛苦，家人在一旁無奈的陪著煎熬。不但，病人沒有生活質量，家人也因為要陪護減少了經濟收入又要花錢，因此，生活質量也要下降，一家人痛苦不堪，最終又是人財兩空。</p>\n<p>但是，面對這位老者 ，我也擔心他兒女的擔心，內心也片刻的糾結。但是，我還是果斷的對老人兒女說：你們父親這麼長時間沒有手術也熬過來了，既然來到了這裡，就不妨接受中醫治療。我給開五付藥用一個星期，如果一星期後沒有效果，你們再考慮手術也不遲，如果真出現急診情況，你們趕快去醫院手術來得及；如果不用中醫試試你們或許會後悔。最終他們還是接受了我的建議。但是，他們回去後，老人的兒子還是給我打了電話，表明他的擔心。</p>\n<p>這位患者的問診情況大致是這樣的：1.大便出血1年多，為膿血便；2.小便頻數夜尿5-6次，3.食慾不好，沒有飢餓感；4.嚴重的多夢幾十年；5.怕冷，6.長年手足冰涼。</p>\n<p>簡單分析：1. 大小便的情況是明顯的小腸寒引起的；2. 小腸的相火來至於心臟之君火；3. 心火來至於肝木。這位患者明顯的是嚴重的肝血不足導致心陽不足，心陽不足引起小腸寒出現就診的情況。</p>\n<p>用藥思路：以大劑量的酸棗仁湯補肝血，茯苓四逆湯強心陽，當歸四逆湯去木通，補氣血導心陽入小腸，加真武湯去下焦寒濕，溫腎陽暖大腸，從而達到止血減少大小便頻數的目的。</p>\n<p>雖然我覺得自己的思路沒有問題，但是，畢竟患者情況嚴重，晚上回家後還是有些擔心。第五天，家人打電話要求復診，說大便已經不出血了，大小便次數也有減少，老人食慾也有好轉，擔心我後天不上班，所以提前打電話說一聲。我的心也算放下了。</p>\n<p>按照上邊的思路略有調整，又開五付藥。第三次來診時，小便一夜2-3次，白天基本正常；大便雖然不出血了，一天仍有3-5次，加上赤石脂，再服一周，大便基本正常，小便一夜1-2次。由於路途太遠，第四次讓按照第二次的方子續服一周，並讓患者在家艾灸關元。</p>\n<p>經過一月的治療，老人恢復了正常狀態，也吃胖了一些，有力氣可以乾點輕活了。老人很高興，讓兒女一定要定制一面錦旗，以表感謝。還打電話說：要是離得近，我就敲鑼打鼓給你送錦旗，表示我的感謝。</p>\n<p><br/></p>",
  "article_time": "2023年05月08日 12:58",
  "comments": [
    {
      "id": "5c20d488fa71a4695b841b91515f1508",
      "author": "jelly",
      "time": "2023年05月08日 17:09",
      "content": "<p>如果每個人家裡的急救箱裡，儲存一些常用的科學中藥—-您一般建議家庭備哪些科學中藥？能夠解決一些家庭常見病。謝謝！</p>",
      "level": 0,
      "highlight": false,
      "children": [
        {
          "id": "921412d964f5573ea9a95cb8e16878ca",
          "author": "李宗恩",
          "time": "2023年05月08日 21:45",
          "content": "<p>建議你先好好研讀倪海廈老師的人紀中醫教材，如果不會基本的辨證，到了有急需的時候，還是不知道該用手邊上的哪些中藥。</p>",
          "level": 1,
          "highlight": true,
          "children": [
            {
              "id": "5577c59083e76948d2342257f964cf73",
              "author": "倪师千古",
              "time": "2023年05月09日 19:55",
              "content": "<p>李师你好请问下无精子还能有治疗的可能吗</p>",
              "level": 2,
              "highlight": false,
              "children": [
                {
                  "id": "ebfc7154978afaee0cb3a8d738fd2cba",
                  "author": "李宗恩",
                  "time": "2023年05月10日 16:21",
                  "content": "<p>這得看個案，雖然我有些治癒的病例，但如果是嚴重天生缺陷，那是很難改變的。</p>",
                  "level": 3,
                  "highlight": true,
                  "children": []
                }
              ]
            },
            {
              "id": "c86625e8f311787e15a029fd84838ddd",
              "author": "Joe",
              "time": "2023年07月26日 21:43",
              "content": "<p>李医师，你好，先天的单个睾丸，是否有可能缩入腹内。影响生育吗？可以尝试针归来穴吗</p>",
              "level": 2,
              "highlight": false,
              "children": [
                {
                  "id": "78f11ff5f704149679aec16d801282ed",
                  "author": "李宗恩",
                  "time": "2023年07月28日 08:46",
                  "content": "<p>如果證實是先天單睾丸，那就不是疝氣、睾丸縮入腹内，這不難檢查出來。一般而言，因外傷而少了一個睾丸，不影響生育，但如果是先天性，那就得了解除了睾丸外，是否還有其它天生的缺陷。</p>",
                  "level": 3,
                  "highlight": true,
                  "children": [
                    {
                      "id": "e06c5c08d690824a092f7c69e2b7ed88",
                      "author": "Joe",
                      "time": "2023年07月31日 06:03",
                      "content": "<p>照过B超并未在腹内发现睾丸，手脚冰冷在广东也会长冻疮，热天坐空调房手温热脚冰凉。额头易出汗，汗珠一颗一颗的。想生育应往哪个思路辩证思考？</p>",
                      "level": 4,
                      "highlight": false,
                      "children": []
                    },
                    {
                      "id": "e7bf592db810189da53000734daadc53",
                      "author": "李宗恩",
                      "time": "2023年07月31日 21:26",
                      "content": "<p>你得找中醫師看診，不是這樣在網上東問西問。</p>",
                      "level": 4,
                      "highlight": true,
                      "children": []
                    },
                    {
                      "id": "381a9bda6313c69fbf46051ae2ef107c",
                      "author": "Joe",
                      "time": "2023年08月12日 04:57",
                      "content": "<p>李医生，非常抱歉，不应该如此来问问题，为我的无知在此道歉，应该要有学习的态度而不是间接看诊。在互联网学习倪师视频，多年的坐骨神经痛居然自己治好了，但是腰痛虽然反反复复，觉得非常神奇因此对中医入迷了。刚刚拜读完您的《当张仲景遇上斯坦福》写的真好。在书中您多次对治心时都会清肝补肝血。在视频中倪师次提到治肝先治脾，治心当然先治肾。是否会相悖？抑或是你觉得现代人常熬夜，喝酒，玩手机肝功能多是不好？<br>\n您把心脏比喻发动机，肝脏的血比喻油。那我把肺（主肃杀）喻为传动轴，小肠是轮胎？心脏的火要肺的肃降（传动）到轮胎车子才跑的好，我是否可以这样理解？<br>\n比方心阳无法下降，我怎么判断是肺无法肃降，还是下焦寒湿，抑或是油不行了？</br></br></p>",
                      "level": 4,
                      "highlight": false,
                      "children": []
                    },
                    {
                      "id": "8be661a495225dfb0dae33b39c7b5359",
                      "author": "李宗恩",
                      "time": "2023年08月13日 11:11",
                      "content": "<p>治肝先治脾，指的是避免病進，一般是以重症為主。治心先治肝，指的是先加強後勤補給。這兩個怎麼會有衝突？你唸書沒有理解其中的意義，而只是把文字內容當成教條。</p>",
                      "level": 4,
                      "highlight": true,
                      "children": []
                    },
                    {
                      "id": "280f1926ca9a6de2f25cffefe9b5065d",
                      "author": "Joe",
                      "time": "2023年08月12日 05:01",
                      "content": "<p>抱歉应该是治心先治肺</p>",
                      "level": 4,
                      "highlight": false,
                      "children": []
                    }
                  ]
                }
              ]
            }
          ]
        }
      ]
    },
    {
      "id": "cdf8d24b24abbad19ffaca01b8073daf",
      "author": "知守",
      "time": "2023年05月08日 17:28",
      "content": "<p>感谢李医生的分享，给予我们对中医的信心！</p>",
      "level": 0,
      "highlight": false,
      "children": [
        {
          "id": "3b09a8c0991e31bef32a0676c79924e2",
          "author": "李宗恩",
          "time": "2023年05月08日 21:45",
          "content": "<p>謝謝你的支持及鼓勵。</p>",
          "level": 1,
          "highlight": true,
          "children": [
            {
              "id": "be7d9ad0772a036000debb82561963c0",
              "author": "知守",
              "time": "2023年06月14日 21:40",
              "content": "<p>关于中药材价格异常增长的情况报告<br>\n中国中药协会：<br/>\n一直以来，中医药疗法以‘简、便、验、廉’的特色深得人民群众的喜爱与信赖。自新冠疫情发生以来，传统中医药在新冠肺炎救治工作中发挥了显著作用，也影响了市场上的供需关系，从而刺激中药材价格一路上扬。疫情结束后，国家出台一系列鼓励中医药发展的利好政策，进一步助长了行业发展的信心。出于对中药价格上涨的预期，一些游资进入中药材领域，炒家们故意囤积药材，低进高出。部分经营商，也转化成为游资炒作中药材的“操盘手”，囤货惜售，不断推高市场行情，药材价格出现了极不正常的暴涨势态。<br/>\n通过药通网对毫州、安国、成都、玉林几大交易市场常用大宗药材价格进行调查，有超过200个常规品种年涨幅超过50%，100个常规品种年涨幅超过100%，25个常用大宗药材年涨幅超过200%，鸡骨草等个别品种年涨幅甚至达到400-900%。通过对中药材天地网的中药材行情进行调查，部分情况更为严重。<br/>\n往年，随着气温上升，药材市场往往会进入淡季，今年却一反常态，中药材价格出现持续性上涨，这种异常情况已经严重干扰到行业的良性发展。对于中药饮片生产企业来说，采购端的价格猛涨，而终端价格却不能及时调整，生产成本和售价形成了严重倒挂现象，企业亏损日趋严重，生存受到严重挑战，现已举步维艰。与此同时，资本炒作，囤积居奇，导致部分中药材品种供货不足，影响医院和患者正常使用。作为关系国计民生的特殊产品，中药材价格虚高不仅增加了民众的负担，还会对上游药材种植农户构成错误引导。<br/>\n综上，为了中药饮片行业健康、高质量发展，现江苏省医药行业协会中药饮片专业委员会呼吁，望中国中药协会代表全国中药行业向国家相关部门反馈和沟通，希望国家能尽快出台相关政策，遏制游资恶意炒作中药材的势头，还中药材市场一个健康的营商环境。<br/>\n特此报告。</br></p>",
              "level": 2,
              "highlight": false,
              "children": [
                {
                  "id": "b5c1676a73f7e39684014bba59a86308",
                  "author": "李宗恩",
                  "time": "2023年06月16日 14:57",
                  "content": "<p>謝謝你轉發的資料。</p>",
                  "level": 3,
                  "highlight": true,
                  "children": []
                }
              ]
            }
          ]
        }
      ]
    },
    {
      "id": "fea2f68d4d6b05c9a054089d1c02177f",
      "author": "文成",
      "time": "2023年05月08日 19:52",
      "content": "<p>在学倪师人纪课程，看了医案的感受是，还是练好基本功</p>",
      "level": 0,
      "highlight": false,
      "children": []
    },
    {
      "id": "c263b21b4a12f0e663238cbcda41e766",
      "author": "文成",
      "time": "2023年05月08日 20:32",
      "content": "<p>请教老师，肩背下针后再拔火罐好吗，拔火罐会不会影响之前下针的效果</p>",
      "level": 0,
      "highlight": false,
      "children": [
        {
          "id": "6effeee92346ea1ca112485559e1f4de",
          "author": "李宗恩",
          "time": "2023年05月08日 21:47",
          "content": "<p>你得先知道你爲什麽要拔火罐、爲什麽要下針，如果你了解你用火罐和下針的目的，你自然知道是不是可以這樣連在一起做。簡單的回答是，大多情況下，這樣是不適宜的。</p>",
          "level": 1,
          "highlight": true,
          "children": [
            {
              "id": "40894394f18f6cab519dad4996e0eb5b",
              "author": "知守",
              "time": "2023年05月08日 22:23",
              "content": "<p>以果决行qwq</p>",
              "level": 2,
              "highlight": false,
              "children": []
            }
          ]
        }
      ]
    },
    {
      "id": "efe70c48be96c31c5f465ac107ed1690",
      "author": "每天",
      "time": "2023年05月08日 21:57",
      "content": "<p>李师下面是留言的案例，请问您的用药和思路。</p>\n<p>hhhhy – 24 11 月, 2020 at 6:30 下午 none Comment author #6795 on 網頁同名新書《當張仲景遇上史丹佛》正式出版 by 當張仲景遇上史丹佛<br/>\n李医师您好：</p>\n<p>恭喜您的新书出炉，这个世界又添一部名著！</p>\n<p>我是一个月之前因为气短、胸闷、呼吸不畅找您看病的年轻病人。您不仅治好了我的呼吸问题，还找出其他我都没有主动说出来的症状，比如抑郁和失眠。我的这些这些症状，短的有半年，长的有七、八年，但经过几个星期的治疗，我的大病小病都好了，心情也好了。现在已经停药快一个月了，也没有任何复发的迹象，真是非常神奇！</p>\n<p>感恩节快到了，特别来此感谢李医师，祝李医师和阳气诊所越来越好！也祝李医师的新书取得巨大成功！</p>",
      "level": 0,
      "highlight": false,
      "children": [
        {
          "id": "2418ff18f4978bba1a7e55644cf0fd9a",
          "author": "李宗恩",
          "time": "2023年05月10日 16:18",
          "content": "<p>這得回去看病例，以後有時間再來解說。</p>",
          "level": 1,
          "highlight": true,
          "children": []
        }
      ]
    },
    {
      "id": "9cb4ae5d6ccac84867d0a2cac77b61ee",
      "author": "荣耀",
      "time": "2023年05月09日 01:16",
      "content": "<p>感谢李医生在百忙之中抽出时间分享医案，也特感谢汤英医生的分享自己的经验，把辨症下药的思路一起分享让自学倪师中医的小白们更加有帮助！！！再次感谢两位前辈医生。</p>",
      "level": 0,
      "highlight": false,
      "children": []
    },
    {
      "id": "c47e7eb71da5a20ceb9cf45182263c8b",
      "author": "WY",
      "time": "2023年05月09日 22:19",
      "content": "<p>今天看到公众号“中医普及学堂”中的一篇文章 ，标题：堂课《金炉集》之惊蛰006《同春楼记）与《诗忆汉唐中医倪海厦》20-26首 附视频||学堂日报05.10</p>\n<p>里面有中医曾培杰老师忆倪师作的诗，我摘录了一些内容：</p>\n<p>二十、《针书并进》</p>\n<p>金针一出脱尘埃，</p>\n<p>拔救病疾送福来。</p>\n<p>卫道除魔功德巨，</p>\n<p>回头妙手献书台。</p>\n<p>二十一、《未改热心肠》</p>\n<p>钢刀锋利口常伤，</p>\n<p>硬箭强拉弓易断。</p>\n<p>师岂不知凡世理，</p>\n<p>偏偏未改热心肠。</p>\n<p>二十二、《汉唐中医》</p>\n<p>异乡书案苦耕耘，鸡叫五更时有闻。</p>\n<p>每向青灯寻出路，从来富贵做浮云。</p>\n<p>讲台苦口啼光血，针盒满堆费尽神。</p>\n<p>非是汉唐圣手现，何来撼世论医文。</p>\n<p>二十三、《金针渡世》</p>\n<p>一叶孤舟游海天，</p>\n<p>敢居美国将疾蠲。【蠲: juān，字意：蠲除，清除】</p>\n<p>金针一出人称赞，</p>\n<p>只愿杏林多后贤。</p>\n<p>二十四、《志远》</p>\n<p>当年渭水空悬线，</p>\n<p>曾辅文周帝业建。</p>\n<p>拯急扶难学人事，</p>\n<p>何惧路途远且艰。</p>\n<p>二十五、《驾牛车》</p>\n<p>三山五岳为居家，远避红尘种莲华。</p>\n<p>随性游行皆画境，无心目见尽繁花。</p>\n<p>书中有字来传载，笔下无文去赞夸。</p>\n<p>再读围炉观夜话，早知先学驾牛车。</p>\n<p>二十六、《师德》</p>\n<p>昨日医林迷雾浓，</p>\n<p>讲台座上响洪钟。</p>\n<p>闻听开窍心如洗，</p>\n<p>三指回春恩德重。</p>\n<p>昨日医林迷雾浓，讲台座上响洪钟’医林里路很多，很容易迷路，而且很多雾，障碍很多，但是倪师上了讲台，宣传经方声若洪钟、句句入心醒人！‘闻听开窍心如洗’听倪师讲课的学生，还有那些病人，都心如洗，三指回春恩德重啊！这种药到病除的恩德多重。</p>\n<p>曾培杰老师在另一篇文章中说：</p>\n<p>     我也看到很多名家，鞠躬尽瘁、夜以继日，我更能够安于铺石头。2012年，倪师驾鹤西去，倪海厦老师。好多人都受他影响、读他的书，由此跟中医结了甚深的缘。未曾谋面都已经成了师恩，好多人都感动，明明倪师他已经知道，自己不断地拼命，一定会缩短寿命，但是他还是走这条路子！以传承为己任，从开讲一直到生命结束，夜以继日，竭尽全力，都没有停过！</p>\n<p>    隐居的要隐姓埋名，就像《天龙八部》里，乔峰他如果还在江湖，他的命运，就离不开恩怨仇杀的矛盾所在，如果他功夫高强，越早隐姓埋名，他就能够经度天年，两条路，但是他还是选择了民族大义！侠之大者，为国为民；侠之小者，为乡为邻。人生有很多事情，在很多年代中，是不得已。我们这个太平盛世，能够在阳光底下、在清风朗月中锻炼、铺石头，我们要心生感恩，而不是感叹。所以，当时我就为倪师写了一首：</p>\n<p>闻师驾鹤向西去，世上留余案例奇。</p>\n<p>无限学人听讲论，未谋一面成师迷。</p>\n<p>    倪师已经成为万众的追随，精神的导师！先不要说，倪师讲课的那些知识，就说他这种，为中医传承鞠躬尽瘁、掏心掏肺、奋不顾身，为中华医学，能立足于世界，呕心沥血、夜以继日、焚膏继晷这些精神，拼尽最后一滴血的精神，这个震撼人！所以，我这首诗，也是我听倪师音频、看视频，想起倪师心中就是暖暖的！</p>",
      "level": 0,
      "highlight": false,
      "children": [
        {
          "id": "242a9230124f5d0fb847d29902bbd859",
          "author": "李宗恩",
          "time": "2023年05月10日 16:22",
          "content": "<p>謝謝你的分享。</p>",
          "level": 1,
          "highlight": true,
          "children": []
        }
      ]
    },
    {
      "id": "3ebaf76516de1784d7be2ef4ce9af9fc",
      "author": "离中虚",
      "time": "2023年05月09日 23:08",
      "content": "<p>多谢李医生你的分享</p>\n<p>有个事情咨询你 张孟超医生的医术可靠吗？<br/>\n这样问也是没有办法 我家里人只有我坚定不移的相信中医  国内中医大多温病派 好的经方家没遇到过 我相信一定会有（被问止中医坑了一次）</p>\n<p>我已经给父母预约到了你的网诊</p>\n<p>现在想给姥姥看中医 由于你的诊所看诊人员太多<br/>\n才来打听张医生的 如有冒犯 请你原谅</p>",
      "level": 0,
      "highlight": false,
      "children": [
        {
          "id": "bc19ef05de465392c01ba5ed7d31bc8d",
          "author": "李宗恩",
          "time": "2023年05月10日 16:24",
          "content": "<p>張孟超醫生是倪老師學生，口碑不錯，我很久沒有和他聯絡的，不知道他的近況，如果你找他看診，幫我打聲招呼。</p>",
          "level": 1,
          "highlight": true,
          "children": []
        },
        {
          "id": "c9715ec314f76b4944cb53bbfd282315",
          "author": "jelly",
          "time": "2023年05月10日 20:44",
          "content": "<p>您好，能请问您如何找到张孟超医师看诊吗？我也是不方便出国，只能在国内，但是也苦于找不到好的经方家。</p>",
          "level": 1,
          "highlight": false,
          "children": [
            {
              "id": "2062338c774e23ec5b24a364f72af080",
              "author": "离中虚",
              "time": "2023年05月11日 19:00",
              "content": "<p>抱歉 你可以自行百度</p>",
              "level": 2,
              "highlight": false,
              "children": []
            }
          ]
        }
      ]
    },
    {
      "id": "ac0ef84d1aca22f2e3b6c1f7eb3a458d",
      "author": "jelly",
      "time": "2023年05月10日 01:15",
      "content": "<p>请问在中国大陆四川成都正安中医的劉堯欽医师，也是倪师收的真正的徒弟吗？因为不方便出国，只能在国内就诊，想问您确认一下。</p>",
      "level": 0,
      "highlight": false,
      "children": [
        {
          "id": "fe1604eab85138117e052ccc1e392d4d",
          "author": "李宗恩",
          "time": "2023年05月10日 16:25",
          "content": "<p>劉堯欽醫生是倪老師學生，曾經也在台北漢唐中醫診所工作過。</p>",
          "level": 1,
          "highlight": true,
          "children": [
            {
              "id": "8f15aeade8955030565291bd2dd79689",
              "author": "jelly",
              "time": "2023年05月10日 20:48",
              "content": "<p>谢谢您回复，国内经方家真得是很难找。如果李医师您也在中国开诊就好了，求医无门真的是很痛苦。</p>",
              "level": 2,
              "highlight": false,
              "children": []
            }
          ]
        }
      ]
    },
    {
      "id": "687ea37d63b3974853e0f0c8fa442fcd",
      "author": "路飞",
      "time": "2023年05月10日 01:53",
      "content": "<p>你好李医生，父亲的胰腺癌找了好几个中医大夫看一直没有很明显的效果，内地有没有跟您一样得到倪师真传的大夫呢，美国我们去不了，只能再国内寻找救治</p>",
      "level": 0,
      "highlight": false,
      "children": [
        {
          "id": "232deea92eb3f3974fa7990a0d7be371",
          "author": "李宗恩",
          "time": "2023年05月10日 16:25",
          "content": "<p>我不清楚中國大陸的情況。</p>",
          "level": 1,
          "highlight": true,
          "children": [
            {
              "id": "05ad916b37a05c30f7b334cd529f1f00",
              "author": "路飞",
              "time": "2023年05月10日 21:23",
              "content": "<p>谢谢回复</p>",
              "level": 2,
              "highlight": false,
              "children": []
            }
          ]
        }
      ]
    },
    {
      "id": "522871f6cb58c7202aeb9fa251911e08",
      "author": "王亚",
      "time": "2023年05月10日 02:32",
      "content": "<p>请教李博士，本人右手有溢脉，两手还都有覆脉，总觉得头晕，胸闷，算不算严重的呢？</p>",
      "level": 0,
      "highlight": false,
      "children": [
        {
          "id": "e6181f95b6c1455ea92869a42c4da640",
          "author": "李宗恩",
          "time": "2023年05月10日 16:27",
          "content": "<p>中醫不是只憑幾個簡單的症狀來診斷，一個人幾週沒有睡好覺，可能也會和你有一樣的幾個症狀。</p>",
          "level": 1,
          "highlight": true,
          "children": []
        }
      ]
    },
    {
      "id": "d08037e24d3b40d9ff6a72d292bd380e",
      "author": "ysf",
      "time": "2023年05月10日 16:58",
      "content": "<p>你好李医师，我爷爷是食管癌晚期病人目前已转肝转胰腺，胆管也有阻塞。医生说大概还剩2个月，因为我父亲在今年3月份刚走，我们还想让爷爷再多活一段时间，现在主要症状就是吃不下饭，嘴巴发苦。可适当吃一些流食，可喝水。希望李医生看到我的留言可以联系我，万分感谢！522857552@qq.com</p>",
      "level": 0,
      "highlight": false,
      "children": [
        {
          "id": "b99ad9db02dd41a0e32d8a841b8440c7",
          "author": "李宗恩",
          "time": "2023年05月10日 17:22",
          "content": "<p>有醫療需要，請聯絡診所info@youngQi.com</p>",
          "level": 1,
          "highlight": true,
          "children": []
        }
      ]
    },
    {
      "id": "40da70de3a3379710227b11845b548f7",
      "author": "离中虚",
      "time": "2023年05月10日 17:47",
      "content": "<p>好的 多谢李医生 我已加上张医生的微信</p>",
      "level": 0,
      "highlight": false,
      "children": [
        {
          "id": "cb525194fb82ceee88dd44a44416d5cf",
          "author": "缠迷",
          "time": "2023年05月11日 08:25",
          "content": "<p>方便告知一下约诊联系一下吗</p>",
          "level": 1,
          "highlight": false,
          "children": []
        },
        {
          "id": "37e1bd000768258bdbcc9edae3a0b288",
          "author": "王俊丽",
          "time": "2023年06月28日 06:35",
          "content": "<p>请问李医师怎么联系到，可否告知一下</p>",
          "level": 1,
          "highlight": false,
          "children": []
        }
      ]
    },
    {
      "id": "55a0e1099f617c5b65f9219d91b97fa7",
      "author": "Soking",
      "time": "2023年05月11日 12:36",
      "content": "<p>李医生您好，想请教您倪师病案中出现的败龟板是干燥生龟板还是醋制龟板，使用时需要先煎吗？谢谢</p>",
      "level": 0,
      "highlight": false,
      "children": [
        {
          "id": "1b6914758478b4a49c60ee568b13018f",
          "author": "李宗恩",
          "time": "2023年05月14日 11:05",
          "content": "<p>敗龜板多半醋製，如果煮藥一小時以上，可以不用先煎。</p>",
          "level": 1,
          "highlight": true,
          "children": [
            {
              "id": "0649a2425c864fb684e76e181fb61754",
              "author": "Soking",
              "time": "2023年05月21日 19:24",
              "content": "<p>感谢您的回复。</p>",
              "level": 2,
              "highlight": false,
              "children": []
            }
          ]
        }
      ]
    },
    {
      "id": "6af206e5697e4f8558bb5d757df4222b",
      "author": "离中虚",
      "time": "2023年05月11日 18:21",
      "content": "<p>你可以自己查询 很容易的</p>",
      "level": 0,
      "highlight": false,
      "children": []
    },
    {
      "id": "a7a29c4b156d055ac373921f39dbe261",
      "author": "Lulu",
      "time": "2023年05月13日 01:43",
      "content": "<p>李医师，您好！看完倪师的视频和您的《当张仲景遇上斯坦福》，想请教您一些问题：<br/>\n在治疗甲状腺结节或癌症病例时，除了去痰饮、强心阳或肾阳、打开三焦、攻坚和活血化瘀外，是否还需要加葛根、桔梗等引药上行的药呢？</p>",
      "level": 0,
      "highlight": false,
      "children": [
        {
          "id": "ade79b48f87b69a36cfa8344e4e81ff0",
          "author": "李宗恩",
          "time": "2023年05月14日 11:12",
          "content": "<p>你可以在臨床上試一試。</p>",
          "level": 1,
          "highlight": true,
          "children": []
        },
        {
          "id": "e087d987c35e2253e21969975fc82cac",
          "author": "sheng",
          "time": "2023年06月29日 02:54",
          "content": "<p>我觉得配合撞墙“呵”功也算一个药引。</p>",
          "level": 1,
          "highlight": false,
          "children": []
        }
      ]
    },
    {
      "id": "f4ebbf9e28afb5134a6d83454acf7899",
      "author": "阿豪",
      "time": "2023年05月16日 12:58",
      "content": "<p>请问李医师，美沙拉嗪对治疗溃疡性结肠炎效果如何？担心长期服用下对药物的依赖性</p>",
      "level": 0,
      "highlight": false,
      "children": [
        {
          "id": "8dc9dac95ec78ab840b7cef0db847e44",
          "author": "李宗恩",
          "time": "2023年05月17日 10:10",
          "content": "<p>你為何問我西藥的問題？你應該找中醫師看診。</p>",
          "level": 1,
          "highlight": true,
          "children": []
        }
      ]
    },
    {
      "id": "6f2f2d93f3b5871d6f2aac1f1f66a457",
      "author": "单单",
      "time": "2023年05月16日 02:32",
      "content": "<p>李医师，您好，您分享的湯英主任醫師，请问他是在大陆吗?熊否告诉我具体，我好去看他。您在国外，对我而言太难了。我叔叔目前西医诊断是肝硬化，叫他天天吃抗乙肝病毒的药，不能停。他已经吃了四五年了，但是身体并没有更好，甚至更不好，只是病毒指标在所谓的标准范围内。我劝他不要吃，看中医，可是他肯定是不信我的。好愚蠢，明明吃了这很多年的药越来越不好，为什么还要吃呢？肝不好，肾也不好，耳鸣是在吃西药之后，我想这肯定和吃西药有关。<br/>\n我也是小三阳，刚患病，吃西药，吊针，打抗扰素，几年来，医院进进出出，头发都掉了。后来一位医生告诉我吃中成药，叫我永远不要吃西药。我吃了一年的中成药病情稳定，18年来，就没再吃过西药。所以，我虽然有小三阳，但B超显示很正常。很庆幸遇到那个叫我吃中药的医生。<br/>\n这几年，我感觉我的精力越来越差了，眼睛酸胀一年多，根据我听的课来说，是肝主眼，可能与肝血不足有关。但今年也看了两位医生 ，共吃了63天的中药，也没见好转。倒是这几天感冒自己抓了小青汤吃，神奇的是眼睛酸胀感好转了。现在我想问李医师，您能分享汤英主任的地址给我吗?或者我怎么才能约上您或者汤医生的号？</p>",
      "level": 0,
      "highlight": false,
      "children": [
        {
          "id": "7e3984c612b3e360ad6ce8e81d6175fe",
          "author": "李宗恩",
          "time": "2023年05月17日 10:11",
          "content": "<p>河南通許人民醫院</p>",
          "level": 1,
          "highlight": true,
          "children": [
            {
              "id": "9d07c64ba96715a478050946123c685c",
              "author": "陈育成",
              "time": "2023年05月29日 02:39",
              "content": "<p>李医师您好！看到你分享汤英主任医师的治疗病人的病例，我的心情很激动很振奋，终于看到了国内经方家一例例妙手回春的例子！感谢你的分享！</p>",
              "level": 2,
              "highlight": false,
              "children": []
            },
            {
              "id": "c82e4d084c6937f2a71d5dfbe45d12da",
              "author": "sheng",
              "time": "2023年06月29日 02:57",
              "content": "<p>首次登录，感恩倪师，感恩李师！祝您生活工作顺利开心。感恩遇见。</p>",
              "level": 2,
              "highlight": false,
              "children": [
                {
                  "id": "4a0812e253aba2675d09ac7f2c9dc747",
                  "author": "李宗恩",
                  "time": "2023年06月29日 21:21",
                  "content": "<p>謝謝你的支持及鼓勵。</p>",
                  "level": 3,
                  "highlight": true,
                  "children": []
                }
              ]
            }
          ]
        }
      ]
    },
    {
      "id": "b4a0b3573d05dc07712a26c6bc9e5036",
      "author": "Layla",
      "time": "2023年05月17日 12:23",
      "content": "<p>感谢老师更新哈哈 很喜欢看你的文章 有时候还会笑哈哈哈</p>",
      "level": 0,
      "highlight": false,
      "children": []
    },
    {
      "id": "2863d1c5a8102c98176420d387751ec9",
      "author": "学徒林",
      "time": "2023年05月17日 01:34",
      "content": "<p>李医生您好<br/>\n对于66条厚朴生姜半夏甘草人参汤条文，我的理解如下，病人发汗后，损伤脾阳，脾不健运，生湿，继而阻碍脾气，导致脾气不升，胃气不降，中焦气机失调，壅滞腹部导致腹胀满，这样理解可以吗？<br/>\n为什么发汗有时会伤脾阳，是不是过汗先伤心阳，火不生土，导致的脾阳虚？<br/>\n为什么这条文里不用炙甘草而用生甘草，脾阳虚，用炙甘草可以强心阳，间接强小肠帮助运化会不会更好？<br/>\n倪老师视频里说是发汗后胃肠津液散失，肠胃空虚，导致肠气多，为什么肠胃空虚，会生肠气？<br/>\n问题有点多，希望李医生能开导一下</p>",
      "level": 0,
      "highlight": false,
      "children": [
        {
          "id": "166a2147bd561f70b0f25b59cc12cc17",
          "author": "李宗恩",
          "time": "2023年05月17日 10:24",
          "content": "<p>我建議你把倪老師人紀中醫教材整個好好研讀後，再來思考這些問題，不要拘泥在字面上的意義，而是深入了解整體身體的運作。</p>",
          "level": 1,
          "highlight": true,
          "children": []
        }
      ]
    },
    {
      "id": "9d4dd8bded90c083cd7d91cecbbddc86",
      "author": "于洋",
      "time": "2023年05月19日 12:24",
      "content": "<p>李医生您好，<br/>\n最后的案例中当归四逆汤去木通是为什么呢？当归四逆汤热小肠和下焦，木通的作用不就是把心阳导入小肠吗？难道是因为下焦太寒了？或者心阳太弱了？能不能解释一下。谢谢。</p>",
      "level": 0,
      "highlight": false,
      "children": [
        {
          "id": "a05ec49141fc2b5570b4dfe0d87fc44c",
          "author": "李宗恩",
          "time": "2023年05月19日 15:26",
          "content": "<p>湯醫生可能是擔心木通泄心火，如果是我看診，我應該會保留木通。</p>",
          "level": 1,
          "highlight": true,
          "children": []
        }
      ]
    },
    {
      "id": "0a307cde007921ff22f45da69efb6f7f",
      "author": "可可",
      "time": "2023年05月19日 02:28",
      "content": "<p>李老师你好，我姐姐得了子宫腺肌瘤(2.8cm左右），几次预约李老师，我姐都嫌麻烦,放弃了…..。他也找了很多中医,吃药都没有消掉 肌瘤。主治医师说：子宫腺肌瘤比子宫肌瘤复杂，子宫壁包括肌瘤，去肌瘤必须先“解痉”让子宫壁恢复弹性，而后行气破血。治疗周期很长，可能一年左右。  但是听倪海厦老师及李老师的视频治疗（自己也明白人体运行模型）。因为我姐财帛宫太阳平化忌，然后疾厄宫武曲自化忌，命宫丑时天魁，兑宫迁移天钺，从紫薇上我能分析出来：他是用自己身体消耗来成就“自身贵人”，然他心阳不足又化忌忙碌自耗，导致他中下焦寒湿、便秘。按经方的思路,温阳（温命门+固守阳气“肉桂+炮附子+便秘加大黄”，再以温经汤打底+三菱、莪术、土鳖虫、牛膝，这个思路疗效最多2次经期就会把肌瘤排除体外。如若力度不够就以抵挡汤打底+四物汤+人参疗效应该很快的）。重养气养血而后行气破血。李老师有治疗子宫腺肌瘤案例么？？？   治疗期大概多久？</p>",
      "level": 0,
      "highlight": false,
      "children": [
        {
          "id": "30268b19975e935585888442b682c3dc",
          "author": "李宗恩",
          "time": "2023年05月19日 15:32",
          "content": "<p>每個病人不一樣，不是西醫說子宫腺肌瘤就使用什麽中藥方劑，也不是說你了解背後可能的原因就能直接解決，身體往往有其它的問題，導致無法直搗黃龍地治療。</p>",
          "level": 1,
          "highlight": true,
          "children": []
        }
      ]
    },
    {
      "id": "e8a2d104d47de0eba0fc5412faf8a22b",
      "author": "可可",
      "time": "2023年05月19日 22:12",
      "content": "<p>谢谢 先生回复（幸福）。先生有过类似的案例及治疗周期么？”自己明白每个人体质不同，都会被所在的环境时间认知影响，导致完全不同的治疗周期，我只想大概认知下。我姐39岁，平时运动的，身体算好，就是自耗太重。先生有类似于这样的案例么？</p>",
      "level": 0,
      "highlight": false,
      "children": []
    },
    {
      "id": "9ffbe15496f3beeacf2f1d8b595a8280",
      "author": "Frio",
      "time": "2023年06月01日 20:41",
      "content": "<p>“1. 大小便的情況是明顯的小腸寒引起的；2. 小腸的相火來至於心臟之君火；3. 心火來至於肝木。這位患者明顯的是嚴重的肝血不足導致心陽不足，心陽不足引起小腸寒出現就診的情況。”</p>\n<p>汤医生这里推导的“這位患者明顯的是嚴重的肝血不足導致心陽不足”,是因为“這位患者明顯的是嚴重的肝血不足導致心陽不足”这个原因吗？</p>",
      "level": 0,
      "highlight": false,
      "children": [
        {
          "id": "da5681177f46b06f9b2831a185fb70af",
          "author": "李宗恩",
          "time": "2023年06月05日 16:32",
          "content": "<p>你在問什麽？你重複同樣的字句。</p>",
          "level": 1,
          "highlight": true,
          "children": [
            {
              "id": "aea4eb7faabe0eae88328c12a5891611",
              "author": "Frio",
              "time": "2023年06月05日 19:13",
              "content": "<p>李老師，不好意思，之前留言之前沒仔細審查病句。我想問的是，湯醫生這裡為什麼直接就能判斷出來是肝血不足導致的心陽不足？如果只是木生火來解釋，感覺有點牽強，如果按照這個來理解，是不是所有的心陽不足，心氣虛都可以認為是肝血不足引起的？</p>",
              "level": 2,
              "highlight": false,
              "children": [
                {
                  "id": "39543a45f2b597bba8af78c80f3fdd5b",
                  "author": "李宗恩",
                  "time": "2023年06月05日 19:46",
                  "content": "<p>已經告訴你，你想得很多，可惜學習不足。一位好的中醫師，當然得先從各種症狀確認病人肝血不足，才能推論病人的心陽不足可能是肝血不足造成的。所以，我建議你先好好學習，而不是憑空亂想，問一些很基本的問題。</p>",
                  "level": 3,
                  "highlight": true,
                  "children": [
                    {
                      "id": "8a0d3e5fb6f26699c4f60150a3f062a0",
                      "author": "Frio",
                      "time": "2023年06月05日 19:51",
                      "content": "<p>好的，先看書 🙂</p>",
                      "level": 4,
                      "highlight": false,
                      "children": []
                    }
                  ]
                }
              ]
            }
          ]
        }
      ]
    },
    {
      "id": "22ff545cc254af52d140033d272097f7",
      "author": "关之秋",
      "time": "2023年06月16日 01:57",
      "content": "<p>李医师，您好。我同事的女儿7岁，一到凌晨2-3点就开始发烧，咳嗽，痰多，肚子火烧般热，食不下咽，吃下去会吐出来。该症状持续了一个星期，在医院看总不得好，医生拍了片说肺部有一大片阴影，并未说明是什么原因、什么疾病。小孩至今未康复，病情也加重了，现已住院。但我自己才开始自学中医，无法帮到她们。今天遇到这个网页是我之所幸，能否请李医师辨别这是何故？感谢不尽！</p>",
      "level": 0,
      "highlight": false,
      "children": [
        {
          "id": "c7370fbd3e68cc3569a65ea9b2963656",
          "author": "李宗恩",
          "time": "2023年06月16日 15:06",
          "content": "<p>我不在網上針對個案一一討論，同時，你只陳述你看到的症狀，真的看診還得更深入了解病情。</p>",
          "level": 1,
          "highlight": true,
          "children": []
        }
      ]
    },
    {
      "id": "ebc17832a4b544da68e052bb2e25acd7",
      "author": "heoheo",
      "time": "2023年09月28日 01:46",
      "content": "<p>李宗恩老师您好，我是看了这篇文章后，从北京到通许找汤英老师看病的。我是三年多的时间没来大姨妈，而且伴有全身无力，头疼，右侧眼睛、肩膀、胸部疼痛。喝了几个疗程的药后，不舒服的症状基本消失，就是还没有来大姨妈，本来想休息一段时间再继续喝药的，在家里用艾灸灸了几次中极穴+关元穴+膻中穴之后，姨妈恢复了。从今年年初开始看倪师视频后，我几乎停掉了牛奶+咖啡，控制糖的摄入，又通过您的博客认识了汤英老师，收益良多，真心谢谢您们！</p>",
      "level": 0,
      "highlight": false,
      "children": [
        {
          "id": "e74ed9165464be306aaef921db393084",
          "author": "李宗恩",
          "time": "2023年09月28日 09:55",
          "content": "<p>謝謝你的分享。</p>",
          "level": 1,
          "highlight": true,
          "children": []
        },
        {
          "id": "4453d48f941fc6b5b378eb41f124340c",
          "author": "vyjony",
          "time": "2024年03月13日 22:54",
          "content": "<p>真是厉害~~</p>",
          "level": 1,
          "highlight": false,
          "children": []
        }
      ]
    },
    {
      "id": "c11b78fc812bbfbac329ae6890a8fa31",
      "author": "暗香疏影",
      "time": "2024年03月15日 21:57",
      "content": "<p>每次看到这样的病例分析都激动无比，且热血沸腾！大医不光有医德还得有医术，很多找不到国内好医生的患者为什么不去找汤英主任试试呢？不知道汤主任那边跟诊需要什么条件，好想去亲偿法味（合十）</p>",
      "level": 0,
      "highlight": false,
      "children": []
    },
    {
      "id": "d81390e894de0e5d59389ec9b4c76697",
      "author": "暗香疏影",
      "time": "2024年03月15日 22:35",
      "content": "<p>请教李博士，在汤主任最后一个案例里用了当归四逆汤去木通，是因为病患本身就夜里尿频，因为木通有利尿作用！</p>",
      "level": 0,
      "highlight": false,
      "children": []
    },
    {
      "id": "6804be1c4293e2c470608d28db362c3e",
      "author": "暗香疏影",
      "time": "2024年03月15日 23:04",
      "content": "<p>不好意思李博士再请教一下，汤主任最后这个案例在收功的时候因为患者大便次数还略多所以加了赤石脂，前面为加是因为要让病人把脓血排干净吗？如果前面就适当加一些可否？</p>",
      "level": 0,
      "highlight": false,
      "children": [
        {
          "id": "f4b7bd09ca0350ac4bb3d0710598b1c8",
          "author": "李宗恩",
          "time": "2024年04月11日 09:55",
          "content": "<p>赤石脂止痢。</p>",
          "level": 1,
          "highlight": true,
          "children": []
        }
      ]
    },
    {
      "id": "214a2f1de8659f686b0a1dc91067c907",
      "author": "黄子聪",
      "time": "2024年08月14日 01:08",
      "content": "<p>个人觉得，汤英主任还有很长的路要走！前段时间专程从广东飞往河南找汤主任看病，汤主任诊室里放着一张倪师的照片，在等待的期间，我静静的站在后面看了好久，感觉汤主任也是停留在症状连连看的阶段，比如我说我冬天手脚冰冷，她就给我用当归四逆汤，我说我儿子平时容易流汗，她就给用炮附子，我说小孩子早上起床咳有痰她就用生半夏与麦冬，我说我老婆大便有血，她就用当归赤小豆，我说我儿子鼻塞有鼻炎，她就加辛夷菖蒲苍术，我说我几个有时候脾气都有点躁，她就用小柴胡，再说剂量，每个处方基本维持在二十味药左右，炮附子用量我儿子8克一天半，我15克一天半，我老婆20克一天半，我儿子四岁半，个人觉得附子用得重了点，本来开的是9克，后经旁边医生提醒一下改为8克，我后来信息问了一下孩子的剂量会不会太重，但也没有得到有效的答复，我回去后将小孩原本一天半一剂的药改为三天一剂，我和老婆的药改为两天一剂，再说效果，效果有一些，但很有限，效果不尽人意，尤其我儿子，用药期间鼻塞还加重了，还有一个事不知道当不当说，我看前面几个人的药费都很便宜，但到了我们的费用却高出前面的好几倍，也就我老婆的药里用了点酸枣仁稍微贵点，其他的和前面的药材都差不多，也没有什么名贵的药材，有点怀疑是被医院大数据杀外地人，总体来说，对这次的治疗过程和治疗效果都很失望，不打算回诊了，是因为我觉得再继续下去也解决不了我的问题</p>",
      "level": 0,
      "highlight": false,
      "children": [
        {
          "id": "80d2a383a10504b7def599917eb8b98c",
          "author": "李梁",
          "time": "2024年08月14日 08:58",
          "content": "<p>看了你的留言，站在客观角度我无法评价汤英医师对于你的辨证论治的决策正确与否，毕竟在没有跟中医师讨论的情况下，我们去随意的评价一位中医师的想法的的确确不太公平！就拿你的手脚冰冷来讲，汤英主任给你用了当归四逆汤！个人觉得不太好去评判，当归四逆汤，你可以简单理解为发动机到轮胎转动中间的一个整体传动系统检修的过程，但是并不代表当归四逆汤能够完美解决整个传动系统！的确如果以你的理解，手脚冰冷就当归四逆汤，可能代表一个医家有方剂连连看的质疑性在！但是不乏其人有用当归四逆汤做一个标准，通过这个标准去看到其他隐藏的平衡点在！所以我们在没有跟汤英主任沟通的情况下，我们首先需要做到先尊重汤英主任的想法！毕竟你也叙述了自己的病情很复杂，那有没有可能汤英主任就是在第一诊的时候尝试你身上的其他平衡点存在呢？又或者是你说的爱出汗，表虚，汤英主任直接开的炮附子来固表阳，这里面除了你的连连看的质疑，还有没有可能也是汤英主任通过以往大量病人的经验给予出的呢？又或者是在不能明确爱出汗就直接归为表虚的时候，给予炮附子一个方向，假设效果不明显，说不定汤英主任已经想到了你的心阳，心血，肝血等等很多其他的问题了？话说回来你的问题也很大！你对你自己的身体的平衡点以及各个平衡点之间生理病理学的线索圈完全没有一点点的基本的结构！所以你也就不能在给予你，先前自我诊断的基本方向与思维，那结果就是你不能与中医师之间进行较好的探讨！换做是我，假如去找一位中医师，我肯定会把我给我自己的用药与平衡点以及生理病理线索圈跟这位中医师讨论，哪些门开了，哪些门开一半就开不动了！一方面沟通起来可能很顺畅也能帮助自己学到东西，另一方面也能大差不差的看到这位中医师的能力！最重要的是或许你能帮助到这位中医师直接跳过某个点去考虑你自己想不到的问题！当然前提是你的a到b的过程方向与中医师a到b的方向是一致性的，我们允许可以走弯路，有偏差，但整体方向不能有太大偏差！所以最后建议你自己多学习宗恩老师的资料，自己先把自己做到一定程度上知根知底，再是我们尊重汤英主任对你的治疗看法！</p>",
          "level": 1,
          "highlight": false,
          "children": [
            {
              "id": "08fd8581d45c567e6cba778ef7e2a1a7",
              "author": "黄子聪",
              "time": "2024年08月15日 12:50",
              "content": "<p>宗恩老师的中医资料是万万不能落下的！我觉得最主要的问题是沟通的不多，医生有时觉得说得太专业，病人会听不懂所以很多想法就没有说出来，现场的情况有时候也没有办法问得太多！发了这个评论后我也觉得我太过于武断，当归四逆汤应该也是没有错，本人以前得过甲亢西医治疗过两年，治疗过程中吃过大量的激素，心脏肯定是伤到的，即使抛开肺与肝对心阳的影响，手脚应该也很难温得起来，心脏问题重中之重，先处理心脏问题也是对的，不管怎么说，先再治疗一段时间再评论</p>",
              "level": 2,
              "highlight": false,
              "children": [
                {
                  "id": "d60b30326ed0d5c891a437c9b6db56ae",
                  "author": "平平淡淡",
                  "time": "2024年08月18日 21:10",
                  "content": "<p>药费贵的问题，真的是宰人还是有误会</p>",
                  "level": 3,
                  "highlight": false,
                  "children": [
                    {
                      "id": "f94beea02c6ee43c9e965a38efb195a9",
                      "author": "古道",
                      "time": "2024年08月19日 18:59",
                      "content": "<p>藥材漲價很久了，越是常用的中藥材，漲的越離譜。</p>",
                      "level": 4,
                      "highlight": false,
                      "children": []
                    }
                  ]
                }
              ]
            },
            {
              "id": "c1040ce0f5ef2e65911410165cef132c",
              "author": "小宇宙",
              "time": "2024年08月20日 06:21",
              "content": "<p>好读书不求甚解，好发言不得要领，语言习惯有些刻意模仿李博士，还是沉下来有更好的进步，慎言。得罪了。</p>",
              "level": 2,
              "highlight": false,
              "children": [
                {
                  "id": "ea8a3bbb3058b189cabd99397f821865",
                  "author": "李梁",
                  "time": "2024年08月20日 12:52",
                  "content": "<p>惭愧，本人才疏学浅！倒不是说去刻意模仿宗恩老师，而是重点在于你能通过宗恩老师的一些话，去设身处地的在自学中医的路途中有过高度类似的经历与实践后，自己非常能切身体会到宗恩老师教给我们的一些东西所产生的共鸣与强烈的认可！多说一句，在一边学习宗恩老师后，这也是为什么我总是喜欢在不太忙碌的时候，通常会去当地的几家中医院的疑难病症科室外旁听，其实很多时候在不经意间，病房传来的几句医生与病人的对话，就已经坐实了宗恩老师所讲！</p>",
                  "level": 3,
                  "highlight": false,
                  "children": []
                }
              ]
            },
            {
              "id": "23c6cd3c73035782358e5f10734779d7",
              "author": "黄子聪",
              "time": "2024年08月23日 14:05",
              "content": "<p>李师所说的我大部分都能听得懂，至于这个平衡点的问题，李师没有很正式很详细的说过，要讲明白的话可能要花很长的篇幅，所以也不好问。至于你说的以当归四逆汤作标准找平衡点的问题，我认为不存在，因为初诊的药用量是十五天（十幅一幅一天半），单纯的在这说几句猜测一下无法看得清楚，如果你想，我可以告诉你整个细节让你来判断，当然我也是想从不同角度来看清自己身体的情况</p>",
              "level": 2,
              "highlight": false,
              "children": [
                {
                  "id": "c599ec637b18dde766886976cb453cbd",
                  "author": "李梁",
                  "time": "2024年08月24日 09:14",
                  "content": "<p>看来你还是没能深入理解我的意思，并不是初诊跟你用药到15天，就能完全否定当归四逆汤作标准后面的猜想，况且我也说过这是个可能性的概率而已！那这里又得绕回来了，在不了解你很复杂的情况，又没有跟一个医家深入讨论，单单仅仅靠方中的某一位或者好几位方剂很难完全百分百猜中当时医生的想法与切入点的抉择性！复杂的问题并不是直接拿一个医家给你方中的药味或者方剂的含义(包括归纳总结也好)直接就能猜的中当时医生整体布局的想法！这一点宗恩老师的医案资料很多都能领悟得出来！所以，你说让我判断，就已经偏的很远了！一方面我自己能力有限，否则自身的问题不可能只能解决一部分，另外一方面如果非得给自己脸上贴金的话，我只能说我或许比大家多花了那么一丢丢时间在宗恩老师与倪老师很多资料上面生理病理学与整体方向抉择性的评估深刻揣摩，然后确实也能使的出来，当然我也很乐意你能分享你的情况与汤英主任的初诊，当作一个医案来学习当然很好，至于判断这两字放在一个自学中医且没有大量临床经验的人身上未免显然太唐突！</p>",
                  "level": 3,
                  "highlight": false,
                  "children": []
                }
              ]
            }
          ]
        },
        {
          "id": "1fce82c6e7c2b2cea2303708e6fd106a",
          "author": "缠迷",
          "time": "2024年08月24日 15:00",
          "content": "<p>药贵的问题跟医院定价制度有关，汤主任，医德医风没问题，医术吧的确任重道远</p>",
          "level": 1,
          "highlight": false,
          "children": [
            {
              "id": "7a12173af5d0c984ffbb877d3fac22e0",
              "author": "平平淡淡",
              "time": "2024年08月26日 22:33",
              "content": "<p>您去现场看诊了？</p>",
              "level": 2,
              "highlight": false,
              "children": []
            }
          ]
        }
      ]
    },
    {
      "id": "d2d7e0240fc893bc8d62f7c651ec0e75",
      "author": "黄子聪",
      "time": "2024年08月14日 02:36",
      "content": "<p>评论还在审核中，恰好收到汤英主任发来了信息，问我一些用药的感受，我也问了一些问题，我说吃了药身上还是很痒，她解释说你的情况比较复杂，需把你的胃养好才能进行下一步的动作，如果一开始就清肝的话怕你会受不了，一步一步来，我听了后觉得很惭愧，对啊，记得李师说过，治病是需要谋略的，得一步一步来！好后悔，评论又不能撤回，只能再写一篇评论为汤英主任澄清一下，是我太过武断，抓住一点点小问题就将它无限放大，也再次证明人一旦有了偏见，就会影响到自己的判断，再此跟汤英主任说声对不起！</p>",
      "level": 0,
      "highlight": false,
      "children": [
        {
          "id": "357302308d3cea66efa275309bcbf088",
          "author": "一壶酒",
          "time": "2024年08月14日 16:24",
          "content": "<p>那还打不打算回不回诊呢？</p>",
          "level": 1,
          "highlight": false,
          "children": [
            {
              "id": "0c0bf12b301c87b2a175c48dbf45d5db",
              "author": "黄子聪",
              "time": "2024年08月15日 12:16",
              "content": "<p>回诊！其实汤英主任看病还是很认真，只是她看病的一些想法，你没问的话她不一定会跟你说，但医德是蛮好的！有时候病人对某一症状期望过高，而医生却又认为那不是最急迫的时候，如果在这过程中没有好好沟通，就很容易会出现我这种情绪！</p>",
              "level": 2,
              "highlight": false,
              "children": [
                {
                  "id": "df6f4539bf5892c4612468d29e9a8fad",
                  "author": "平平淡淡",
                  "time": "2024年08月18日 21:06",
                  "content": "<p>我马上也去找汤医师看诊，该如何好好的跟汤医师沟通呢？有疑问的地方就问吗？</p>",
                  "level": 3,
                  "highlight": false,
                  "children": []
                },
                {
                  "id": "e609a90d126637df9da4fe92ce26554c",
                  "author": "古道",
                  "time": "2024年08月19日 19:01",
                  "content": "<p>體制内醫生每天的看診量，很難有時間和精力與每位患者進行充分的溝通，都是挑重點的說。</p>",
                  "level": 3,
                  "highlight": false,
                  "children": []
                },
                {
                  "id": "06c2c07ce07bd5270bdf184968a8b7bf",
                  "author": "王先生",
                  "time": "2024年09月18日 23:24",
                  "content": "<p>我想问一下汤英医生的医术如何</p>",
                  "level": 3,
                  "highlight": false,
                  "children": []
                },
                {
                  "id": "539e70ff4a31b743e40328c516e1d433",
                  "author": "王先生",
                  "time": "2024年09月18日 23:40",
                  "content": "<p>黄子聪怎么样联系你</p>",
                  "level": 3,
                  "highlight": false,
                  "children": []
                }
              ]
            }
          ]
        },
        {
          "id": "aa791679369b3afc8a2ad27d90ecfd7d",
          "author": "一壶酒",
          "time": "2024年08月15日 06:50",
          "content": "<p>别的人民医院能开出生半夏和泡附子吗？！<br/>\n呵呵</p>",
          "level": 1,
          "highlight": false,
          "children": [
            {
              "id": "ea9e6d34b620f37d283dbf0c39c402fd",
              "author": "古道",
              "time": "2024年08月19日 18:55",
              "content": "<p>炮附子（黑順片）現在中醫院基本都能開出來，生半夏還真沒見過。</p>",
              "level": 2,
              "highlight": false,
              "children": [
                {
                  "id": "a50c79d79d4697dd5c23ea45349dc241",
                  "author": "李宗恩",
                  "time": "2024年08月19日 21:52",
                  "content": "<p>黑順片不是正統的炮附子，那是用膽巴浸泡而來，藥性差，膽巴也對人體有害。</p>",
                  "level": 3,
                  "highlight": true,
                  "children": [
                    {
                      "id": "ba0bf33f94fadc14a4530ce18f8aeff4",
                      "author": "古道",
                      "time": "2024年08月20日 23:20",
                      "content": "<p>是的，李博士。可惜國内醫院只有這種炮附子（黑順片）。</p>",
                      "level": 4,
                      "highlight": false,
                      "children": []
                    }
                  ]
                }
              ]
            }
          ]
        },
        {
          "id": "84f623953dc08ed4db8b269bafea9d5d",
          "author": "王先生",
          "time": "2024年09月18日 23:22",
          "content": "<p>我想问一下汤英医生的医术如何</p>",
          "level": 1,
          "highlight": false,
          "children": []
        }
      ]
    },
    {
      "id": "be0fa66283d70c2202a2f9dc88772607",
      "author": "刘伟光",
      "time": "2024年09月09日 01:10",
      "content": "<p>请问李医师，气虚的人是不是针灸的效果不好？</p>",
      "level": 0,
      "highlight": false,
      "children": [
        {
          "id": "5925d04ce74062ba780e45aed1f9179f",
          "author": "李宗恩",
          "time": "2024年09月19日 11:13",
          "content": "<p>是的。</p>",
          "level": 1,
          "highlight": true,
          "children": []
        }
      ]
    }
  ],
  "page": 10,
  "order": 8,
  "filename": "data\\page10\\page10_order7_e7bf592db810189da53000734daadc53.json"
}