{
  "article_url": "https://andylee.pro/wp/?p=11974",
  "title": "中醫淺談系列之二：病例討論及回答問題",
  "content": "<figure class=\"wp-block-image size-full\"><a href=\"https://andylee.pro/wp/wp-content/uploads/2022/10/mmexport1666199437901.jpg\"><img alt=\"\" class=\"wp-image-11971\" decoding=\"async\" fetchpriority=\"high\" height=\"980\" sizes=\"(max-width: 582px) 100vw, 582px\" src=\"https://andylee.pro/wp/wp-content/uploads/2022/10/mmexport1666199437901.jpg\" srcset=\"https://andylee.pro/wp/wp-content/uploads/2022/10/mmexport1666199437901.jpg 582w, https://andylee.pro/wp/wp-content/uploads/2022/10/mmexport1666199437901-178x300.jpg 178w\" width=\"582\"/></a></figure>\n<p><strong>時間：</strong>加州時間10月29日周六下午7pm / 北京時間10月30日周日上午10am</p>\n<p><strong>內容：</strong>病例討論及回答問題</p>\n<p><strong>主辦單位：</strong>岐黃聖賢智慧公益學習平台</p>\n<p><strong>觀看直播通過方式預約：</strong></p>\n<p>用微信（WeChat）掃描圖片中的二維碼，點擊預約直播，屆時進入微信視頻號觀看直播。</p>\n<p><strong>簡介：</strong></p>\n<p>以《當張仲景遇上史丹佛》/《当张仲景遇上斯坦福》書中病例為基礎，討論中醫生理及病理學，以及臨床治療及用藥思路。建議參加網上座談者先行依照書中順序閱讀病例，有些基本的了解，網上座談時間有限，不會重複解釋病例背景。如此病例討論的方式，將在網上座談延續幾次，用以涵蓋書中三十多個病例主題。每次講座亦將留部分時間來回答大家的問題。</p>\n<p><strong>中國大陸購書建議：</strong></p>\n<p>主辦單位與簡體中文版出版商達成協議，讓大家方便購買，同時出版商將分享少許利潤給主辦單位，以支持主辦單位的公益平台。購買者請用微信（WeChat）掃描一下圖片中的二維碼。</p>\n<figure class=\"wp-block-image size-medium\"><a href=\"https://andylee.pro/wp/wp-content/uploads/2022/10/Untitled.png\"><img alt=\"\" class=\"wp-image-11972\" decoding=\"async\" height=\"300\" sizes=\"(max-width: 295px) 100vw, 295px\" src=\"https://andylee.pro/wp/wp-content/uploads/2022/10/Untitled-295x300.png\" srcset=\"https://andylee.pro/wp/wp-content/uploads/2022/10/Untitled-295x300.png 295w, https://andylee.pro/wp/wp-content/uploads/2022/10/Untitled.png 661w\" width=\"295\"/></a></figure>",
  "article_time": "2022年10月19日 10:44",
  "comments": [
    {
      "id": "4a013a6bd4b74912948810cc1a3d7b65",
      "author": "秦嗷嗷",
      "time": "2022年10月20日 07:51",
      "content": "<p>收到李医师~<br/>\n感恩李医师~<br/>\n辛苦李医师~</p>",
      "level": 0,
      "highlight": false,
      "children": []
    },
    {
      "id": "ae7d3e69d9fd1a044139269743e9c984",
      "author": "于先生",
      "time": "2022年10月20日 09:05",
      "content": "<p>请问李医生，中国浙江哪里有倪老师学生可以看诊的，我在中医院（中西医结合医院）被诊断为气胸。已经复发两次了，吃中药感觉效果不错，可是医生还是让我手术，我要求吃中药，医院也没给我开中药，就住院吸氧气了，我想尽快能找到中医看病，太远的地方估计我这种肺大泡也无法坐飞机了，我这种突发性气胸真的是没办法了，我29岁，没有得过肺气肿啥的病，她们说我是因为太瘦了引发的肺大泡破裂得了气胸，可是没有医生能解释我为啥有肺大泡。很无奈，不知道浙江省杭州附近城市哪里才有真正的中医。现在的中医院其实根本不是中医。</p>",
      "level": 0,
      "highlight": false,
      "children": [
        {
          "id": "9eaebcbecb88846cf0ca090c730e4d0e",
          "author": "李宗恩",
          "time": "2022年10月24日 09:44",
          "content": "<p>我不清楚浙江的情況。</p>",
          "level": 1,
          "highlight": true,
          "children": [
            {
              "id": "0c2a1423d025aea9634289d67d0d6e3f",
              "author": "高隐瑜",
              "time": "2022年10月26日 18:55",
              "content": "<p>李老师好，我想请问你一下新加坡这边有倪先生的学生吗？最好是出诊的，多谢</p>",
              "level": 2,
              "highlight": false,
              "children": []
            },
            {
              "id": "f7619339f5cfc97e4a767ea3cb042466",
              "author": "关志华",
              "time": "2022年10月30日 09:16",
              "content": "<p>你好,李医师,在网上可以向你问诊吗？</p>",
              "level": 2,
              "highlight": false,
              "children": [
                {
                  "id": "3ef858a0ddfade7716c2819a05d48984",
                  "author": "李宗恩",
                  "time": "2022年11月10日 10:34",
                  "content": "<p>不是網上問診，而是遠程視訊，請聯絡診所info@youngQi.com</p>",
                  "level": 3,
                  "highlight": true,
                  "children": []
                }
              ]
            }
          ]
        }
      ]
    },
    {
      "id": "46b1dc003aeea2d6aed58d8ffe184d19",
      "author": "R",
      "time": "2022年10月20日 14:42",
      "content": "<p>李医生您好！请问您能否分享一下倪海厦老师用的枯痔散的配方啊？国内淘宝上卖的感觉都不靠谱。有的包装上直接写倪海厦老师的名字，但是使用起来却几乎没什么效果。我被痔疮困扰以久，不知您是否能给予一些指点？非常感谢！</p>",
      "level": 0,
      "highlight": false,
      "children": [
        {
          "id": "df13c0a0992fafc17db6d1469b10b8d2",
          "author": "李宗恩",
          "time": "2022年10月24日 09:51",
          "content": "<p>淘寶網上賣的都是假藉倪老師名聲的不良商人。痔瘡有許多内在的原因，你得找中醫師看診，而不是到處找藥方來適用。</p>",
          "level": 1,
          "highlight": true,
          "children": []
        },
        {
          "id": "f7cea042d02527e8fd83524fe80ad35f",
          "author": "刘",
          "time": "2022年11月02日 05:43",
          "content": "<p>南京中医院有个9代家传做枯痔散的姓李，南京市重点名人</p>",
          "level": 1,
          "highlight": false,
          "children": []
        }
      ]
    },
    {
      "id": "43f4ac8306b22959b3d49be9141807be",
      "author": "想",
      "time": "2022年10月23日 17:19",
      "content": "<p>李博士您好，希望您能在医案讲解时，多讲一些中医生理学病理学的内容，您的讲解非常适合现代人的理解方式，感谢您对中医的“现代化”！</p>",
      "level": 0,
      "highlight": false,
      "children": [
        {
          "id": "eeb8394003f3352e9847d9d197494524",
          "author": "李宗恩",
          "time": "2022年10月24日 09:54",
          "content": "<p>謝謝你的支持及鼓勵。</p>",
          "level": 1,
          "highlight": true,
          "children": []
        }
      ]
    },
    {
      "id": "ab46108e00c1f9f0921972331e21bd58",
      "author": "A青",
      "time": "2022年10月24日 09:32",
      "content": "<p>您好李医生，因经济困难无法去找您，请您帮帮我好吗？我在家慧中医网看诊十个月每星期一副药，稍缓解。实在没地方治了。本人女三十八岁未育，症状心悸、便秘、失眠、胃不好。每天凌晨三四点才睡，没睡意等三点左右想睡了躺下又思绪不断，次日中午醒来过两三个小时又很困，凡睡必做梦清楚记得梦境偶尔恶梦。胃口一般，一喝水会胃痛，我渴了只敢喝一点点。喝凉的也胃不舒服会马上吐水出来，饭后喝水也胃疼。而且一直不消化。吃中药每天拉两根手指长的大便，先成形后不成形。不吃药不拉，天枢以及关元上都是硬的按之不痛有点难过。肚子胀，胀得不能睡。脐上偏左动悸。肚脐横向从左至右划条线、线上没有肋骨的区经常有水声、特别是胃里和右边没胁骨区。小便淡黄，不太渴一天一杯水。正常流汗。手温脚趾凉，我比别人穿的多天稍凉我手脚就会凉。月经每次8天，少许血块，头天多第四天到最后就几滴䅥色。总血量少，经前腰酸胀小腹隐痛半天。心情不好，开心不起来。舌苔淡粉色少许齿痕，舌尖后一点有个坑，舌中竖着一条线。左脉比右脉沉，都数。手臂上有不凸起小血点、不是蜘蛛网状、比针孔还小多。晚上十二点多额头会热一会。眼白有黄斑，少白头，今年白发更多，严重掉头发。脸色黄。右乳头后自己摸到一个光滑的硬块。家慧劝我换地方治。</p>",
      "level": 0,
      "highlight": false,
      "children": [
        {
          "id": "4bfa35f9fc558d0c083e0268ccb8b99d",
          "author": "李宗恩",
          "time": "2022年10月24日 09:55",
          "content": "<p>我無法在網上針對個案一一討論，有醫療需要，請聯絡診所info@youngQi.com</p>",
          "level": 1,
          "highlight": true,
          "children": []
        },
        {
          "id": "101b11272564c566ac755b640be5db34",
          "author": "李习玲",
          "time": "2022年10月27日 20:02",
          "content": "<p>暂且不用飞到美国去，我也是病人，通过邮箱联系了李医师的诊所，目前正在Waiting list候诊，手续比较简单，通过PayPal、Master card或者Visa信用卡支付看诊费就可以了，我是用PayPal支付的。</p>",
          "level": 1,
          "highlight": false,
          "children": [
            {
              "id": "407c61f756446180cdbea511081e7b52",
              "author": "刘惠",
              "time": "2022年11月01日 07:36",
              "content": "<p>您好！请问如果我用163或者QQ邮箱可以联系李博士这个邮箱吗？</p>",
              "level": 2,
              "highlight": false,
              "children": [
                {
                  "id": "dd57b92efabe311fd109c23cabb75d70",
                  "author": "李习玲",
                  "time": "2022年11月02日 16:36",
                  "content": "<p>可以的，我用的163邮箱</p>",
                  "level": 3,
                  "highlight": false,
                  "children": []
                }
              ]
            }
          ]
        },
        {
          "id": "ed89003e47c0d05247b1bd8c6311b25f",
          "author": "ET",
          "time": "2022年10月30日 12:02",
          "content": "<p>长期三点过后才能睡-&gt;肝血虚（发为血之余，脱发）-&gt;心火没有好的燃料-&gt;心悸。<br/>\n肝横克脾土-&gt;脾不能运化-&gt;中焦寒湿（喝凉的都会吐水已经是水逆证了）。<br/>\n心下振水声、舌中竖裂痕-&gt;胃已经伤了-&gt;胃不和则寝不安（肚子胀，胀得不能睡）-&gt;失眠 -&gt;肝血更虚（恶性循环）。<br/>\n脾胃不好，吃的食物，喝的药都不能很好的吸收-&gt;脾没法运化-&gt;肝没有营养来源-&gt;肝血更虚。<br/>\n中焦寒湿阻隔-&gt;心火下不到小肠-&gt;下焦也寒了-&gt;便秘、经期痛。<br/>\n手臂有小血点-&gt;脾不统血。<br/>\n十二点多额头会热-&gt;少阳枢机不利-&gt;阳不入阴-&gt;失眠。<br/>\n肝虚-&gt;透支母亲肾-&gt;肾精被耗（血的来源是精）-&gt;头发白。<br/>\n脾虚-&gt;土不生金-&gt;肺也开始有痰湿不能去掉-&gt;眼白有黄斑。<br/>\n你已经很好的观察自己的身体状况了，算是一个好的患者了，找个好的经方中医应该会好起来的。还有，身体这么差了，一个星期一副药根本是杯水车薪嘛！</p>",
          "level": 1,
          "highlight": false,
          "children": []
        }
      ]
    },
    {
      "id": "24f8e5011690b09377fcb902d4ff0178",
      "author": "做自己",
      "time": "2022年10月26日 20:32",
      "content": "<p>很庆幸找到这个网址、继倪师后找到李老师，心里踏实很多，遇到大病不慌、不再继续为高昂的医药费用和器材买单，也祝李老师平安喜乐，会一直支持下去跟随李老师的脚印走</p>",
      "level": 0,
      "highlight": false,
      "children": [
        {
          "id": "c342780ac3ff6968f5f78d40d62e0af7",
          "author": "李宗恩",
          "time": "2022年10月28日 10:30",
          "content": "<p>謝謝你的支持及鼓勵。</p>",
          "level": 1,
          "highlight": true,
          "children": []
        }
      ]
    },
    {
      "id": "544a7a4673ab0ac7b05d2555a1d7d8d6",
      "author": "hui",
      "time": "2022年10月27日 01:06",
      "content": "<p>李博士您好!</p>\n<p>有亲戚在澳洲阿德莱德，有过两次中风，虽然救助及时，但现在常常出现认知困难，不能开车，无法控制不停地说，<br/>\n脾气暴躁甚至暴力倾向等症状，澳洲医生开了治疗心血管的药及运动康复治疗，西医答复几乎是无法治疗，请问李博士是否认识在澳洲阿德莱德或其他城市执业的中医师？</p>\n<p>谢谢！</p>",
      "level": 0,
      "highlight": false,
      "children": [
        {
          "id": "f5019ebebcf050b9f28fda1c8b53ce06",
          "author": "李宗恩",
          "time": "2022年10月28日 10:34",
          "content": "<p>我不清楚。</p>",
          "level": 1,
          "highlight": true,
          "children": []
        }
      ]
    },
    {
      "id": "9a5d129d4ab48c49723b071f0417ed6a",
      "author": "李习玲",
      "time": "2022年10月29日 05:20",
      "content": "<p>李宗恩博士明天开始讲医案了，感恩！在岐黄圣贤智慧平台，听到倪师的歌，很感动！报名参加了中医公益学习，惊喜看到杨贞医师的简介。今天群里老师发了一篇文章《倪海厦：宫颈癌起因》，已拜读。德国生物学家哈拉尔德·楚尔·豪森教授因为发现HPV病毒导致宫颈癌的直接证据，获得2008年的诺贝尔生理学及医学奖。我们在工作中发现，很多宫颈癌患者手术后复查抹片(TCT)，又会因HPV感染出现宫颈细胞形态的改变，也就是说，尽管手术切除了宫颈癌的病灶，可是病人还处于HPV持续感染中，又一个癌变的循环还在继续，从HPV感染到低度病变再到高度病变和癌。这是西医棘手的问题！罹患宫颈癌的病人很多，并在趋于年轻化。</p>",
      "level": 0,
      "highlight": false,
      "children": [
        {
          "id": "621cac1c58267a99f4f4cf2a5c7bf66d",
          "author": "李宗恩",
          "time": "2022年11月10日 10:31",
          "content": "<p>謝謝你的分享，也謝謝你的支持及鼓勵！</p>",
          "level": 1,
          "highlight": true,
          "children": []
        }
      ]
    },
    {
      "id": "2314dd51d4b2d9680d5c79fc162b0cd6",
      "author": "Dking",
      "time": "2022年10月29日 20:48",
      "content": "<p>直播提问：左边胸胁苦满可能是胆、肝、脾脏、胰脏等问题，具体怎么区分呢？是否可以先从清肝利胆开始？ 案例：左胁点位胀满，天枢按胀，大便滂臭，嗝气，舌苔淡黄有齿痕湿润唇干裂，手脚温热，个人分析：1、小柴胡汤症；2，脾胃湿热引起的并发症，请问李老师指正</p>",
      "level": 0,
      "highlight": false,
      "children": [
        {
          "id": "873683fa89f1f323016da6fd7b2130c4",
          "author": "李宗恩",
          "time": "2022年11月10日 10:32",
          "content": "<p>不是那麽單純，得依個案來診斷及決定治療的切入點。</p>",
          "level": 1,
          "highlight": true,
          "children": []
        }
      ]
    },
    {
      "id": "705d7881efa52a83554a764344587047",
      "author": "馷慈",
      "time": "2022年10月29日 20:51",
      "content": "<p>非常感谢李博士无私的分享与教授，得益良多。感恩！</p>",
      "level": 0,
      "highlight": false,
      "children": [
        {
          "id": "287020af5864726a7a99831481cd5942",
          "author": "李宗恩",
          "time": "2022年11月10日 10:33",
          "content": "<p>謝謝你的支持及鼓勵。</p>",
          "level": 1,
          "highlight": true,
          "children": []
        }
      ]
    },
    {
      "id": "133eb62fc06984855d8c54db4188bda2",
      "author": "文凯",
      "time": "2022年10月31日 17:26",
      "content": "<p>请问李医师，人纪的九转玄功是怎么回事，能否在下次直播中讲解一下</p>",
      "level": 0,
      "highlight": false,
      "children": [
        {
          "id": "b4b533894286c9d86458e0a8e89be75e",
          "author": "李宗恩",
          "time": "2022年11月10日 11:54",
          "content": "<p>我不清楚</p>",
          "level": 1,
          "highlight": true,
          "children": []
        }
      ]
    },
    {
      "id": "557e55ba4fb35de09dc2f615f5e0205f",
      "author": "仲女士",
      "time": "2022年11月06日 02:19",
      "content": "<p>李老师好！非常开心可以在您的网站看到更多内容。上次线上听您的课，非常精彩，受益匪浅。<br/>\n有两个问题想请教您：<br/>\n1、上次您讲课讲到3～5点醒也有可能是肝的问题。下次上课可以再详细讲一下吗？谢谢。我一直理解为1～3点为肝经的时间，肺的时间醒考虑肝的时候是因为“木反侮金”吗？<br/>\n2、您的网页可以切换成简体字版吗？繁体字可以看得懂，但看得很慢，反应也很慢。不好意思^_^</p>\n<p>目前倪师的视频教程第一遍看完了，已进入第二遍。继续学习中。谢谢您给的指引。</p>",
      "level": 0,
      "highlight": false,
      "children": [
        {
          "id": "f6a6498731f6079f1b16527c46356f55",
          "author": "李宗恩",
          "time": "2022年11月10日 13:45",
          "content": "<p>肝不好的人，膽汁分泌會有問題，導致膽的問題，而膽有問題的人，常常會在清晨四點多醒來。網路上有很多轉換繁體中文和簡體中文的軟件，你可以自己轉換，不過，學習中醫的人，應該認真學習繁體字，提升中文能力。</p>",
          "level": 1,
          "highlight": true,
          "children": [
            {
              "id": "eb09a50baa95a93a1a0436cfc3ed022b",
              "author": "羊咩咩",
              "time": "2022年11月12日 05:56",
              "content": "<p>哇！太開心老師百忙之中還這麼認真回復我信息，增加我學習的動力！<br/>\n繁體已經開始打卡用起來了，以便後面可以閱讀古書。孰能生巧，一定會越學越好。看您和倪師的網站也是訓練，哈哈！<br/>\n感謝您的大愛！</p>",
              "level": 2,
              "highlight": false,
              "children": []
            }
          ]
        }
      ]
    },
    {
      "id": "a48ace385ba614bb65f2d3067b30a816",
      "author": "劉鵬雲",
      "time": "2022年11月11日 19:33",
      "content": "<p>您好，李博士，麻煩請問您對兒童脊柱側彎是怎麼看的，中醫是否可與用針灸或者重要輔助進行治療？目前西醫只用支具的方式進行調整，但是效果不明顯。</p>",
      "level": 0,
      "highlight": false,
      "children": [
        {
          "id": "955c95684d2316197134aafec9cb210b",
          "author": "李宗恩",
          "time": "2022年11月22日 09:25",
          "content": "<p>一般而言，脊柱側彎是因爲兩側肌肉、筋、肌腱等拉力長期不平衡造成的，只使用物理治療不易真的痊愈，得瞭解爲什麽肌肉、筋、肌腱等不健康，譬如肝血不足無法潤筋，中醫可以有很大的幫助，</p>",
          "level": 1,
          "highlight": true,
          "children": [
            {
              "id": "8c45af9a347fb1df87eca0adb7b2fc02",
              "author": "劉鵬雲",
              "time": "2022年11月23日 22:45",
              "content": "<p>非常感謝李博士百忙之中抽空回復，真的是很負責任的醫生，我已經發郵件給info並已經排隊了。期待早日能得到您的幫助，8歲兒童24小時帶支具真的是很痛苦。</p>",
              "level": 2,
              "highlight": false,
              "children": []
            }
          ]
        }
      ]
    }
  ],
  "page": 10,
  "order": 7,
  "filename": "data\\page10\\page10_order6_46b1dc003aeea2d6aed58d8ffe184d19.json"
}