{
  "article_url": "https://andylee.pro/wp/?p=11942",
  "title": "貪婪的亂象",
  "content": "<p>倪海厦老師辭世後，他教導的人紀中醫教學内容，為更多的中醫專家及中醫愛好者肯定及推崇，教學内容被廣為流傳，倪老師也更加為廣大的人群敬重。</p>\n<p>人心是貪婪的，隨著倪老師名聲大漲，很多人藉此盜取不義之財。中國大陸充斥著販賣盜版人紀教材來賺錢、謊稱倪老師親自教導多年來吸引信徒、盜取倪老師及其學生的資料來建立自己網頁權威性等等荒誕貪婪的事情。</p>\n<p>然而，無恥貪婪的行爲是沒有上限的。有人竟然以人名「倪海厦」來申請商標，當地政府官員不知道是胡亂審核還是另有原因，竟然也在違反中國商標法規準則下核准了該項申請。然後，這些人拿著政府核准的「倪海厦」商標，到處聯絡及威脅那些盜用倪老師資料的公司及網頁，要求他們賠償巨額的侵權補償金，做賊的佯裝成主人，高喊來抓其他的賊！或許，這些人接下來會以「正宗倪海厦」自居，反過來控告正版侵權，直接收割倪老師多年推展經方中醫的辛勞！</p>\n<p>許多人來函問我爲什麽不出來主持正義，很抱歉，這件事我無能為力。倪老師著作版權為倪師母擁有，只有倪師母有立場及權利來對抗這樣的亂象。而即使倪師母出面，在視版權為糞土的社會結構及把貪婪欺騙當家常便飯的人心思維下，整個法律訴訟過程也將耗費大量的人力物力及時間，判決的結果也不一定如人所意，這也是爲什麽那麽多賊人有恃無恐的原因。</p>\n<p>人在做天在看。中醫是救人的學問，拿著中醫之名，卻做著欺騙斂財之實，就不怕哪天自己或至親生病了，你們找來救命的醫生也只是欺騙斂財的人嗎？</p>\n<figure class=\"wp-block-image size-large\"><a href=\"https://andylee.pro/wp/wp-content/uploads/2022/10/mmexport1666110241561.jpg\"><img alt=\"\" class=\"wp-image-11944\" decoding=\"async\" fetchpriority=\"high\" height=\"1024\" sizes=\"(max-width: 565px) 100vw, 565px\" src=\"https://andylee.pro/wp/wp-content/uploads/2022/10/mmexport1666110241561-565x1024.jpg\" srcset=\"https://andylee.pro/wp/wp-content/uploads/2022/10/mmexport1666110241561-565x1024.jpg 565w, https://andylee.pro/wp/wp-content/uploads/2022/10/mmexport1666110241561-166x300.jpg 166w, https://andylee.pro/wp/wp-content/uploads/2022/10/mmexport1666110241561.jpg 736w\" width=\"565\"/></a></figure>\n<figure class=\"wp-block-image size-full\"><a href=\"https://andylee.pro/wp/wp-content/uploads/2022/10/received_501062391903973.jpeg\"><img alt=\"\" class=\"wp-image-11969\" decoding=\"async\" height=\"838\" sizes=\"(max-width: 626px) 100vw, 626px\" src=\"https://andylee.pro/wp/wp-content/uploads/2022/10/received_501062391903973.jpeg\" srcset=\"https://andylee.pro/wp/wp-content/uploads/2022/10/received_501062391903973.jpeg 626w, https://andylee.pro/wp/wp-content/uploads/2022/10/received_501062391903973-224x300.jpeg 224w\" width=\"626\"/></a></figure>",
  "article_time": "2022年10月18日 12:40",
  "comments": [
    {
      "id": "c2cbb863cec3a7ef745b3bebb58a8ca5",
      "author": "Vincent.Do",
      "time": "2022年10月18日 16:21",
      "content": "<p>这个过于明显恶意了吧？不怕遭到大家抵制？</p>",
      "level": 0,
      "highlight": false,
      "children": []
    },
    {
      "id": "7d1bdf82e4a5db8dde977ba3c6350778",
      "author": "魯豆腐",
      "time": "2022年10月18日 18:47",
      "content": "<p>天下亂象已逹至亂無章、至敢無人的境界<br/>\n違法亂紀之人為了錢財什麼都不怕，也無視天道公理為為何<br/>\n人心之貪早已泯滅了善良的心性<br/>\n大胆的犯法侵權行為也已被巨額財富所綁架視為正常<br/>\n再不整頓這種侵權犯法的貪婪行為<br/>\n以後糟殃的將是廣大的信任倪師的經方信徒<br/>\n聽過一句話說的是法律是保障懂法的人<br/>\n這句話在台灣被用在懂法知法而玩弄法律的政治層面<br/>\n在世界局世用以欺凌壓詐弱小<br/>\n亂象之道誰來收拾？</p>",
      "level": 0,
      "highlight": false,
      "children": []
    },
    {
      "id": "09337df41b4f82f4662e64a5f68783b0",
      "author": "ieitZYB",
      "time": "2022年10月18日 20:54",
      "content": "<p>注册了“人纪、天纪、地纪”，就是漏注册这项。<br/>\n社会就是这样，到一定时期，律师多了、法律多了、医生和医院也多了，社会就坏了。<br/>\n类似三国志开篇就讲“天下大事，合久必分，分久必合”。</p>",
      "level": 0,
      "highlight": false,
      "children": [
        {
          "id": "a14671a3ed813861465e16c294e320cd",
          "author": "ieitZYB",
          "time": "2022年10月18日 20:55",
          "content": "<p>搞生产的人变少，搞直播、销售、空手套白狼的蛮多。</p>",
          "level": 1,
          "highlight": false,
          "children": []
        }
      ]
    },
    {
      "id": "75e36b8332989c8738078ee656e314a4",
      "author": "李习玲",
      "time": "2022年10月19日 02:07",
      "content": "<p>不法商家，实在是过分！倪师的课程被视为中医的圣经，倍受推崇，自学者群体庞大，不乏医生、学生、中医爱好者，养生从业人员，病人和病人家属，人多需求量大。尤其是病人和病人家属，病急乱投医，也分不清真假好坏对错，只要有一线希望就想去试试。我也是这样，为了寻找治疗桥本甲减的医生和方法，一直在苦苦寻觅 。微信公众号接触到倪师的课程，一下就被吸引了，和另外3位大学同学结成学习小组，把全部课程学了一遍。了解到河南通许县人民医院杨贞医师的中医学习班，就立马打电话咨询；梁冬正安中医有倪师的学生，也曾咨询过；林大栋博士的问止中医人工智能平台也看过诊。凡是倪师的学生，都深信不疑，有这种想法的病人估计还有很多。讯息发达的时代，也许需要更有力的监管和正确导向。</p>",
      "level": 0,
      "highlight": false,
      "children": [
        {
          "id": "9510d64aa2ccf89f8ea7e09d81cf93f8",
          "author": "李宗恩",
          "time": "2022年10月19日 11:23",
          "content": "<p>倪老師並沒有一套審核學生的方式，因此即使是倪老師學生，並不代表臨床治療功力如何，盲目信任所謂倪老師的學生，也是亂象的成因之一。</p>",
          "level": 1,
          "highlight": true,
          "children": [
            {
              "id": "30e746a36e6c20afc113bf80e14e1b90",
              "author": "做自己",
              "time": "2022年10月26日 20:49",
              "content": "<p>明白了，这一点我以后也要注意</p>",
              "level": 2,
              "highlight": false,
              "children": []
            },
            {
              "id": "c9a60b2c66871ee6be1f110ab7171fb4",
              "author": "王女士",
              "time": "2023年12月11日 22:33",
              "content": "<p>您好！<br/>\n我是一位莫吉隆丝患者（自行网上搜索对应的）。21年6月注射了第二针新冠疫苗，8月初收养了三四天流浪猫，9月中旬在办公桌底下脚踝周边被莫名的东西叮撞后导致脚踝/小腿/膝盖开始有异样感，国庆十一回办公室后更甚，甚至上行至全身。刚感染初期我有注意到有微小的小白点及微小的类似针尖样白东西。我在上海周边6、7家医院就医均无果，描述给医生听医生都回复我皮屑。23年8月去北京协和也无果。都按接触性皮炎、湿疹对待，清一色过敏药及擦拭药膏。皮肤刺痛。有虫爬感，皮肤出丝。23年11月华大基因血液DNA二代测序17500病原体检查出导致头皮屑的马拉色菌多。其他貌似没什么。还在考虑要不要皮肤取样再检测。<br/>\n请问有没有倪师大陆的学生可以推荐？或者有没有其他医生可以帮忙推荐。备受折磨，天气转暖后尤甚。全身从头到脚犹如被针尖或仙人掌刺扎满一样。而且出丝有强烈虫爬感。先提前谢谢您。</p>",
              "level": 2,
              "highlight": false,
              "children": [
                {
                  "id": "2ae55b7ceed6435dbdd6df0e76c88be5",
                  "author": "李宗恩",
                  "time": "2023年12月12日 09:22",
                  "content": "<p>我不在網上針對個案一一討論。已經說過很多次，是不是倪老師學生不是重點，而是你自己得去了解醫師的臨床功力。</p>",
                  "level": 3,
                  "highlight": true,
                  "children": []
                }
              ]
            },
            {
              "id": "ca4944ff33ab1039610f7d630054c2ef",
              "author": "暗香疏影",
              "time": "2024年03月21日 08:11",
              "content": "<p>博士所言极是，自己有足够的知识储备就会慢慢分辨出真假李逵，假的始终漏洞百出，我这个天蝎座好像特别具备这样的能力（哈哈哈），不要轻易相信一件事一个人，也不要轻易否定一件事一个人，用智慧去链接总能找到真相！因为倪师我们了解了中医爱上中医，因为李博士我们相聚在一起，打铁还须自身硬，学好中医是关键，大家齐心，其利断金！为了正统中医的传承，有任何需要只要李博士号召我们一定全力以赴！</p>",
              "level": 2,
              "highlight": false,
              "children": []
            }
          ]
        }
      ]
    },
    {
      "id": "363f0886da698d6e3dfe68e867908be3",
      "author": "李闻",
      "time": "2022年10月19日 04:56",
      "content": "<p>随着倪海厦老师的名声越来越大，这种纷争是必然的。<br/>\n建议李老师委托人申请繁体字倪海厦老师的商标，各种类似的名称。</p>",
      "level": 0,
      "highlight": false,
      "children": []
    },
    {
      "id": "aae89583e53b12b1abd5cb1f4d1c1787",
      "author": "江南",
      "time": "2022年10月19日 06:28",
      "content": "<p>没必要为了这些虚无的表面而增加烦恼，做实事，把中医发扬光大才是根本目的，群众的眼睛是雪亮的。</p>\n<p>衷心祝愿李老师一切安好！</p>",
      "level": 0,
      "highlight": false,
      "children": []
    },
    {
      "id": "010ba4a1adb8b3b0b2c8f09a31c73547",
      "author": "小江啊",
      "time": "2022年10月20日 07:00",
      "content": "<p>我不相信倪师走了</p>",
      "level": 0,
      "highlight": false,
      "children": [
        {
          "id": "c0492da70671dcf21e4c25b195ff58ce",
          "author": "R",
          "time": "2022年10月20日 14:44",
          "content": "<p>我也觉得倪师没走，他可能只是换了一种生命形态</p>",
          "level": 1,
          "highlight": false,
          "children": []
        }
      ]
    },
    {
      "id": "8466cf07362732014bb4628ffab19d14",
      "author": "Jack立",
      "time": "2022年10月20日 23:16",
      "content": "<p>贪婪是人性劣质的部分，也是天然的。<br/>\n鲁迅主要批判人本身，而不关注环境对这部分人性的激活和支持。<br/>\n有些人主要批判环境。<br/>\n然而人性这部分是可以通过价值观自我约束的。<br/>\n李博士救济世人，功德无量。<br/>\n最近国内WEB3.0大热，也由此看到博士以前的一些超前想法。<br/>\n特意找到本处以表敬意。</p>",
      "level": 0,
      "highlight": false,
      "children": [
        {
          "id": "95dbb64862f7301816912bea80b7cd4c",
          "author": "李宗恩",
          "time": "2022年10月24日 09:51",
          "content": "<p>謝謝！</p>",
          "level": 1,
          "highlight": true,
          "children": []
        }
      ]
    },
    {
      "id": "8b6cfd5694e4b01827a32e51d772992c",
      "author": "carey",
      "time": "2022年10月24日 20:26",
      "content": "<p>無法想象竟然無恥到如此地步，<br/>\n這次真的被狠狠的惡心到了，<br/>\n為了一點銅臭味不擇手段，人性的貪婪如此的可怕！</p>",
      "level": 0,
      "highlight": false,
      "children": []
    },
    {
      "id": "093c8d5c2d27fcc62c8599e9ca123587",
      "author": "阿宣",
      "time": "2022年10月25日 07:00",
      "content": "<p>我是大陆的一名网友，也是倪师的追随者之一，本人是知识产权领域的从业者之一，我以准备利用自身专业领域知识，向当地知识产权局申诉，请求无效掉该类型的商标，同时准备向北京市政务中心举报此行为，相信不久，就会得到公道的处理。不管结果怎样，我一定会尽自己最大的努力，维护知识产权的尊严！！！</p>",
      "level": 0,
      "highlight": false,
      "children": [
        {
          "id": "347b19449d4eca4aaf3f3dd9d6dc76f6",
          "author": "李宗恩",
          "time": "2022年10月25日 09:24",
          "content": "<p>謝謝你的幫忙，如果有志之士都能像你這樣站出來，這個世界會好很多！</p>",
          "level": 1,
          "highlight": true,
          "children": []
        },
        {
          "id": "ca74bd99e119fbdc7281cbafe6939a8d",
          "author": "做自己",
          "time": "2022年10月26日 20:46",
          "content": "<p>加油啊，顶你，我也想帮忙，奈何我是非专业人士，全国上下的健康和中医保护传承，还得靠我们星星之火，支持你</p>",
          "level": 1,
          "highlight": false,
          "children": []
        },
        {
          "id": "313f4236fea9ab5a8f33c2a171bd9839",
          "author": "砂砾",
          "time": "2022年10月27日 20:32",
          "content": "<p>谢谢你！</p>",
          "level": 1,
          "highlight": false,
          "children": []
        },
        {
          "id": "5a484522ce7a9b8c292dd17f10d5d6d1",
          "author": "北冥鸟",
          "time": "2022年11月02日 01:28",
          "content": "<p>此事若成，诚为我中华医道及莘莘学子之大纛。</p>",
          "level": 1,
          "highlight": false,
          "children": []
        },
        {
          "id": "a732793dd3e0eafff84bdbe7f88a3d70",
          "author": "明月光",
          "time": "2022年11月07日 01:57",
          "content": "<p>你好，可以和你一道来废掉这个商标吗，我可以协助提供需要用到的材料等，以及人数支持（如果有用的话），这种恶意抢注公众人物的行为必须被清理，不然极大的阻碍中医的发展和传播，不能让不法分子尝到甜头，不然会更猖獗！</p>",
          "level": 1,
          "highlight": false,
          "children": [
            {
              "id": "c9103274c52a862533c169837befbfb3",
              "author": "阿宣",
              "time": "2022年11月09日 06:16",
              "content": "<p>目前，我已经在利用身边的资源着手在办，如果你方便的话，这是我的QQ3181619546，请添加时备注一下来意</p>",
              "level": 2,
              "highlight": false,
              "children": []
            }
          ]
        },
        {
          "id": "2da382d2868767adefc4d0a90a07407f",
          "author": "苏粟",
          "time": "2022年11月09日 21:40",
          "content": "<p>点赞</p>",
          "level": 1,
          "highlight": false,
          "children": []
        }
      ]
    },
    {
      "id": "7af0a1914b77b7ac21f76713f0ca11b1",
      "author": "做自己",
      "time": "2022年10月26日 20:43",
      "content": "<p>那如何是好呢？我们能尽绵薄之力吗？</p>",
      "level": 0,
      "highlight": false,
      "children": [
        {
          "id": "5f7b13d5c27174eaedcad4c065f50256",
          "author": "李宗恩",
          "time": "2022年10月28日 10:33",
          "content": "<p>把真相傳給更多人，讓更多人知道！</p>",
          "level": 1,
          "highlight": true,
          "children": []
        }
      ]
    },
    {
      "id": "4d025e0eb9804c2d79aa147fa999fddd",
      "author": "做自己",
      "time": "2022年10月26日 20:45",
      "content": "<p>加油啊，顶你，我也想帮忙，奈何我是非专业人士，全国上下的健康和中医保护传承，还得靠我们星星之火，支持你</p>",
      "level": 0,
      "highlight": false,
      "children": []
    },
    {
      "id": "9c1043ad54ecb25fff130da550fd3635",
      "author": "Tommy",
      "time": "2022年10月27日 11:45",
      "content": "<p>人在英国，想问下先生知道那边有哪位中医是比较厉害的，谢谢</p>",
      "level": 0,
      "highlight": false,
      "children": [
        {
          "id": "1e60570ee454cceb8523f62e50aab792",
          "author": "李宗恩",
          "time": "2022年10月28日 10:39",
          "content": "<p>我不清楚。</p>",
          "level": 1,
          "highlight": true,
          "children": []
        }
      ]
    },
    {
      "id": "21c7dce952c9005a3e1dca67ba0e3603",
      "author": "Luke",
      "time": "2022年10月29日 12:13",
      "content": "<p>依我觀察，李醫師的網站是現存具完整醫術的中醫師中，唯一不斷努力持續經營、宣導、教育的網站。</p>\n<p>有許多病患都不知道怎麼配合中醫師看診，也不懂怎麼找適合的中醫師，其實很需要快速、方便找到可信賴的資訊來源。有可信賴的資訊來源，大家就會願意開長途車去找正確的醫生治病。</p>\n<p>您的網站如果開放註冊帳號，依註冊人數，網站會產生等值的公信力，現在Youtube都是這樣的，依照訂閱用戶的人數，Youtuber就可以發揮等量的宣導作用，訂閱戶百萬以上的Youtuber，宣導能力真的很強大。</p>\n<p>有這樣具公信力的網站，可以讓會治病的中醫、不懂應如何接受治療的病人，得到良好的媒介，真正上軌道把西醫的慢性病、感冒病人去恢復健康。但開放註冊後應該會有更多的事情要做..</p>\n<p>若會治療的醫生數量非常稀少，宣導或許會造成反效果，感覺您主要是在增加好醫生的數量..</p>\n<p>張孟超醫生也有網站、Youtube，Jangsacupuncture，但網站卻只更新到2014左右就沒有了。有好多腹診影片，看完才知道原來中醫是這樣檢查的，有好多從外部知道內部的方法，台灣絕大多數中醫都不是這樣的。</p>",
      "level": 0,
      "highlight": false,
      "children": [
        {
          "id": "1f6433e9f3ef01f2d387bdedf63505ea",
          "author": "李宗恩",
          "time": "2022年11月10日 10:30",
          "content": "<p>謝謝你的建議，臉書頁面可以Like。</p>",
          "level": 1,
          "highlight": true,
          "children": []
        }
      ]
    },
    {
      "id": "f03fc7621aa7612610c234d135eaabb2",
      "author": "再遇经典",
      "time": "2022年10月31日 10:18",
      "content": "<p>李博士你好，我是一名来自广东茂名的大学生，当我看到这些乱象的时候，我就会想到美国的商业化了。因为我们大陆所接受的东西绝大多数都是西化的商业包装过的。在我读高中的时偶尔的一次机会刷到曾仕强教授的视频，后来我才慢慢发觉我周围的一些东西已经不是中华文化的了，我是在农村的，已经参透到很严重了，后来我开始买了一些曾仕强教授的书籍，看了之后我有了一些启示，原来我们的教科书都已经有问题了，连我的爸爸也有一些所谓的社会乱象的思想，我爸爸是出生在毛主席时代的人呀，可见现在社会乱象多么的可怕呀。前不久我的爷爷肝硬化腹水去医院拍片说有瘤子肝癌中晚期，医生拼命灌输中医药没用的思想给我爸爸听，说什么疸黄素不退吃中药没用，还说不花时间金钱怎么治好，那个医生当场对着我和我爷爷奶奶这样说，现在医院都是做生意，哎！还有药材比如生半夏不给抓，西沙仁在我们这边没有。我问了一个学习了两年多的新疆人，他给我开得药方子是分销汤，结果卡在药材上，很多时候是不得已去医院的，当下的问题的思想的问题吧。现在爷爷也被迫打吊针，因为肝非常痛而导致其他的部位很不舒服，以前爷爷经常眼睛干也经常胃痛吃一些胃药和西药，最后搞成这样了，也是我们无知，也是不知道西药的危害有多大。曾仕强教授也当场哽咽说我们太无知了。</p>",
      "level": 0,
      "highlight": false,
      "children": [
        {
          "id": "309f7fd0ee29b6f5c49b47d9280e075c",
          "author": "李宗恩",
          "time": "2022年11月10日 11:53",
          "content": "<p>中醫是很有智慧及臨床療效的學問，很可惜中國大陸及台灣都沒有好好發揚，而民間也充斥著很多以中醫名義騙錢的人事物，因此很多人不再相信中醫。許多西醫師不一定是惡意攻擊中醫，而是從他們遇到的病例來看中醫的真實性及療效，當他們看過很多亂七八糟的中醫治療病例，也就無法認同中醫。</p>",
          "level": 1,
          "highlight": true,
          "children": []
        }
      ]
    },
    {
      "id": "60bd81023857b843c43aa53d0557dc4b",
      "author": "慕斯和艾米的老爹",
      "time": "2022年11月03日 22:11",
      "content": "<p>这种恶意注册行为，属实卑鄙。我是中国新疆的网友，大家可以依据中华人民共和国《国家知识产权局关于持续严力打击商标恶意注册行为的通知》【国知发办函字{2022}54号】文，举报此类恶意注册就可以！ 希望大家协同起来，维护我们自己的权益！</p>",
      "level": 0,
      "highlight": false,
      "children": [
        {
          "id": "960aae5fe16746bc66ad3a20fe4270d3",
          "author": "李宗恩",
          "time": "2022年11月10日 12:03",
          "content": "<p>期待有志之士都能站出來，一起重申正義。</p>",
          "level": 1,
          "highlight": true,
          "children": [
            {
              "id": "2164a3f7d5b6d2f9887cc197ef0fafbe",
              "author": "莲心不染",
              "time": "2023年05月16日 21:16",
              "content": "<p>请制止那些注册的恶人，太过分了。<br/>\n我是今年刚在网上了解到倪师的，看到倪师的网站的资料其他地方的教学内容，真的是相见恨晚<br/>\n这不仅仅是学中医，更重要的事教我们如何让做人（合乎正道的）。<br/>\n其实网上大部分发布的老师的教学内容也是好事，让大众了解到倪师师德高望重并且医术高明的中医师。我是九零后。我们好多年轻人喜欢倪师，因为现在压力大，手里几乎没钱，也找不到购买正版的途径，所以只能靠在网上搜一些琐碎片段学习。感恩有影得遇善知识。</p>",
              "level": 2,
              "highlight": false,
              "children": []
            }
          ]
        }
      ]
    },
    {
      "id": "24e5bd9996364da4737ac67028e26619",
      "author": "107",
      "time": "2022年11月09日 05:51",
      "content": "<p>请问下李医生，如果我们大陆地区的朋友想要购买正版的倪师全套教材，该去哪里购买？我相信很多朋友应该会和我一样支持正版，只是不知道需要去哪里购买和能不能买到？谢谢</p>",
      "level": 0,
      "highlight": false,
      "children": [
        {
          "id": "2f1d5ab5ef228900f6024db7756a1e1d",
          "author": "李宗恩",
          "time": "2022年11月10日 13:48",
          "content": "<p>臺北漢唐中醫診所 +886-2-8786-2058</p>",
          "level": 1,
          "highlight": true,
          "children": []
        }
      ]
    },
    {
      "id": "aed7db8a295da1cc46951809c4724465",
      "author": "苏粟",
      "time": "2022年11月09日 22:05",
      "content": "<p>李医生您好，我母亲眼睛干痛很多年，前年三叉神经痛在湖南湘雅附二做了手术，在三叉神经下叉位放了一个钢球压住疼痛的神经，三叉神经痛是止住了，但是现在我母亲的脸部肌肉麻木，感觉眼睛及周围都是灌满的沙子稻谷和水，原来的眼睛干涩越来越严重，目前她现在整个脸部头部都痛的很难受，我看着母亲这样难受又无能为力。从去年开始成为倪师的粉丝，为倪师的英年早逝难过。为此到处询问打听倪师的弟子及中医良医，有幸在抖音上刷到您，这真是缘分，我想请问我母亲这个病还能治吗？您能线上远程会诊吗？如果可以，麻烦您把您的诊所网上挂号的联系方式发给我，期待您的回复</p>",
      "level": 0,
      "highlight": false,
      "children": [
        {
          "id": "376c956a1a5afc6b2a6c1c231b5ed39c",
          "author": "李宗恩",
          "time": "2022年11月10日 13:50",
          "content": "<p>請聯絡診所 <a href=\"mailto:info@youngQi.com\">info@youngQi.com</a></p>",
          "level": 1,
          "highlight": true,
          "children": []
        }
      ]
    },
    {
      "id": "3fa6327f6cf0039b32f95b57e321922e",
      "author": "贝克汗手",
      "time": "2022年11月11日 05:00",
      "content": "<p>其实这种事情在大陆发生就已经是无法逆转的事情了，因为人口基数实在是太大了。<br/>\n传统文化能得到传承其实已经是非常幸运了，在海外更好，因为大陆的环境并不适合这种低成本收益高的东西存在，医院把治病救人做成了生意，很多人都没了德行。<br/>\n前几年我上初中的时候我爷爷腿疼，上医院医生就先让做CT，试问一个一米九老年发福腿脚不便的人如何上CT扫描台呢？最后我爸和另外的医生护士费了九牛二虎之力才将我爷爷推上去拍片子。这背后是没有医德的医生和底层无奈的百姓。<br/>\n贪婪的现象反映着中国大陆参差不齐的人口素质，也反映了这样鱼龙混杂人心险恶的社会环境不允许一个人去“做好事”。<br/>\n这些贪婪的人只会想尽办法消灭挡自己财路的人，因为人多肉少。<br/>\n传统文化能在海外得到继承何尝不是一件美事。<br/>\n大陆就让他烂下去吧。</p>",
      "level": 0,
      "highlight": false,
      "children": [
        {
          "id": "2342fbb9b8ba30ccd238b73a8c3a67d7",
          "author": "李宗恩",
          "time": "2022年11月22日 09:18",
          "content": "<p>雖然亂象叢生，我們還是希望這個世界更加美好。</p>",
          "level": 1,
          "highlight": true,
          "children": []
        }
      ]
    },
    {
      "id": "49653841aedecac709634e322c1518be",
      "author": "云上个不下雨",
      "time": "2022年11月11日 15:01",
      "content": "<p>李老师，能不能建议你在中国的哔哩哔哩等视频平台注册账号发布一些您个人想分享的一些中医知识视频呢，这样对大众了解中医知识已经推广有很好的作用呢。</p>",
      "level": 0,
      "highlight": false,
      "children": [
        {
          "id": "cb5f8fa69d27553a38009e54d8cf99d9",
          "author": "李宗恩",
          "time": "2022年11月22日 09:19",
          "content": "<p>我們試過，非中國公民不能認證，因此無法直播分享。</p>",
          "level": 1,
          "highlight": true,
          "children": [
            {
              "id": "5ad8843547ce06cab696ec3dcb16efc9",
              "author": "杨学锐",
              "time": "2023年02月26日 02:43",
              "content": "<p>但您可以在中国大陆的网络平台发表视频文章。</p>\n<p>我不清楚美国的网络是怎么样的，但在中国大陆，倪师是被人盗版制成短视频出名网络，推广了经方中医。</p>\n<p>中国大陆在知识产权方面，不讲法律，看重流量热度名气，倪师在大陆中医网络上的知名度很高，但倪师在中国大陆没有“官方”，盗版盛行。</p>\n<p>如此看，我认为在大陆中医的推广与倪师知识产权的维护需要一个名声大的“官方”。</p>\n<p>您的身份和实力刚好做大陆的“倪师官方”，而您和您的网站在大陆知名度太低了。在大陆方面，我认为您应该以身份与实力为卖点，走网红路线，而不是学术直播。</p>\n<p>2021年12月有几位诺贝尔获奖者同时入驻哔哩哔哩（大陆的YouTube），仅不到5分钟的自我介绍视频就都快速突破百万的播放量。2022年4月，又有诺贝尔获奖者入驻，又是同样的方式突破百万。在此之前作为普通人我从没听说过他们。大陆网络不排斥外人，反倒很好奇。您若网络出兵大陆，群众定会是倒戈拿破仑。</p>\n<p>将倪师名声收回到您身上，建立权威，让群众的信任与关注转到您身上，使盗版商家不战而败，也为方便以后经方推展。</p>\n<p>我深深敬佩您不慕名利、心胸开阔、为人谦逊、专于学术，我读您的博客受到很多不止医学还有人生的教导，但相比倪师在网站上指名道姓公布庸医恶行、直言不讳痛骂西医，要推翻旧朝，建立经方中医新王朝，您有些温柔。</p>\n<p>中医根在大陆，经方推展，大陆十亿群众潜力很大。</p>",
              "level": 2,
              "highlight": false,
              "children": [
                {
                  "id": "09bd2e2816bf59482b70d71123f1404c",
                  "author": "李宗恩",
                  "time": "2023年03月01日 21:07",
                  "content": "<p>謝謝你的建議，許多大陸的朋友及粉絲也有類似的建議，值得仔細思索。這可能是目前網路文化下的一個權宜做法，但畢竟網紅並非我想做的，如何平衡其中的各種考量，需要這方面有經驗的人提供更多的建議與討論。</p>",
                  "level": 3,
                  "highlight": true,
                  "children": [
                    {
                      "id": "8cc87798a54facf52f0b7854a074ebba",
                      "author": "ieitZYB",
                      "time": "2023年03月02日 03:03",
                      "content": "<p>有台大教授的B站的例子：<br/>\n【苑举正】https://space.bilibili.com/518566904/<br/>\n【傅佩荣】https://space.bilibili.com/1293718035</p>",
                      "level": 4,
                      "highlight": false,
                      "children": []
                    },
                    {
                      "id": "756ec40769b016558a73ba32f1b62a78",
                      "author": "李宗恩",
                      "time": "2023年03月02日 10:01",
                      "content": "<p>謝謝你告訴我。</p>",
                      "level": 4,
                      "highlight": true,
                      "children": []
                    }
                  ]
                },
                {
                  "id": "83c73bb7cdaa52f4e1f915f52fc12f40",
                  "author": "ieitZYB",
                  "time": "2023年03月09日 04:04",
                  "content": "<p>B站是个学习型站点，是时候从之前的优酷转过来了。</p>",
                  "level": 3,
                  "highlight": false,
                  "children": []
                }
              ]
            }
          ]
        }
      ]
    },
    {
      "id": "d4b6d4ca4fd1a650e5a52bceade77bf8",
      "author": "彭儿",
      "time": "2022年11月19日 04:15",
      "content": "<p>这些人越来越没有底限。<br/>\n如果这种商标不被废，连岐黄圣贤这种一直以公益活动形式引导大家学习课程的都将受到巨大影响。<br/>\n看到了前面新疆网友的留言，举报准备起来。</p>",
      "level": 0,
      "highlight": false,
      "children": []
    },
    {
      "id": "9eba5a336adcc1500d708d9610a5e1a6",
      "author": "再遇经典",
      "time": "2022年12月14日 06:49",
      "content": "<p>在这之后，我也开始看了倪师的一些视频教学，发现中医原来是非常伟大的而不是一般的伟大，可惜我太晚认识到了，不然就可以治好我爷爷了，现在腹水一直排不了，小便很少，用了倪师的方子分消汤或者是实脾的方子也没什么效果，现在做艾灸做了五六天也有一点效果，能够让有阳气运转一下，下焦（脚）消肿了一点，可是整体还是不乐观。希望能救救我爷爷，如果可以的话就加QQ957259377，我现在真的不知道怎么办好。我爷爷今年差不多80岁了，算命的人说过，他会活过89岁的。虽然说网上问诊是对病人不负责的。但我是真的一点办法都没有。希望能够理解在粤西地区没有什么好的中医了。恳求</p>",
      "level": 0,
      "highlight": false,
      "children": [
        {
          "id": "f1e8b549817663259171b4d13a8fcbf1",
          "author": "李宗恩",
          "time": "2022年12月17日 10:14",
          "content": "<p>有醫療需要，請聯絡診所info@youngQi.com</p>",
          "level": 1,
          "highlight": true,
          "children": [
            {
              "id": "c149027f39dfcbb4b57875089e91312d",
              "author": "再遇经典",
              "time": "2022年12月23日 03:48",
              "content": "<p>终究等不了那一天，18号爷爷走了。万分悲痛又心力交瘁，自己要感染了风寒估计是新冠。我之前听您说在网上看诊是对病人的不负责任，现在我终于明白了，问了一个学习倪师视频的人开的方子，结果其他症状都好了，就还剩咽喉肿痛鼻塞，我说我们这里没有葛根，只有粉葛白白的那种我说可以代替吗？他说不行说什么基础药材我就知道他学了形没有学到神，后来我不得不去找西医，这是个非常残酷的现实，非常的无可奈何。广东粤西地区没有一个像样的中医，都是中皮西骨的。如果是自学的话，又没有人带。连倪师这样天赋异禀的人。都是有很厉害的名医带过的。更何况是我们这些资质平庸的人呢。为什么我们广东没有？为什么我们这个地区没有？哎！对于广大的农村家庭来说简直就是天灾。</p>",
              "level": 2,
              "highlight": false,
              "children": [
                {
                  "id": "5f291f4756279c3450e0d6c27c8e31eb",
                  "author": "WangXK",
                  "time": "2023年03月22日 04:48",
                  "content": "<p>你知道什么叫形和神吗，柴葛和粉葛完全是两味药材，葛根汤用的就是柴葛怎么可以用粉葛代替，思前先学，学而后思</p>",
                  "level": 3,
                  "highlight": false,
                  "children": []
                },
                {
                  "id": "03b0e8f4cff62304814e3b9d47bf18e2",
                  "author": "齐",
                  "time": "2023年03月30日 06:34",
                  "content": "<p>学针灸吧！倪老师的针灸仔细看看。很多病摆脱了药材的限制</p>",
                  "level": 3,
                  "highlight": false,
                  "children": [
                    {
                      "id": "64d34979af92bda378c1ce3130b97088",
                      "author": "暗香疏影",
                      "time": "2024年03月21日 08:31",
                      "content": "<p>李博士可以在大陆注册公司，再以公司名义做各种事就方便了，毕竟私人账号（愿意用我们身份帮您注册，并无偿给您使用的人肯定很多，但就怕李博士有自己的考量）有很多局限，如果李博士有这方面的需要我们来无偿帮您操作，相信我们这里肯定各方面的人才都有，只要李博士一声令下！如果需要我愿意做发起人来联络大家一起！</p>",
                      "level": 4,
                      "highlight": false,
                      "children": []
                    }
                  ]
                }
              ]
            }
          ]
        }
      ]
    },
    {
      "id": "61d8d80e50d77d0525b859839a1af1f0",
      "author": "过江之鲫",
      "time": "2022年12月24日 06:58",
      "content": "<p>嗯嗯，李博士，鲁迅的一段话最后一句，此后没有火，我便是唯一的光。其他管不了，个人但将行好事，莫要问前程。希望世界更美好</p>",
      "level": 0,
      "highlight": false,
      "children": []
    },
    {
      "id": "c167a22edfca3391783290b69b300722",
      "author": "蔡",
      "time": "2023年05月31日 13:18",
      "content": "<p>希望李博士能看到这条留言。上这个网站都很辛苦，手机不适合浏览网页模式。太希望倪师大陆有个公信力官方账号了，适合手机端的，可以让所有倪师的追随者都有个家，可以了解最新消息，想看病的可以问到医生，想学习的可以问到课程。<br/>\n说下我个人经历，飞了两千公里去过倪师学生开的诊所，原来只教课不看病，看病的是一些外面招的年轻医生，看了五次没改善，如果是外面的中医看三次我就不看了，最后是因为医生一直让我自己调好失眠，不然其他病很难看好，我就是因为失眠才来看病的啊！争论几句那一刻我彻底火大，这根本和倪师思路不搭边。这样的诊所，我还了解到不止一个，挂着倪师学生的名字吸引病人千里迢迢过去，却不看病。有的还收高价诊费却无疗效，让很多病人苦不堪言。<br/>\n后来我才开始大量查倪师学生的资料，海底捞针，才有些眉目，确定大陆两三位可以看诊的。这个网站也是在那段时间找到的。在各种APP里面查找，几百上千的评论里去翻看。最后看到有人说可以介绍颜北辰医生的邮箱，结果一问他又不愿意给了，磨了好久，给了陈正容医生的邮箱，我没有说哪位医生更好的意思，只是想说，得来太费劲了。<br/>\n然后说说想学习的事，除了去看过病的那家有在教课，感觉不靠谱，其他的找不到。费了好多功夫查找。找到一家台湾的线上课，三年，只是基础课，对于想真正学习的人不太适合。还找到杨贞医生的那个义工公众号，一加微信就问我信不信佛，信佛吃素可以治好很多病，然后推荐她的素食产品。我说已经听完人纪了，她说得再去她们平台听一次才算数。其实我这几年见过太多乱象，对这种打着佛名义的团体很反感。我信中医，但信的是经方，我也信佛，不是信现在乌烟瘴气的这些。然后网上也看到很多人诉说进了她们群里面各种乱像。这些事情杨贞医生肯定不知道。想要跟杨贞医生学习要过这些关卡，类似考中医师证要经过西医考核。什么时候能有个跟师学习倪师中医的机会，相信这也是非常多真正想学好中医的人期盼的事情。</p>",
      "level": 0,
      "highlight": false,
      "children": [
        {
          "id": "637ea56ae4c10beb1007160f3847b812",
          "author": "李宗恩",
          "time": "2023年06月01日 16:31",
          "content": "<p>中國大陸有許多方便使用的平臺，然而，重要的功能都需要是中國公民來注冊使用，對非中國公民及其它地區的使用者並不方便，網頁是最適合全世界通用的方式。</p>",
          "level": 1,
          "highlight": true,
          "children": []
        }
      ]
    },
    {
      "id": "29adfc6a3b488a4c5c521a52b36b5225",
      "author": "ieitZYB",
      "time": "2023年06月01日 12:11",
      "content": "<p>李医师肯定会看到这条留言:)<br/>\n我希望你会看到这回复，<br/>\n正经学习、查找资料，还是放下手机，上台电脑，学会用浏览器、书签/网址收藏、RSS订阅和浏览器的RSS扩展/插件之类，找个人学一下吧。<br/>\n如果用Firefox火狐浏览器：<br/>\n<a href=\"https://addons.mozilla.org/zh-CN/firefox/search/?q=Feedbro\" rel=\"nofollow ugc\">https://addons.mozilla.org/zh-CN/firefox/search/?q=Feedbro</a><br/>\n如果用Edge浏览器：<br/>\n<a href=\"https://microsoftedge.microsoft.com/addons/search/feedbro?hl=zh-CN\" rel=\"nofollow ugc\">https://microsoftedge.microsoft.com/addons/search/feedbro?hl=zh-CN</a></p>",
      "level": 0,
      "highlight": false,
      "children": []
    },
    {
      "id": "ced3a1d4f431f6bb0c914be041187bf9",
      "author": "莫桥兰",
      "time": "2023年06月11日 12:12",
      "content": "<p>李医师，我有一个公众号，我想帮您转发这些文章，文章前面注明您的网页号，帮您宣传可以吗？</p>",
      "level": 0,
      "highlight": false,
      "children": []
    }
  ],
  "page": 10,
  "order": 8,
  "filename": "data\\page10\\page10_order7_c9a60b2c66871ee6be1f110ab7171fb4.json"
}