{
  "article_url": "https://andylee.pro/wp/?p=11924",
  "title": "大時代下的醫家",
  "content": "<p>一大早起床，看到通許第一醫院湯英主任的來函，很感動。有這樣的學生，做老師的深感欣慰。</p>\n<p>====================================</p>\n<p>李老師：您好！</p>\n<p>謝謝您的指導！前天請教您怎樣讓新冠患者盡快轉陰，今天最後一個患者出院了，給您匯報一下。今天我也解除隔離回家了。</p>\n<p>回想今年的時光大多在抗疫中度過啦。今年的春節期間，開封市政府考慮到春節人流動性大，風險也大。從元月一號開始，市衛健委要求開封市所有區縣的高危人群（密接及境外返汴者）進行一對一看診預防，這項工作持續到三月中旬。兩個多月的時間裡看了一千一百多人 ，雖然辛苦了一些，但是開封過個平平安安的春節。</p>\n<p>後來是一個縣連續兩次的疫情，我均應政府的要求到疫情當地，對群眾、次密接、密接、確診患者給與預防及治療。政府給與群眾不同層次的隔離，我根據風險程度不同給與不同的預防用藥，確診者給與辯證治療 ，疫情很快得到控制，百姓恢復正常生活。</p>\n<p>還有今年因外地一次大的疫情，我們這裡一些返鄉人員出現陽性及復陽者，我也是應政府的要求給予中藥治療和預防。</p>\n<p>這次的學校事件，其實我們家人也是疫情中人。因為孩子也這個學校的學生，我們一家三口也是被隔離在我們縣的一個賓館裡的。我被隔離的當天晚上，就接到通知要求給全部的學生開預防用藥。我考慮到千餘名學生都是十五六歲的孩子，以及剛剛渡過夏季孩子貪涼的情況，擬定了預防用藥。對參與疫情防控的幾千名工作人員又擬定了不同的方子，既要有效又要考慮盡可能的為政府節約點開支，這些年政府為疫情的開支太大了。</p>\n<p>在我隔離快要結束時，又被政府開了綠燈，提前從通許的隔離點出來到開封繼續隔離2天。結束隔離後，到病區參與確診患者的治療。</p>\n<p>僅隔離人員和工作人員就有6000多人接受中藥預防和治療，兩年來就更多了。其中有幾個月的孩子也有90多歲的老人，有平時健康者也有長年臥床不起者 。無論那種體質那個年齡段的人，中藥都做到百分之百的治愈，而且沒有後遺症。我見證了中藥的偉大！我想作為弟子，這應該是對老師最好的回報吧！</p>\n<p>每一次接到政府的任務，雖然是我一個人上一線，但是我都毫無畏懼。因為後方藥房按需及時供應彈藥，您和楊老師隨時都會給我技術的指導！</p>\n<p>每一次的任務，我都是付出了百分百的努力。不僅給與藥物治療，還要做思想工作，讓他們消除恐懼，讓他們有信心，告訴他們正確的飲食起居對治療和恢復所起到的作用。</p>\n<p>兩年來，我承受過山大的壓力，也有過從容的上陣。我受過委屈，也得到過鼓勵和被關心，我哭過也笑過，付出了汗水和淚水相伴的努力，也得到了信任、支持、鼓勵相伴的成長！感恩倪老師給我們留下了他畢生的經驗，感恩您和楊老師一路以來的教導、 支持和愛護！</p>\n<p>開封的疫情又消停了，我也想歇一歇，對工作進行一次總結，陪陪家人。也靜下來再次學習倪老師的課件，提升自己，迎接不確定的未來。</p>\n<p>====================================</p>\n<p>在這個全球瘟疫的大時代下，醫家一次又一次的投入抗疫救人的工作，犧牲了自己的生活及家庭責任，承受了無比的壓力，為了是換取成千上萬人的平安，以及免除無數家庭的擔心害怕。</p>\n<p>2020年上旬，湯英主任因為通許中醫對抗新冠疫情的事蹟而聲名大噪。兩年多來，不但受到河南省及地方政府的重視，更有非常眾多的病人前來尋醫看診。湯主任本來可以放下抗疫的工作，開一間自己的中醫診所，享受名利雙收的成果。然而，湯主任卻選擇了一次又一次的付出，吞下了多少淚水與孤獨，做老師的為他百分之百的成效深感欣慰，卻也為他感到十分的不捨與心疼。</p>\n<p>「大時代下的醫家」，湯英主任當之無愧。期望大家給予湯主任更多的支持與鼓勵，多一份尊重也多一份愛護，讓中醫復興的苗子成長茁壯！</p>",
  "article_time": "2022年09月21日 20:07",
  "comments": [
    {
      "id": "25f0652b8875f53172fd832f314f449d",
      "author": "Dking",
      "time": "2022年09月22日 01:48",
      "content": "<p>大医精诚！</p>",
      "level": 0,
      "highlight": false,
      "children": []
    },
    {
      "id": "da844592f0305a960004281996433bae",
      "author": "邱健恒",
      "time": "2022年09月22日 15:24",
      "content": "<p>真醫師！<br/>\n敬佩！<br/>\n感恩！</p>",
      "level": 0,
      "highlight": false,
      "children": []
    },
    {
      "id": "74f88506d3be1681c5e25261fdcb0c60",
      "author": "魯豆腐",
      "time": "2022年09月22日 18:24",
      "content": "<p>看到倪醫師和 Dr.李的的真傳弟子在中國大陸開花延續中醫經方救人種子真是欣慰<br/>\n有了這些種子中醫師相信大陸上應該會漸漸對中醫藥有很大的信心<br/>\n同時對於經方中醫藥也起到了一些很正面的效用與反饋<br/>\n感謝長久以來 Dr.李隱在幕後協助大陸的同胞對抗疫情<br/>\n倪師的用心也得的到了善的回應<br/>\n真的非常感謝你們這些無私的大醫</p>",
      "level": 0,
      "highlight": false,
      "children": [
        {
          "id": "7599f83db584835185e6411e9be34361",
          "author": "李宗恩",
          "time": "2022年10月04日 09:19",
          "content": "<p>謝謝你長久的支持及鼓勵！</p>",
          "level": 1,
          "highlight": true,
          "children": []
        }
      ]
    },
    {
      "id": "935770d26ede17a9cacb955c48537030",
      "author": "河北广电《魅力中医药》王春先",
      "time": "2022年09月24日 21:06",
      "content": "<p>看到李博士和杨贞老师及汤英主任在尽心传承发展中医，并惠及大众，真的太感动了！这是中医复兴的希望火种！感恩倪师大爱！感恩中医文化浇灌健康之花！</p>",
      "level": 0,
      "highlight": false,
      "children": [
        {
          "id": "a5c506cfc57674a5014ba9d1825f5843",
          "author": "李宗恩",
          "time": "2022年10月04日 09:21",
          "content": "<p>謝謝你的支持及鼓勵。</p>",
          "level": 1,
          "highlight": true,
          "children": []
        }
      ]
    },
    {
      "id": "38a724373a61f59020968b585d3634c8",
      "author": "Tommy",
      "time": "2022年09月25日 15:15",
      "content": "<p>3月在国外中招了，到现在一直都有点持续的头疼，晕，神疲，不时感觉好像有点心不宁，五月这样开始去找了当地中医看，针灸，陆陆续续得有四个月了，开始诊断是寒，湿未除，最近医生看好像说是阳气不足，虽然是好了点，但依旧还是感觉不舒服，想请先生随缘给得点方剂。不想再继续受这头疼的问题了。谢谢。</p>",
      "level": 0,
      "highlight": false,
      "children": [
        {
          "id": "dcfbac4ab78ce838cdd263102e594593",
          "author": "李宗恩",
          "time": "2022年10月04日 09:28",
          "content": "<p>我不在網上針對個案一一討論。</p>",
          "level": 1,
          "highlight": true,
          "children": []
        }
      ]
    },
    {
      "id": "644083cf0dc69d55a2691d5534591620",
      "author": "Vincent.Do",
      "time": "2022年09月27日 16:50",
      "content": "<p>真功夫，真性情</p>",
      "level": 0,
      "highlight": false,
      "children": []
    },
    {
      "id": "345e846c0bbc7ff7f77bdbaf23d7bdba",
      "author": "卢杰",
      "time": "2022年09月28日 17:54",
      "content": "<p>终于找到李老师的网站，还是从别人群里获得文件里面有您的网址。步入岐黄就是抄写《大医精诚》，希望一起学习的一直秉持这种精神。虽然在课程中倪师老师开玩笑说岳母和敌人，不过真正的病患到时候也会尽力去治疗。</p>",
      "level": 0,
      "highlight": false,
      "children": []
    },
    {
      "id": "5f1fe37aef407d0807f7ef62f144505e",
      "author": "JL",
      "time": "2022年10月01日 12:26",
      "content": "<p>倪师在天有灵，也会为有李师和汤医生这样的中医传承人感到欣慰，作为一个小小的倪师视频学习者，我也已经因为能够自己针灸开方，自己给自己治疗了几次急病，并提高了日常生活质量而对中医完全信任（已经多年未去医院看西医），现在通过书籍和博客继续跟随李师学习，借此机会再次感恩倪师和李师！2</p>",
      "level": 0,
      "highlight": false,
      "children": [
        {
          "id": "1855cf16fb25e2baca4e48cc9cd3d8c6",
          "author": "李宗恩",
          "time": "2022年10月04日 10:29",
          "content": "<p>謝謝你的支持及鼓勵。</p>",
          "level": 1,
          "highlight": true,
          "children": []
        }
      ]
    },
    {
      "id": "468f2feb2d5f0e62cb4de0a3f447d0ca",
      "author": "Li",
      "time": "2022年10月09日 12:29",
      "content": "<p>请问李医师有没有治疗酒瘾的经验？家人酗酒多年，曾多次尝试戒酒，都失败了，不知中医是否有好的方法。感谢！</p>",
      "level": 0,
      "highlight": false,
      "children": [
        {
          "id": "4936863fc77ba7ac666d59906427db45",
          "author": "李宗恩",
          "time": "2022年10月10日 15:09",
          "content": "<p>中醫可以治療酒癮。</p>",
          "level": 1,
          "highlight": true,
          "children": []
        }
      ]
    },
    {
      "id": "c625861b8af26336964d4147c7b4a659",
      "author": "carey",
      "time": "2022年10月09日 12:32",
      "content": "<p>看见了传承的力量！ 温暖而有力！</p>",
      "level": 0,
      "highlight": false,
      "children": []
    },
    {
      "id": "61fea3def8a94a6d7e41612dd129e11f",
      "author": "李习玲",
      "time": "2022年10月09日 04:24",
      "content": "<p>李医师好，我自己和年近80岁的母亲以及二十多岁的女儿都是桥本甲减患者，在吃优甲乐。我的症状表现为头晕（如同踩在棉花，又如同坐在船上一样，晃晃悠悠的，严重时感觉走路不稳，想要摔倒了，躺着、站着都感觉晕）、便秘、乏力（很容易疲劳）、腰痛，还有一个特别奇怪的现象是打坐冥想时，会不停打嗝（平时不打嗝）。遍访国内的名中医，从四川乐山中医院的刘方柏教授，到天津的吴雄志教授，再到北京的冯世纶教授，还找王三虎教授网诊过，挂不到卢崇汉教授的号，就在成都找郑卢医学的赵君医师看诊，林大栋博士问止中医平台也看过了，病情一直未见好转，生活质量很低。在此，恳请期盼您的帮助，衷心感谢！</p>",
      "level": 0,
      "highlight": false,
      "children": [
        {
          "id": "9cd12dd766f11e36a5776ea7782201c1",
          "author": "李宗恩",
          "time": "2022年10月10日 15:12",
          "content": "<p>我不想評論其他中醫師的治療結果，你自己得做好研究再找醫生看診，而不是聼人家說什麽就到處看醫生。如果有醫療需要，請聯絡診所 <a href=\"mailto:info@youngQi.com\">info@youngQi.com</a></p>",
          "level": 1,
          "highlight": true,
          "children": [
            {
              "id": "38777078a893895df445678a88bcfa85",
              "author": "李习玲",
              "time": "2022年10月10日 20:32",
              "content": "<p>谢谢李医师百忙中的回复，我已发邮件到诊所的邮箱了。我是学西医的，从事宫颈癌细胞病理工作。桥本甲减，是自身免疫性疾病，西医治疗是补充外源性激素优甲乐，可以改善部分症状，但是大部分痛苦的症状都没办法改善。我病倒后，母亲和女儿也陆续患上了桥本甲减，无奈之下，为了自己和家人，我边治疗边自学中医，边学中医边治疗，苦苦寻觅中。接触到倪海厦先生的课程时，如获至宝，如饥似渴的学习！您讲课的音频和视频，我也视为珍宝，反复在听。我老家是河南的，还曾打电话到通许县人民医院，想去参加中医学习班，却被告知不办了。桥本甲减会出现脑雾、视野变窄，抑郁、乏力、胃酸水平低、贫血等症状，是不是跟您讲的木克土（肝胆之实，是胆汁导致胃酸水平低了吗？），肝血不足（贫血？）、肾阳不足（脑雾？）有关呢？我的眩晕是跟水湿有关？还是贫血造成的呢？感觉病情在一天天加重，心力（血）也在减弱。期待您更多的课程，期待您的医疗体系可以惠及更多的病人。</p>",
              "level": 2,
              "highlight": false,
              "children": []
            }
          ]
        },
        {
          "id": "30aa60a88f97734d07de40bda539536c",
          "author": "ET",
          "time": "2022年10月11日 19:36",
          "content": "<p>你已经到处看名医了还不能把病治好，我可以理解你的心情。我为了治疗我内人的桥本甲亢也费尽了心思。初时我也是坚持中医治疗，但是当症状严重时也是没办法，开始西药治疗，心跳先降低下来再继续想办法中医治本。我看的书多，质料来源广（包括YouTube），给点建议，希望对你有帮助。<br/>\n1）南京的黄煌教授一般主张自体免疫疾病以小柴胡汤合当归芍药散为基本方。可以考虑找他或他的弟子咨询。<br/>\n2）广东的廖世煌教授常治疗甲亢，可以咨询是否治疗甲减。<br/>\n3）从临床症状来看，甲减基本上都辨为阳虚气虚，少阴病基本跑不掉。你的头晕就是典型真武汤证，炮附子建议30克。当然，不是一个方就能治好的。<br/>\n4）你家三个女人都患病，你妈妈比你迟，你就要考虑环境因素而不是遗传因素。自体免疫是免疫系统攻击体内细胞，但是祸首通常是肠漏症造成饮食中的外来细胞进入体内循环，而免疫系统对这些异物展开攻击造成的。这里讲的环境因素就是饮食习惯。<br/>\n5）国外现在兴起的Carnivore Diet就认为许多植物里的Phytic Acid破坏了肠壁，造成肠漏，你可以研究研究。<br/>\n6）我从这方面的研究看到有些研究认为甲状腺是草酸Oxalic Acid累积的器官，可能过多的草酸积累造成自体免疫的攻击。我发现我内人症状逐渐严重的时候也是饮食开始过量摄取高草酸食物的时候，过后就严格控制不吃那些食物了（菠菜，苋菜，杏仁Almond，杏仁奶Almond Milk, 巧克力）。你可以研究研究。<br/>\n7) Veganism的兴起造成人们过量的摄取植物类食物，各咖啡连锁都提供植物奶，估计李医师的病人也会有越来越多这种病人。中药也是植物类，如果这些病人不改变饮食，单靠中药估计很难治本。<br/>\n以上纯属个人浅见，给病友参考。</p>",
          "level": 1,
          "highlight": false,
          "children": [
            {
              "id": "e2f0df8327b2f846f9749cf26709495a",
              "author": "李习玲",
              "time": "2022年10月11日 22:36",
              "content": "<p>谢谢您的帮助！从查出桥本甲减到现在，12年左右的时间，我曾尝试过很多治疗，艾灸中药，伊莎贝拉•温兹（美）著的《桥本甲状腺炎90天治疗方案》，其中提到的补剂我也试过，收效甚微。刘方柏教授的处方以小柴胡汤做框架加了炮附子；吴雄志教授的处方以补中益气汤做框架；冯世纶教授的处方是柴胡桂枝干姜汤合当归芍药散；问止中医人工智能的处方比较大，我没有看懂。李宗恩博士讲的中医辨证治疗，更要辨清病机，结合生病后自己身体的变化，我感觉是对的，肝（木）对脾（土）的影响，肝（木）对心（火）的影响，肾（水）阳的作用，能悟透这些的话，似乎可以解释桥本甲减的相关症状，而且病到现在，我已感觉到心力（血）也开始衰弱了，汽油（肝血）对发动机（心脏）的影响？中医是实践医学，要明白其中的道理，并不容易，除了理论学习更需要跟诊实践。已经收到诊所的回复了，激动兴奋紧张期盼，回复邮件时都有点语无伦次了，感激之情难以言表，谢谢李宗恩博士！</p>",
              "level": 2,
              "highlight": false,
              "children": []
            },
            {
              "id": "26f4e00592c0361bfc4e87e53ad4d7b5",
              "author": "李习玲",
              "time": "2022年10月13日 06:45",
              "content": "<p>不好意思，那天事情多，没顾上细说，伊莎贝拉•温兹（美）著的《桥本甲状腺炎90天治疗方案》这本书中介绍说，桥本甲减与遗传和环境因素都有关系，女性比男性易感，我们家3个人分别是在20多岁、40多岁和70多岁患病的。这本书从肝脏支持方案、肾上腺恢复方案和肠道平衡方案（提到肠漏了）有一些补剂，我尝试过，收效不大。避免肠道过敏和肠漏的无麸质饮食，以及生酮饮食的书也曾看过。这些年，为了治病，做了很多尝试，包括静坐冥想（对入睡有帮助）。别象我这样，走了不少弯路，还是要找到自己信任的医生积极治疗，这是我的经历和浅见，仅供参考。桥本甲减的遗传倾向，在我们家表现出来了，可以听一下李宗恩博士讲的《对遗传病和癌症末期中医能做到什么程度》。</p>",
              "level": 2,
              "highlight": false,
              "children": [
                {
                  "id": "df320c5e4ea8ab23265a6a3c753b5b3e",
                  "author": "潇航",
                  "time": "2023年11月04日 01:46",
                  "content": "<p>那这位女士现在病好了没现在都2023年11月了</p>",
                  "level": 3,
                  "highlight": false,
                  "children": []
                },
                {
                  "id": "4e5fd060ec5879c370cf5632af1ae487",
                  "author": "潇航",
                  "time": "2023年11月04日 01:49",
                  "content": "<p>这位女生可以分享一下您的案例吗？想做一个了解。增加一下对于这方面临床上更多的了解。谢谢</p>",
                  "level": 3,
                  "highlight": false,
                  "children": []
                }
              ]
            }
          ]
        }
      ]
    },
    {
      "id": "d4ab3bb185c3d4ec4d0126ff853ed583",
      "author": "Yolanda",
      "time": "2022年10月09日 12:19",
      "content": "<p>请问李老师，煎药之前需不需要先浸泡？如果浸泡，泡多久合适？煎药的时候要不要盖上锅盖？</p>",
      "level": 0,
      "highlight": false,
      "children": [
        {
          "id": "713ceab680561ac973147a91d4e4413a",
          "author": "carey",
          "time": "2022年10月25日 20:07",
          "content": "<p>我在李醫生這兒看診，煎藥時不要蓋上鍋蓋，<br/>\n可以浸泡一個小時左右</p>",
          "level": 1,
          "highlight": false,
          "children": []
        }
      ]
    },
    {
      "id": "fa036fab01a7af80d42f8f1dbb5721ea",
      "author": "蓉兒",
      "time": "2022年10月16日 19:37",
      "content": "<p>李老師您好:<br/>\n我是個在台灣執業的中醫師,而且是少數不用清冠一號的中醫師.<br/>\n最近這一段時間這裡的確診人數很多,幸好醫療量能充足,隔離的患者也能視訊看診,所以並沒有之前因疫情高漲而呈現的恐慌氣氛.<br/>\n但讓人比較不能接受的,是因為政府提供公費的清冠一號,結果幾乎絕大部分中醫師都為患者開清冠一號,但我看到的,分明多的是發熱無汗惡寒體痛,風寒表證明顯,為何捨麻桂劑而用治風溫的涼藥?<br/>\n我們堅持辨證論治,反而常被患者質疑:”為什麼不幫我開清冠一號”?</p>",
      "level": 0,
      "highlight": false,
      "children": [
        {
          "id": "f98cdc223cc48429c2b9345baae78b8a",
          "author": "李宗恩",
          "time": "2022年10月19日 11:16",
          "content": "<p>辛苦你了！台灣政府及許多中醫專業人士為了政治及金錢利益，強推清冠一號，不但罔顧了大眾健康，更嚴重傷害了正統的中醫。很可惜，無知的民眾被牽著鼻子走，優良的中醫師警告他們，反而被人懷疑及嫌棄。</p>",
          "level": 1,
          "highlight": true,
          "children": [
            {
              "id": "43fb34712fa67c2c7349246b53222029",
              "author": "蓉兒",
              "time": "2022年10月25日 03:03",
              "content": "<p>多謝老師的支持，心裡感覺舒坦多了，不然總覺得好像一直 行駛在逆向車道上。<br/>\n這讓我有信心：對的事情就要繼續堅持下去！<br/>\n謝謝李老師！</p>",
              "level": 2,
              "highlight": false,
              "children": []
            }
          ]
        }
      ]
    },
    {
      "id": "654c8420678101ab480b341f33f42ad6",
      "author": "Cai",
      "time": "2022年10月24日 18:45",
      "content": "<p>湯醫大愛，值得吾輩學習。<br/>\n李博士，不知道漢唐中醫館在大陸廣東深圳是否有分舵？</p>",
      "level": 0,
      "highlight": false,
      "children": [
        {
          "id": "877c2e79440bf0ceb01039bb743048ad",
          "author": "李宗恩",
          "time": "2022年10月25日 09:23",
          "content": "<p>沒有。倪海廈老師本來在美國佛州、臺北及深圳有診所，倪老師回台灣退休前，美國佛州診所轉給原診所總管Jack Lee經營，倪老師過世後，家人把臺北診所轉給學生經營，而深圳診所在原股東接手經營一陣子後，因故關閉。</p>",
          "level": 1,
          "highlight": true,
          "children": []
        }
      ]
    },
    {
      "id": "da45b542309ce3bb24c0f864b2bd0274",
      "author": "王硕",
      "time": "2022年10月24日 23:10",
      "content": "<p>“鸟随鸾凤飞腾远,人伴贤良品质高”<br/>\n“大道废，有仁义。智慧出，有大伪。”</p>",
      "level": 0,
      "highlight": false,
      "children": []
    },
    {
      "id": "4c5b6a0523fa06fc6c39334d70e24eee",
      "author": "jerry",
      "time": "2022年12月04日 01:40",
      "content": "<p>那水是不是要加多一些？否则水会烧干？</p>",
      "level": 0,
      "highlight": false,
      "children": []
    },
    {
      "id": "c37d7b4c6eaade7552ecb99f2a7259cc",
      "author": "苏涛",
      "time": "2022年12月07日 17:33",
      "content": "<p>大陆现在马上要放开管控，对即将到来的疫情高峰想咨询一下李老师疫情三年是怎么预防新冠的，三年来李老师的诊所都没有人感染新冠吗？是不是靠桂枝汤加五苓散加甘草干姜汤？</p>",
      "level": 0,
      "highlight": false,
      "children": [
        {
          "id": "1ae1ea6b44007a2319e39f77f5bd038d",
          "author": "李宗恩",
          "time": "2022年12月07日 20:38",
          "content": "<p>重點不在會不會感染，而是能不能很快治癒，如果能很快治癒，又有什麼好擔心的。</p>",
          "level": 1,
          "highlight": true,
          "children": []
        }
      ]
    },
    {
      "id": "77b26d013c7e1206e7d982738f5f4ac0",
      "author": "番茄大侠",
      "time": "2022年12月09日 03:57",
      "content": "<p>李老师您好，我在网络上看了您在2021年8月11日的讲课视频，《从拦截新冠病程谈预防》，其中关于预防方，“一般大众用“桂枝汤（甘草干姜汤）：桂枝6g，白芍6g，干姜6g，炙甘草6g，红枣12g。加五苓散：白术9g，茯苓9g，猪苓6g，泽泻9g”来预防，9碗水大火煮成2碗水。”这里的桂枝汤和五苓散是一起水煮吗？还是桂枝汤煮汤喝，五苓散打粉剂呢？如果五苓散打粉剂，是不是要再加桂枝6g在五苓散中呢？这样两个方子，桂枝就12g了，是不是有点多？</p>\n<p>我们全家人现在都在用这个方子预防，提高免疫力，谢谢李老师！</p>",
      "level": 0,
      "highlight": false,
      "children": [
        {
          "id": "a09a92fed8987fef0d2fcb196a7a15a7",
          "author": "李宗恩",
          "time": "2022年12月17日 10:00",
          "content": "<p>一起煮。網頁上已經解釋過了，你可以搜尋一下。</p>",
          "level": 1,
          "highlight": true,
          "children": []
        }
      ]
    },
    {
      "id": "8c2ace55227184fe1f0b08e9678d7ca8",
      "author": "番茄大侠",
      "time": "2022年12月09日 23:35",
      "content": "<p>中医给了我最大的安全感！</p>",
      "level": 0,
      "highlight": false,
      "children": []
    },
    {
      "id": "4b3d77acaf4790654c8d45684d80ea96",
      "author": "張新橋",
      "time": "2022年12月14日 06:16",
      "content": "<p>李醫師您好！<br/>\n非常感謝您在網路上的分享，我們都受益良多！通過反復的學習跟思考，我對於治愈病患增加了不少信心。但是有一個疑惑想請教您：衆多病患表現出非常明顯的腰痛症狀。我覺得，如果是膀胱經痛的話還好説，要是督脈痛或者帶脈痛的話，是不是説明病已經深入，傷到病患的陽呢？這種情況在方劑上增加辛附之品溫中下焦是否合適呢？<br/>\n再次感謝您對於經方醫學的貢獻，您的經歷深深的鼓勵了我！</p>",
      "level": 0,
      "highlight": false,
      "children": [
        {
          "id": "e6a7430daede2e3627b3cb8cb74ae6af",
          "author": "張新橋",
          "time": "2022年12月14日 06:20",
          "content": "<p>忘記在留言裏說了，病患指的是近期在大陸地區感染冠狀病毒的病患</p>",
          "level": 1,
          "highlight": false,
          "children": []
        },
        {
          "id": "dc2b30a86060a49992c90850dd874d5d",
          "author": "李宗恩",
          "time": "2022年12月17日 10:13",
          "content": "<p>痛只是病人眾多症狀之一，不要把全部的注意力放在痛上面，得深入了解病人身體哪裡有問題，痛往往不是最重要的，解決了病人根本的問題，痛也就去除了。</p>",
          "level": 1,
          "highlight": true,
          "children": []
        }
      ]
    },
    {
      "id": "b19185ce65f59fd80e070c88d958808f",
      "author": "冰心玉洁",
      "time": "2023年01月29日 06:18",
      "content": "<p>汤英医师无私奉献的大爱精神而感动，传统中医的传承有希望了，相信倪师在天有灵也会感到欣慰。<br/>\n   谢谢李医生分享这么精彩的文章。</p>",
      "level": 0,
      "highlight": false,
      "children": []
    },
    {
      "id": "2afbb5de0e844ef928f73ee031e0b54f",
      "author": "我是台山一哥",
      "time": "2023年02月19日 23:21",
      "content": "<p>李博士你好，我想问下倪老先生的身高</p>",
      "level": 0,
      "highlight": false,
      "children": [
        {
          "id": "ec9f79008e3379832385144b24f4126b",
          "author": "李宗恩",
          "time": "2023年02月20日 10:33",
          "content": "<p>不回答這類私人的問題。</p>",
          "level": 1,
          "highlight": true,
          "children": []
        }
      ]
    }
  ],
  "page": 10,
  "order": 9,
  "filename": "data\\page10\\page10_order8_644083cf0dc69d55a2691d5534591620.json"
}