{
  "article_url": "https://andylee.pro/wp/?p=12629",
  "title": "腎結石",
  "content": "<p>週五傍晚偷閒，寫個簡短的病例。五十歲左右，男，華人。後腰疼痛嚴重，被西醫檢查出有兩個大的腎結石，都在一公分上下，醫學影像看起來兩粒腎結石是連結在一起的。</p>\n<p>西醫認為，病人腎結石的大小及卡住的位置，是不可能自己排出來的，也不適合用超聲波震動打碎排除。因此，西醫堅持要趕緊動手術，把兩粒腎結石拿出來。病人因為之前的個人經驗，不願意西醫動手術，希望以純中醫的方式治療。然而，西醫信誓旦旦說，這樣的情況，不可能自己排出來，病人當然會擔心中醫到底能不能讓人體排出這麼大的腎結石。</p>\n<p>中藥方以豬苓湯加減為主，再加上一些補腎陽的中藥材。病人服藥幾天，後腰疼痛又出現，同時也有些尿血。我告訴病人繼續服用中藥，他很有毅力，即使時不時有疼痛及尿血，依然堅持選擇中藥治療。昨天病人來函回報，小便時排出大粒的腎結石，他特意從馬桶中夾出結石，拍照存證給我看。</p>\n<p>其實，病人有這樣的毅力並不容易，許多病人被西醫嚇一嚇，就六神無主、任憑擺佈，更何況服用中藥後疼痛及尿血依然斷斷續續好幾天。當然，我們也不能完全怪罪西醫，因為他們在這種情況下，沒有什麼好辦法讓病人排出大粒的腎結石，在他們不知道自己不知道什麼的時候，也只能緊張地要求病人趕快動手術。</p>\n<p>知識是不斷累積的，前提是願意放下成見，虛心了解自己未曾見識過的世界。</p>\n<figure class=\"wp-block-image size-large\"><a href=\"https://andylee.pro/wp/wp-content/uploads/2023/08/Screenshot-2023-08-11-at-12.47.13-PM.png\"><img alt=\"\" class=\"wp-image-12628\" decoding=\"async\" fetchpriority=\"high\" height=\"828\" sizes=\"(max-width: 1024px) 100vw, 1024px\" src=\"https://andylee.pro/wp/wp-content/uploads/2023/08/Screenshot-2023-08-11-at-12.47.13-PM-1024x828.png\" srcset=\"https://andylee.pro/wp/wp-content/uploads/2023/08/Screenshot-2023-08-11-at-12.47.13-PM-1024x828.png 1024w, https://andylee.pro/wp/wp-content/uploads/2023/08/Screenshot-2023-08-11-at-12.47.13-PM-300x243.png 300w, https://andylee.pro/wp/wp-content/uploads/2023/08/Screenshot-2023-08-11-at-12.47.13-PM-768x621.png 768w, https://andylee.pro/wp/wp-content/uploads/2023/08/Screenshot-2023-08-11-at-12.47.13-PM.png 1138w\" width=\"1024\"/></a></figure>",
  "article_time": "2023年08月11日 20:09",
  "comments": [
    {
      "id": "cfe396d98bc782d27583af0e5f0b2ad3",
      "author": "明遠",
      "time": "2023年08月11日 21:41",
      "content": "<p>李醫師 您好，請問您的經驗，腎結石靠吃中藥排出，最大大概有多大粒? 謝謝</p>",
      "level": 0,
      "highlight": false,
      "children": [
        {
          "id": "7e4e2cb06b1bb07197f304fd8dd44e5b",
          "author": "ieitZYB",
          "time": "2023年08月11日 23:14",
          "content": "<p>我收藏了一篇微信文章，里面有“标本”照片，相当直观了：<br/>\n<a href=\"https://mp.weixin.qq.com/s/dlZaUvgmPxKFGUAUR2iDkg\" rel=\"nofollow ugc\">https://mp.weixin.qq.com/s/dlZaUvgmPxKFGUAUR2iDkg</a></p>",
          "level": 1,
          "highlight": false,
          "children": []
        },
        {
          "id": "942f0999153b2c9a9f68a0e5e5d2ddf8",
          "author": "李宗恩",
          "time": "2023年08月13日 10:35",
          "content": "<p>近三公分，不僅僅看大小，還得看形狀及表面光滑度，譬如一個帶有尖銳刺角的小小結石，可能比一個大的圓滑結束更容易造成疼痛。</p>",
          "level": 1,
          "highlight": true,
          "children": [
            {
              "id": "943ade289e3dfad32927da112d92abe1",
              "author": "小明",
              "time": "2023年08月15日 02:46",
              "content": "<p>李医生您好！如何购买汉唐系列药品呢，从哪个渠道购买，目前在中国大陆地区</p>",
              "level": 2,
              "highlight": false,
              "children": [
                {
                  "id": "2730aac627a3ecf6c348990a94804f64",
                  "author": "李宗恩",
                  "time": "2023年08月15日 10:30",
                  "content": "<p>已經回答過很多次，漢唐系列藥品沒有為中國主管當局核准，在中國大陸為非法。 同時，倪老師原本設計漢唐系列藥品，是在中醫師看診時使用，不是病人自己隨意購買來服用。</p>",
                  "level": 3,
                  "highlight": true,
                  "children": []
                }
              ]
            }
          ]
        }
      ]
    },
    {
      "id": "2405d6d011925e8414f8e44b0d385f98",
      "author": "邓文正",
      "time": "2023年08月12日 01:03",
      "content": "<p>我老爸就是肾结石走的，因为肾结石打掉以后出现了很多并发症。如果没有那个激光手术，一切都是好好的，现在回头看。每一步都走错了，如果那时候能遇见李医生该多好。</p>",
      "level": 0,
      "highlight": false,
      "children": [
        {
          "id": "dfdaab7c0aa8812d5da128a3110d6d57",
          "author": "李宗恩",
          "time": "2023年08月13日 10:38",
          "content": "<p>超聲波震動可能會傷及內臟，不是每位病人都適合。謝謝你的分享。</p>",
          "level": 1,
          "highlight": true,
          "children": []
        }
      ]
    },
    {
      "id": "9ba3e814644a3294fd19e3ff525b71f1",
      "author": "小秦",
      "time": "2023年08月12日 02:01",
      "content": "<p>李医师好呀!请教您个问题，“肝在液为泪”，那么睡前(23点24点)容易想起悲伤的事情而哭，提示什么呀?谢谢!</p>",
      "level": 0,
      "highlight": false,
      "children": [
        {
          "id": "f599856840c3d9df5cfbe5d1ca03ab98",
          "author": "李宗恩",
          "time": "2023年08月13日 10:40",
          "content": "<p>這只是一個很小的可能關聯，不要太糾結在這麼小的單一線索，很可能只是夜深人靜時孤獨悲傷。</p>",
          "level": 1,
          "highlight": true,
          "children": [
            {
              "id": "cd57ed104360836d1b53c72a9a4b5179",
              "author": "小秦",
              "time": "2023年08月25日 22:07",
              "content": "<p>好的！谢谢李医生</p>",
              "level": 2,
              "highlight": false,
              "children": []
            }
          ]
        },
        {
          "id": "43fc79ba001b0287292d0c46c3d8dfb9",
          "author": "Bill Zhao",
          "time": "2023年08月14日 18:22",
          "content": "<p>4个多月了，我几乎每晚这个时段，都是以泪洗面，常常哭到凌晨2点半之后才能入睡。我的肝的问题，的确越来越严重。突然也想到，中文之博大精深，汉语之美妙传神：心肝宝贝。宝贝儿被夺去了生命，也严重地伤了我的心、我的肝。</p>",
          "level": 1,
          "highlight": false,
          "children": [
            {
              "id": "c583bbc37eab6adaadffd11f5361539d",
              "author": "Roony",
              "time": "2023年08月14日 19:53",
              "content": "<p>从24点哭到2点半，刚好是肝经运行的时间，并且肝开窍于目，其液为泪，几个事项确实显示肝出问题，但肝主怒，你却是想起悲伤的事情，而肺主悲，肺为金，金克木，所以肝是表面原因，肺是根本原因，先用酸枣仁汤固住肝，防止恶化。</p>",
              "level": 2,
              "highlight": false,
              "children": [
                {
                  "id": "15bccf4fd9fe5d1c3651156f2492cdd7",
                  "author": "Bill Zhao",
                  "time": "2023年08月14日 21:45",
                  "content": "<p>我也有怒啊：怒斯坦福那几个害人的庸医；怒那些蒙昧不化极左至今仍认为斯坦福百分百正确不可能有错的亲友；怒我自己只拼了半条命，但我的爱子却没了命……</p>",
                  "level": 3,
                  "highlight": false,
                  "children": []
                },
                {
                  "id": "a3f707fb2acd8e3069627498bc96f940",
                  "author": "黄子聪",
                  "time": "2024年01月06日 01:28",
                  "content": "<p>厉害！又学到了！</p>",
                  "level": 3,
                  "highlight": false,
                  "children": []
                }
              ]
            }
          ]
        }
      ]
    },
    {
      "id": "89ed03a968416aa804681281da743bfd",
      "author": "鄭皓澜",
      "time": "2023年08月12日 04:19",
      "content": "<p>我去年11月份左肾有结石，非常痛，后来西医碎石后，基本上排出来了，但是将近2个月腿发软。今年5月再次体检，左肾结石又长到1公分了，在肾下盏位置。中药以金钱草为主（120克、220克、300克各服了2周），里面有猪苓汤、石伟、车前子、海金沙、鸡内金、石决明、川牛膝、青盐等，北京同仁堂的药，服药6周后，结石不但没减小反而长大到1.2厘米。</p>",
      "level": 0,
      "highlight": false,
      "children": [
        {
          "id": "115d78f2d032f3bfca01b887dce2e56f",
          "author": "李宗恩",
          "time": "2023年08月13日 10:42",
          "content": "<p>這代表你或者你的中醫師沒有看到問題的整體，而是拿著網路上看來的藥方依樣畫葫蘆。</p>",
          "level": 1,
          "highlight": true,
          "children": [
            {
              "id": "62a33301902919c8b9e1856603228b90",
              "author": "李梁",
              "time": "2023年09月07日 03:06",
              "content": "<p>对，这是我跟李老师最大的共鸣处。鄙人也是大陆自学李老师跟倪海厦的课程，初学时候对于自己身体的毛病总喜欢按症治症，见热去热，见寒就是炮附子加减，你不能深入去看待自身身体当下的一个最主要的情况去分析，很容易走偏</p>",
              "level": 2,
              "highlight": false,
              "children": [
                {
                  "id": "f8ad7ad31558edf7a702f93a3ef6c40e",
                  "author": "黄子聪",
                  "time": "2024年01月06日 01:34",
                  "content": "<p>共鸣！更要命的是，医院的中医也是如此，真是想不自学都不行！我本人也深受其害</p>",
                  "level": 3,
                  "highlight": false,
                  "children": []
                }
              ]
            }
          ]
        },
        {
          "id": "cddb8101eacfe426a5cf580a80ecf6b4",
          "author": "室度心香",
          "time": "2023年08月13日 11:01",
          "content": "<p>同仁堂的药质量不错，用药如用兵，能不能用好这些兵才是关键，古人云处方用药犹如排兵布阵，错误的调度只会打败仗。</p>",
          "level": 1,
          "highlight": false,
          "children": [
            {
              "id": "b5de0c853d42d9db29893ab9dff10e82",
              "author": "李宗恩",
              "time": "2023年08月13日 11:15",
              "content": "<p>同仁堂的藥材品質中上而已，而且常常亂改藥材，譬如把白术改成炒白术，也不告知抓藥的病人。</p>",
              "level": 2,
              "highlight": true,
              "children": [
                {
                  "id": "4b2348c4d7b7bd2bbd886a6c2e338c37",
                  "author": "宁壮",
                  "time": "2023年08月18日 19:18",
                  "content": "<p>李老师您好 这边如果处方上写白术一般是给抓炒白术，写生白术才给白术。好像是调剂的规定。或者是这边共识，我不知道您了解的是不是这个情况。谨供参考。</p>",
                  "level": 3,
                  "highlight": false,
                  "children": [
                    {
                      "id": "ac3570ff867abed8d0e244ca6e11c4b0",
                      "author": "李宗恩",
                      "time": "2023年08月18日 21:03",
                      "content": "<p>不是，許多病人特意問同仁堂，幾家不同的同仁堂都回答沒有生白术，只有炒白术。</p>",
                      "level": 4,
                      "highlight": true,
                      "children": []
                    }
                  ]
                },
                {
                  "id": "3655026eac2688b5e7922d4a81a9922f",
                  "author": "希文",
                  "time": "2023年09月04日 05:25",
                  "content": "<p>而且他们还没有生酸枣仁，只有炒过的[生气]</p>",
                  "level": 3,
                  "highlight": false,
                  "children": []
                },
                {
                  "id": "d4ce0ac15845a2945627cfd6b12c254e",
                  "author": "吴甜",
                  "time": "2023年11月16日 02:53",
                  "content": "<p>李医生，我是大陆人，请问怎样可以找您看病呢？我老公原发性肝癌加肺转移。想找您看诊。急急急</p>",
                  "level": 3,
                  "highlight": false,
                  "children": [
                    {
                      "id": "7537cb41dbae0e23f91b695fc6845ffb",
                      "author": "李宗恩",
                      "time": "2023年11月16日 14:37",
                      "content": "<p>請聯絡診所info@youngQi.com。遠距看診，得等候大半年，建議就近找中醫師看診。</p>",
                      "level": 4,
                      "highlight": true,
                      "children": []
                    }
                  ]
                }
              ]
            },
            {
              "id": "6caa4ff0d013d19e82b4eac97d442eac",
              "author": "如一",
              "time": "2023年08月13日 23:10",
              "content": "<p>我这边同仁堂的质量无比差劲，山药一股浓浓的熏硫味道，千万不能再迷信品牌</p>",
              "level": 2,
              "highlight": false,
              "children": []
            }
          ]
        }
      ]
    },
    {
      "id": "498d8c4ed95c444105bca79ac40bcdb6",
      "author": "dannychen",
      "time": "2023年08月12日 05:59",
      "content": "<p>李博士：病人個人經驗，拒絕手術代表他之前也是有過腎結石的病？那麼他有是什麼環境再次造成腎結石的？</p>",
      "level": 0,
      "highlight": false,
      "children": [
        {
          "id": "9fd0a4163ddf76781b767f590995cc3c",
          "author": "李宗恩",
          "time": "2023年08月13日 11:11",
          "content": "<p>家人有非常不幸的西醫治療錯誤。</p>",
          "level": 1,
          "highlight": true,
          "children": []
        },
        {
          "id": "d64a674d0de35bf975ed20ebeb6943aa",
          "author": "Bill Zhao",
          "time": "2023年08月14日 18:25",
          "content": "<p>我的确多年前有过肾结石并于17年前被广州的中医师伍新林教授治愈。所以，对中医通过汤剂治愈，充满信心。这次又出现肾结石，我找李医生。他是经方家，辨证、用药、针灸，都非常了得，我更是毫不犹豫。</p>",
          "level": 1,
          "highlight": false,
          "children": []
        }
      ]
    },
    {
      "id": "51cadb68222865a89a8a18f835ca5b20",
      "author": "內經初學者",
      "time": "2023年08月12日 07:24",
      "content": "<p>李醫師： 服藥人有沒寫用藥筆記？<br/>\n記得我在用藥時，第一天（早晚各一碗）沒反應，但到了第二天（第一帖藥的第三碗）就有反應了。經方真的很神奇。</p>",
      "level": 0,
      "highlight": false,
      "children": [
        {
          "id": "6d5d620b8a4cddae09a1fde388359c9f",
          "author": "李宗恩",
          "time": "2023年08月13日 11:11",
          "content": "<p>謝謝的你分享。</p>",
          "level": 1,
          "highlight": true,
          "children": []
        },
        {
          "id": "d7f4a4b29aaf817618b38c460a73c305",
          "author": "Bill Zhao",
          "time": "2023年08月14日 18:26",
          "content": "<p>有记录，已分享，很长的文字，请斧正。</p>",
          "level": 1,
          "highlight": false,
          "children": [
            {
              "id": "59a66c8cda0b94787cb0e9c638581593",
              "author": "重塑",
              "time": "2023年08月16日 10:50",
              "content": "<p>你好，我想请教你一下，可不可以给个联系方式？</p>",
              "level": 2,
              "highlight": false,
              "children": [
                {
                  "id": "c285695d5eb3bf3f26165871d0a4bee4",
                  "author": "Bill Zhao",
                  "time": "2023年08月16日 19:38",
                  "content": "<p>可以加我微信：11155152</p>",
                  "level": 3,
                  "highlight": false,
                  "children": []
                }
              ]
            }
          ]
        }
      ]
    },
    {
      "id": "1aa833d8ed857a6743659e7a7bf649fe",
      "author": "R",
      "time": "2023年08月12日 12:19",
      "content": "<p>李医生您好！我看到您最近开的药方里的红枣要求去核，请问这是为什么呢？</p>",
      "level": 0,
      "highlight": false,
      "children": [
        {
          "id": "22553da835cfd00d9d9ca068bcef1ae1",
          "author": "李宗恩",
          "time": "2023年08月13日 11:13",
          "content": "<p>棗核比較燥，一般入藥時都會要求去核。這樣的問題，你可以自己上網查詢。</p>",
          "level": 1,
          "highlight": true,
          "children": [
            {
              "id": "6f4d654416178ac8e540ad9e02f6fd6b",
              "author": "X",
              "time": "2023年09月16日 22:36",
              "content": "<p>你好李医生，请问红枣需要去核的时候用到的是那种没脱水的红枣吗？大陆这里的红枣中药饮片都是那种干干的很硬</p>",
              "level": 2,
              "highlight": false,
              "children": [
                {
                  "id": "6243be3475e49be38569a22dd5f9a40c",
                  "author": "李宗恩",
                  "time": "2023年09月18日 16:57",
                  "content": "<p>一般是去核及曬乾的。</p>",
                  "level": 3,
                  "highlight": true,
                  "children": []
                }
              ]
            }
          ]
        },
        {
          "id": "ca49da69cdd580b60345f8a16aa2b7cf",
          "author": "小蒙",
          "time": "2023年08月13日 20:39",
          "content": "<p>李医师，您好！如果我们身边再多一些像您这样的医生就好了，或许我妈的病就有救了，又或者她就不会那么痛了。希望李医生可以到内地开班教授，培养更多有医德和有技术的医生！</p>",
          "level": 1,
          "highlight": false,
          "children": [
            {
              "id": "d71ae69a16915f16edaaac1fbff970f0",
              "author": "李宗恩",
              "time": "2023年08月15日 09:17",
              "content": "<p>謝謝你的支持及鼓勵。</p>",
              "level": 2,
              "highlight": true,
              "children": []
            },
            {
              "id": "d4190185a86a282971f53a2039d39eff",
              "author": "T3",
              "time": "2023年08月15日 18:53",
              "content": "<p>医德是目前社会最缺乏的东西了，如果有医德，即使看的是西医，也不会胡乱治病，如果没医德，看中医也一样只会得到不好的结果。<br/>\n目前中国大陆医疗反腐雷厉风行，可以看出大陆医疗行业水有多深，想找到好的医生，运气、实力、时间与坚持缺一不可。</p>",
              "level": 2,
              "highlight": false,
              "children": []
            }
          ]
        }
      ]
    },
    {
      "id": "86c84becd76efce6aa767c65448c96ff",
      "author": "明遠",
      "time": "2023年08月12日 19:08",
      "content": "<p>請問:這些結石的直徑遠遠超過膽管，如何能排出?謝謝。</p>",
      "level": 0,
      "highlight": false,
      "children": [
        {
          "id": "3b9b5479ff3691920d3d2caa0fe73b8f",
          "author": "李宗恩",
          "time": "2023年08月13日 11:13",
          "content": "<p>人體內的管道都是有彈性的。</p>",
          "level": 1,
          "highlight": true,
          "children": []
        }
      ]
    },
    {
      "id": "7546e8cf6ebc2952271a3bb8ec55ad63",
      "author": "君荷",
      "time": "2023年08月12日 22:33",
      "content": "<p>经方里有宽管的中药，好像是厚朴</p>",
      "level": 0,
      "highlight": false,
      "children": []
    },
    {
      "id": "58fd1c525a942f2250a3cc031f6617b2",
      "author": "摇光",
      "time": "2023年08月13日 20:51",
      "content": "<p>李老师您好，请问一下老年痴呆的病一般有什么样的好的治疗方向吗？</p>",
      "level": 0,
      "highlight": false,
      "children": [
        {
          "id": "0d3feae981920d0d89c4df89202c9be3",
          "author": "李宗恩",
          "time": "2023年08月15日 09:17",
          "content": "<p>中醫不是以西醫病名來辨證論治，每個老年癡呆症病人有不同的表現。</p>",
          "level": 1,
          "highlight": true,
          "children": []
        }
      ]
    },
    {
      "id": "47226926c6a5ebeb2184f134d9e4d739",
      "author": "Roony",
      "time": "2023年08月14日 12:57",
      "content": "<p>李博士：您好，經方重用陽藥，倪師講過陽好陰自回，對於現代人的飲食、空調、久座等引起的：三高，濕氣重，腰椎突出等，是否可以借用溫病的思路去調理？ 如倪師在講到軟化腦血管時用了溫病派的滋陰的葯，沒有用經方的陽藥。 倪師也并不拘泥于经方。 我個人的愚見的是生病用經方扶陽祛邪，平時用溫病滋陰養生，灵活运用。 如上述案例，病人腎結石發作期間用经方豬苓湯加補腎陽藥治病，平時可以服用溫病滋陰的葯提高機能。 關於經方和溫病的相關性請您指教。</p>",
      "level": 0,
      "highlight": false,
      "children": [
        {
          "id": "a995d50264e8937d0d099a5f5b7b1429",
          "author": "李宗恩",
          "time": "2023年08月15日 09:23",
          "content": "<p>不是什麼經方治病溫病養生，也不是把藥材分為經方或溫病用的藥材，兩者的差異在於對疾病的觀點及切入角度不同，一位好的中醫師當然不應該拘泥一方，但問題是中醫師是否真的深入理解兩者的思維及異同。</p>",
          "level": 1,
          "highlight": true,
          "children": [
            {
              "id": "bb2c92925832bc56a0c80223fdc3f2c9",
              "author": "Roony",
              "time": "2023年08月16日 20:07",
              "content": "<p>謝謝指導，茅塞頓開，各流派對疾病的觀點和切入角度不同是關鍵，有的從扶陽切入，有的從脾胃切入，有的從祛痰切入等，中醫的流派眾多，各家見解也有衝突，容易使用新人困惑，還是按倪師講的，學好經方，再學各家流派思維，临床灵活运用。</p>",
              "level": 2,
              "highlight": false,
              "children": []
            }
          ]
        }
      ]
    },
    {
      "id": "f8dddf807300e175feea1e3092d3cede",
      "author": "Patrick",
      "time": "2023年08月14日 02:11",
      "content": "<p>李老师，你好。我曾经肾绞痛检查出10*5mm的结石。找中医吃了一周多的猪苓汤加减后感觉正常了。<br/>\n刚开始感觉小便开始瞬间有剧痛，之后就没有，医生说是排石产生的现象。但是每次都没有发现有石头，所以我不知道结石排完没有。<br/>\n我想问如果感觉正常后，还要喝多久药才能排清结石，或者怎么才知道没有结石可以停药了。</p>",
      "level": 0,
      "highlight": false,
      "children": [
        {
          "id": "d329a0e20f9efb001238c603466faad2",
          "author": "Bill Zhao",
          "time": "2023年08月14日 18:32",
          "content": "<p>太溪穴向上两寸左右，用拇指按压，逐步向上，找压痛点。如果有，说明那一侧的肾脏或者相连的输尿管中还有结石。我现在右侧无痛感，左侧还有。所以在继续吃李医生开的治疗肾结石的药。<br/>\n如果你对这种中医的方法信心不足，也可以去医院照个CT。西医依靠科学技术，在检验方面还是有不少可取之处的。</p>",
          "level": 1,
          "highlight": false,
          "children": [
            {
              "id": "724e1b859faa80a04a60c3062b916b42",
              "author": "Patrick",
              "time": "2023年08月15日 08:11",
              "content": "<p>谢谢你的分享。我也分享一下，一开始是小腹痛，腰痛，喝水多了会恶心呕吐。当天去医院急症，医生看了说是肾绞痛怀疑是结石，问我要不要打止痛针。我立马拒绝，他看了看我没说什么，然后给我开单去照B超。在憋尿喝等待期间其实还是很痛的。但是想起倪老师教的按摩肾结石压痛点的方法，一边等一边用力按摩，真的没那么痛了。检查出来是10x5mm的结石。然后第二天去找我认识的经方家看，第一天喝药感觉肾绞痛和腹痛舒缓了很多。但是第二天开始，本来不痛的右边开始痛起来。第三天感觉痛的位置在往下走。第四天肾不怎么痛，轮到膀胱开始有点痛了，直到第六天已经没有疼痛。在这个过程中明显的感觉到石头在身体里面的运动，真的很神奇。而且小便排石是即使有灼痛感也没有见到血，经方真的很神奇。我那医生给我开的是桃仁，炙甘草，桂枝，大黄，芒硝，泽泻，云苓，猪苓，滑石，内金，猫须草，海金沙，金钱草，阿胶，还有两味药看不清楚。他的意思是，我还有膀胱淤血，所以是猪苓汤加桃核承气汤加减。</p>",
              "level": 2,
              "highlight": false,
              "children": []
            }
          ]
        },
        {
          "id": "82286b7afed5b59a7a96106eaa79b5cd",
          "author": "李宗恩",
          "time": "2023年08月15日 09:24",
          "content": "<p>每個病例不一樣，得依照病人整體表現來決定。</p>",
          "level": 1,
          "highlight": true,
          "children": []
        }
      ]
    },
    {
      "id": "7d4bedb870155efdf22ee7cf339b4386",
      "author": "单单",
      "time": "2023年08月14日 02:21",
      "content": "<p>正好上周，我婆婆也是腰痛，尿血，尿少。西医初步判断是肾结石，但B超什么也没发现，于是他们就叫我们回家，说无效可治。我婆婆痛的时候，我就给她扎肾石点那个穴位。几分钟后就不痛了。因为相信中医，我坚持要找医生开中药。老公坚持要送医院打吊针，去了医院两次，西医也没有办法，只能听我的，找中医开中药。吃了两天中药，石头就出来了。石头较小。幸好我相信中医，不然，可受罪了。</p>",
      "level": 0,
      "highlight": false,
      "children": [
        {
          "id": "5738b10d89bc02a18953ef91ced069c1",
          "author": "李宗恩",
          "time": "2023年08月15日 09:24",
          "content": "<p>謝謝你的分享。</p>",
          "level": 1,
          "highlight": true,
          "children": []
        }
      ]
    },
    {
      "id": "1be71495e327845414553e8ef05f206d",
      "author": "长辞",
      "time": "2023年08月14日 04:41",
      "content": "<p>感谢宗恩老师闲暇之余分享案例，有些病人就是命不该绝，找对了人，并且自身意志力足够强大，也有些私心的希望宗恩老师空闲时候偶尔分享分享治疗的案例，我也能参考参考，哈哈，最后望宗恩老师注意身体</p>",
      "level": 0,
      "highlight": false,
      "children": [
        {
          "id": "af45a6ef4bb1a3ab50953f3c60ecf1b7",
          "author": "李宗恩",
          "time": "2023年08月15日 09:25",
          "content": "<p>謝謝你的支持及鼓勵。</p>",
          "level": 1,
          "highlight": true,
          "children": [
            {
              "id": "30ebd5054ba02c69de7d322d1ca8297f",
              "author": "黄子聪",
              "time": "2024年01月06日 01:49",
              "content": "<p>请问李师，我之前看你视频说现在不远程看诊了，因为望闻问切只剩下了问诊，但即便如此，应该还有好多人希望可以得到你的帮助的</p>",
              "level": 2,
              "highlight": false,
              "children": [
                {
                  "id": "aa320a29ebbc1bfd7d4982228863cf2e",
                  "author": "李宗恩",
                  "time": "2024年01月06日 08:01",
                  "content": "<p>新冠疫情爆發以後，在各地許多病人的期待下，開始了遠程看診。雖然我依然不喜歡遠程看診，也只能接受遠程看診的必要性。</p>",
                  "level": 3,
                  "highlight": true,
                  "children": [
                    {
                      "id": "871911e8ee00164dde5c6127349c9f86",
                      "author": "黄子聪",
                      "time": "2024年01月06日 18:05",
                      "content": "<p>太好了，辛苦你了李师！我弟多年不能生育，当初西医说精子数量少，中西医都看过不少完全也不见好。我会推荐给我弟，让他与诊所联络预约，多谢李师</p>",
                      "level": 4,
                      "highlight": false,
                      "children": []
                    },
                    {
                      "id": "bf9ff5befeaae34b4658295bf0a00341",
                      "author": "李梁",
                      "time": "2024年01月08日 07:49",
                      "content": "<p>的的确确！远程看诊是非常考验一个中医师的功底深厚以及临床经验丰富等程度！即使相当厉害的中医师在面对同一个病人远程看诊与线下看诊的治疗方案以及治疗过程跟治疗的疗效上也有一定的区别！</p>",
                      "level": 4,
                      "highlight": false,
                      "children": []
                    }
                  ]
                }
              ]
            }
          ]
        }
      ]
    },
    {
      "id": "732ada75d8b68623ede49a3152c1992d",
      "author": "小蒙",
      "time": "2023年08月14日 07:24",
      "content": "<p>李医师，您好！我之前有鼻窦炎，现在鼻涕会倒流，黄色很粘稠的。鼻涕倒流刺激我的喉咙，一直要吐痰，导致我喉咙很不舒服。怎么能够祛痰祛浊呢？我的病根在哪里呢？兼脾胃虚弱，气血不足，该如何用药？自学《伤寒论》一段时间了，由于没有名师指点，不敢乱开药吃，望李医师能指点一下，感谢！感谢！</p>",
      "level": 0,
      "highlight": false,
      "children": [
        {
          "id": "87a8803b438cbf2a05b54292ac6d7d37",
          "author": "李宗恩",
          "time": "2023年08月15日 09:25",
          "content": "<p>以前文章有許多討論，我不在網上針對個案一一討論。</p>",
          "level": 1,
          "highlight": true,
          "children": []
        }
      ]
    },
    {
      "id": "89958debe43eb24092d54b7cd2c2b6ed",
      "author": "leo.ning",
      "time": "2023年08月14日 08:05",
      "content": "<p>李老师，跟你学习有些什么要求哇</p>",
      "level": 0,
      "highlight": false,
      "children": []
    },
    {
      "id": "eab1b6892c23ae964917e6f6faf869f9",
      "author": "leo.ning",
      "time": "2023年08月14日 08:11",
      "content": "<p>李老师～好想找一个好老师跟着学习呀.您有没有线下课程捏.</p>",
      "level": 0,
      "highlight": false,
      "children": []
    },
    {
      "id": "adcfd657860b8aec26bd58932c913721",
      "author": "Bill Zhao",
      "time": "2023年08月14日 18:13",
      "content": "<p>我就是这个肾结石患者本人，也是李医生几个月前写案例时提到那个在斯坦福儿童医院悲惨离世的16岁的大男孩的父亲。我来亲自复个盘，与大家探讨。<br/>\n首先，要感谢德艺双馨的李医生和他的团队，感谢经方。感谢之余，要说一下到阳气诊所找李医生是怎样的体验，我总结了3个字做结论：放宽心。该结论的原因，我提炼了12个字：听得懂、理得清、辨得明、医得好（也含有谐音：医德好）。<br/>\n听得懂：李医生学贯中西，中英文俱佳，既有理工博士的严谨，又可以有文学家的表达，他可以用患者听得懂的语言、话术，来和患者及家属沟通。<br/>\n理得清：中医医学博大精深，宗派林立，各有千秋。但经方，就我浅见，是仅有的，可以把中医与“玄学”划清界限的流派。李医生作为中医集大成者倪海厦老师的唯一学术传承人，掌握了经方派的精髓。<br/>\n辨得明：辨证，是任何治疗的第一步。如果诊断出了错，那么后面无论是针灸还是开方剂，都无异于撞大运才能医好。我一会儿结合我的治疗经历来与大家呈现这个辨证之妙。<br/>\n医得好：再炫酷的理论，没有疗效支撑，也只能成为自欺、欺人的噱头。根据我全家过去7个多月在阳气诊所的经历，李医生开的每一副药，服用一天之后，就可以感受到明显的疗效。<br/>\n医德好：这个谐音梗，也需要强调一下。李医生多年前就实现了财务自由，不需要依靠人为创造“过度治疗”，不需要通过“兜售”天价药品或者代价昂贵的手术、化疗方式来牟取暴利，或者完成KPI。他很单纯，想的就是如何通过尽可能合理的方案给病人看好。相反，对照过去10个月以来我们家在斯坦福儿童医院的悲惨遭遇以及另外两家给成人看病的西医医院，却是明确的KPI导向，医生们纵然有治疗之心，却不得不忌惮于机构的运营管理规定，因此失去初心，在医疗正确与“政治正确”之间，选择了后者，导致不利于患者的局面。</p>\n<p>回到我的“肾结石”诊疗之旅：<br/>\n本人自幼在山西长大、后来去天津求学。这两个地方，水质都不太好，都是结石病的高发区。我也未能幸免，20多年前，体检时就发现有肾结石，但那个结石，藏在肾盂位置，当年的西医说，不容易掉下来，“不用理睬”，需要的时候，激光碎石就好。2006年，我已经在广州定居多年。有一天，突然腹部放射性疼痛，坐卧不安。我去了中山医科大学附属第一医院。很“幸运”，那天急诊人满为患，挂号科问我，是否愿意看中医，伍新林教授那里还可以挂得上号。伍教授经过“望闻问切”，明确地告诉我，“你的肾结石掉下来了……” 当时我年轻气盛，不信，要求“眼见为实”。于是，伍教授安排我去憋尿、做超声波检查。B超刚做完，憋了很久，去洗手间小便时，就见尿血，并且有小碎石排出。这是我对中医开始尊敬有加的起点。伍教授给我开了几周的中药，我记得有滑石、王不留行、鸡内金、猪苓……其他不记得了。在服药期间，不断地有血尿，不断地有碎石排出，直到完全排出。后来多年，直到去年，体检时均未发现肾结石。但我因此知道，中医可以治愈肾结石。</p>\n<p>去年11月起，我的爱子受困于斯坦福儿童医院，被密集“治疗”140多天。此间，除了要照顾爱子、要和若干傲慢的庸医作斗争，还要跟不合理的制度做抗争，我基本上每天只能睡两三个小时，甚至有十几天，整夜无法合眼。我本人的身心，也受到了极大的摧残。拼了半条命，依然没有救回我的心肝宝贝，眼睁睁地看着原本健康、善良、聪慧的阳光少年，生命在16岁花季之时，被划上句点。之后，是一系列的后事安排，依然是呕心沥血、极度抑郁、心如刀绞、每天以泪洗面、夜不能寐的状态。悲伤心、怒伤肝、思伤脾、恐伤肾、忧伤肺……我知道自己的状况有多么凶险，李医生也帮我制定了一个全面的康复计划，我也希望可以由里及表，逐步把疾病“推”出来，恢复健康状态。<br/>\n今年意识到出现结石，是6月4号上午，我再次出现血尿，同时伴有频繁的便意。“肾管二便”，我记得倪师的视频中有提到这样一个观点。我确认肾的确有状况，而且，不仅仅是蛋白尿那么简单。但当时，心、肝等问题，更重要，优先级更高，所以先后相应的中药调理。</p>\n<p>6月29号晚上，我的胸痛变得更加严重，从几天前的仅仅是右侧疼痛，转移到了左侧胸痛，痛得难以坐起、连呼吸都是痛的。于是，我被送到了El Camino Hospital的急诊，希望排除心脏的问题。两次抽血、一次验尿、心电图、CT、X光，一通检查，折腾到凌晨3点。胸痛的事情，一点儿结论都没有，但是CT确认了肾结石的事情，并当时就给我注射并要求我服用了两种药，旨在：1. 消炎；2. 扩张输尿管，帮助排石。事实证明，这两种药，都没有作用。</p>\n<p>7月30号，又是周末，早上8点多开始腹痛，主要在关元穴左开1到4寸的区域，痛感堪比阑尾炎，到11点多痛到极致，坐卧不安。期间排便3次，无血、无脓。11点40左右，开始不停地打嗝。由于疼痛难忍，再次被送到El Camino Hospital的急诊科。1点多验尿，收集到血尿。下午CT显示，左侧输尿管中有两颗比较大的结石，其中一颗靠近左肾，11.9mm。此时痛感已经转移到腹股沟附近的肌肉，痛感也与肾结石症状更加吻合。当班的医生很有责任感，把我留在观察室，禁食禁水，甚至让我换了病号服，联系专科医生——要把我推进手术室。到了傍晚，我拒绝了手术的安排，并告知他们，我在7月31号，跟李医生有appointment。至少，要给中医一个机会，不能直接就贸然手术。在签了一系列的免责文件之后，我被接回家。<br/>\n31号一早，我到诊所见李医生。李医生开药方：猪苓、茯苓、泽泻、滑石、巴戟天、阳起石、肉苁蓉、黄精、杜仲、阿胶。当晚，我暂停了其他药，开始服用这个“排石汤”。31号下午，接到Palo Alto Medical Foundation电话，要求我8月1号早8点去见泌尿科专科医生。下面是该医生8月1号的工作日志前两段，大意是碎石、支架、输尿管镜检查、泌尿系平片等。该医生警告我，最好马上到楼下接受手术，最晚8号接受手术，否则，我会因自己拒绝这个治疗方案而失去左肾。我告诉他，我已经在服用中药，并相信大约三周左右，结石可以完全排出，因此我拒绝了手术的意见。医生及其助理对于我的决定不太高兴，因此事后的follow up，复检等，至今都没有安排，连电话都没有来过。</p>\n<p>Date of Service: 8/1/2023<br/>\n <br/>\nAssessment and Recommendations:<br/>\nThe patient has large left ureteral stones that will require treatment.  The stone in the right kidney is too small to treat.  I have reviewed the treatment options of extracorporeal shock wave lithotripsy, stent placement, ureteroscopy and watchful waiting following the stone with KUBs.  Unfortunately, he has been given information about the possibility of dissolving a kidney stone.  I have explained that is very unlikely that a stone would dissolve and it would not dissolve fast enough to relieve the obstruction of the kidney.  I have encouraged him to get treatment right away to prevent permanent damage to the kidney.  I have explained the surgery with the potential complications of bleeding, infection, pain or recurrence of the stone requiring repeat treatment.  The patient knows if we don’t place a stent there may be stones that pass and cause pain that would require stent later.  We also discussed dietary manipulation with increased water intake, low salt, low oxalate and low protein diets.  There is no need for stone analysis or metabolic workup at this time.  The patient has decided to proceed with surgery and accepts the risks and potential complications. The patient has received and acknowledged the ‘Notice of Patient Rights and Patient Responsibilities’ form.<br/>\nHe is still reluctant to proceed but when he does, his consent form will read cystoscopy with left lithotripsy and possible ureteroscopy and laser lithotripsy with stent placement. I will give Kefzol 1 gram iv on call to the OR.</p>\n<p>8月2号，我给李医生反馈，中药初见成效。第一次服药起约30小时内，在小便时，多次感受到碎石排出，有灼热感及少量尿血。李医生给出两个调整建议：1. 可以增加服药频次；2. 增加阿胶的量，从6克增加到10克，以应对出血。我没有服用El Camino Hospital急诊科给开的消炎药及泌尿管扩张药，而是尊李医生的医嘱，相应调整。5号，再次出现系列的疼痛，不停地要去洗手间，但无论大小便，都无助于减轻症状。5号晚上9点左右，左肾下面一点的位置，痛感最强。按照李医生的建议，我通过在太溪穴上方约两寸的位置，找到了肾石点。按压这个位置，痛感很快消失。<br/>\n8月9号晚上11点24分，我给李医生发信息：“刚才又尿血了……感觉石头快出来了，但没尿了……” 我不停地喝水，到8月10号凌晨2:55，我去洗手间，“叮”一声，我低头一看，一块很大的结石掉了出来（就是李医生文章中所使用的那张图片），最大尺寸，恰好11毫米多一点，但粗细程度，远远小于CT报告的尺寸，说明的的确确，李医生开的药方，有溶解结石的功效。<br/>\n8月10号中午，我再次去Palo Alto Medical Foundation，要求见泌尿科医生并请他安排复检。可惜，又是4天过去，该医院依然没有任何人跟我联系，给我解释，给我安排新的检验。<br/>\n今天，8月14日，早9：30，我再次来到阳气诊所，请李医生复诊。针灸、开药，但增加了厚朴、枳实。上周开的药，还有两碗，明天可以开始服用新药，期待未来十天左右，可以完全清除存留的石淋……</p>\n<p>最后，分享一下我的理解：肾结石，看起来是肾的问题，但应该是我的肝有状况，我长期抑郁导致肝气郁结，不能正常升发。这个不解决，或许将来还会有胆结石…… 肾结石，并不真的是靠低盐、低草酸盐、低蛋白的饮食就可以解决的。至少，肾结石的治疗，并非西医所言，只有激光碎石、手术才是仅有的疗愈方案。中医，的确可以治愈我的肾结石。</p>\n<p>我不是医生，说的不对的地方，请李医生或者论坛里其他粉丝朋友们斧正。</p>",
      "level": 0,
      "highlight": false,
      "children": [
        {
          "id": "62d8bccd41741687d0054da26f501253",
          "author": "邓文正",
          "time": "2023年08月14日 19:35",
          "content": "<p>感谢你的分享，原来那个斯坦福的男孩父亲就是你，事情已经发生了，希望您能尽快走出来，过好未来的生活。以后路还很长，你还有你的爱人，你的家人，朋友。他们都会陪伴你，此生你可以说是问心无愧了，并且也竭尽全力去治疗，最后还是没能留住，天不遂人愿。不是我们能改变的事情。</p>",
          "level": 1,
          "highlight": false,
          "children": [
            {
              "id": "2d7588349dfbac5ef525eb3c1d05de86",
              "author": "Bill Zhao",
              "time": "2023年08月14日 20:37",
              "content": "<p>其实，遗憾满满。刚才带女儿去wholefoods买东西，无意中走到西瓜的摊位，我顿时泪眼朦胧，无法行走——西瓜是我的爱子最喜欢的水果……</p>",
              "level": 2,
              "highlight": false,
              "children": [
                {
                  "id": "f2cd17ab2535da6e4320c2edeadfa573",
                  "author": "Roony",
                  "time": "2023年08月14日 22:51",
                  "content": "<p>樓主節哀，感谢您的分享。<br/>\n我也是山西人，現在學習中醫，以前以為在學校學習的科學文化知識是這個世界的正確答案，慢慢發現所謂的科學文化知識其實是狹隘的短視的，學習中醫后發現，中醫的哲學才是這個世界的真理，中醫的其它派別，如溫病派，重視滋陰，導致中醫如此完美的理論沒有辦法在臨床實踐上起到立竿見影的效果，被世人詬病為中醫只能補腎壯陽清熱解毒， 新冠期间中国大陆很有威望的院士说莲花清瘟颗粒可以有效的抑制病毒，引起民众囤货价格疯涨，结果毫无效果，而经方的六经辩证的太阳篇的麻黄汤、桂枝汤、大小青龙汤、小柴胡汤等才是最有效的方剂。 回望中医歷史， 傷寒論是中醫最早具有臨床可操作性的著作，經方是中醫這顆大樹上的主幹，是最正統的流派，其它後世的流派只是中醫這根大樹主干上長的分支，后人一叶障目，只见分支不见主干，經方才是可以把中醫从玄学拉回现实的流派。 如李博士所說：知識是不斷累積的，前提是願意放下成見，虛心了解自己未曾見識過的世界。</p>",
                  "level": 3,
                  "highlight": false,
                  "children": [
                    {
                      "id": "1740ac540f1e29ae701781c32cc1aec0",
                      "author": "Bill Zhao",
                      "time": "2023年08月16日 19:46",
                      "content": "<p>老乡好！</p>",
                      "level": 4,
                      "highlight": false,
                      "children": []
                    }
                  ]
                }
              ]
            }
          ]
        },
        {
          "id": "b18d6adb7822742b427c530a76a0d6d4",
          "author": "T3",
          "time": "2023年08月14日 20:19",
          "content": "<p>感谢您的详细分享！</p>",
          "level": 1,
          "highlight": false,
          "children": []
        },
        {
          "id": "11a05320061fc9d2ea6b3d0a292148ec",
          "author": "李宗恩",
          "time": "2023年08月15日 09:26",
          "content": "<p>感謝你的信任及分享。</p>",
          "level": 1,
          "highlight": true,
          "children": []
        }
      ]
    },
    {
      "id": "c525d0b92ae222b138cbc14bd43d4263",
      "author": "庸微",
      "time": "2023年08月14日 20:39",
      "content": "<p>李医师您好！我确定母亲得了肺癌，她后背已有刺痛。我非常担心！但她在大陆，过不来您这，您可以网络看诊吗？拜托了！！！</p>",
      "level": 0,
      "highlight": false,
      "children": [
        {
          "id": "e06fea59991a45a62abc40d38f2bceed",
          "author": "缠迷学医",
          "time": "2023年08月26日 17:14",
          "content": "<p>可以的就是预约时间比较长，网站首页有预约方式</p>",
          "level": 1,
          "highlight": false,
          "children": []
        }
      ]
    },
    {
      "id": "be45e4156bc146ce01d3326c67fe436a",
      "author": "leo.ning",
      "time": "2023年08月14日 21:57",
      "content": "<p>希望你以后的日子都顺心顺意.</p>",
      "level": 0,
      "highlight": false,
      "children": []
    },
    {
      "id": "8979f74f2e7d7988dcdc3b16e8a6dca5",
      "author": "王嘉乐",
      "time": "2023年08月15日 03:25",
      "content": "<p>李医生您好，请问一下干燥症中医能治好吗，之前看过几个中医，开了一些中药但都说西药继续吃不要停，请问是他们的临床功力不够呢，还是这个病确实要吃西药呢</p>",
      "level": 0,
      "highlight": false,
      "children": [
        {
          "id": "ec6192990224281eb8e5310a3f75c635",
          "author": "李宗恩",
          "time": "2023年08月15日 10:54",
          "content": "<p>應該是你找的幾位中醫師功力不足。乾燥症常常伴隨西醫所謂的免疫系統問題，得深入了解病人的問題根源。</p>",
          "level": 1,
          "highlight": true,
          "children": []
        }
      ]
    },
    {
      "id": "38d00ca2e7767ec7a50ad9e3ffcd837d",
      "author": "李宁兰",
      "time": "2023年08月15日 04:27",
      "content": "<p>李老师，你好，我是倪师的粉丝，一个中医爱好者，我用猪苓汤原方在三个人身上，先后分别是我爸，我舅妈，我弟，效果总的说来挺好的，我爸和我舅妈是尿结石，我弟是肾结石，我爸服用中药同时在偷偷服西药，三副药后，石头没了，但积液了，腰痛仍在，我想问问这个积液是不是我爸服西药造成的？我舅妈纯中药，一切都好。我弟坚持去西医那里碎了石头后，立马在医院服的猪苓汤，恢复还行，但输液消炎了，听了我的不吃西药，三副药后，身体好了，过了几天，我妹嫌他打呼噜太响，踹了一脚在他的腰部，就把他痛醒了，去医院检查说还有一个一两毫米的肾结石，于是又让他吃了一副猪苓汤，现在一切都好。请问是不是他在医院输液，所以影响他没有把石头排尽啊？请问怎么在网上请你看诊？我身边有人病重，想请你看看，谢谢。</p>",
      "level": 0,
      "highlight": false,
      "children": [
        {
          "id": "28c6cf46f4b2a62d49b2c8376b001ce2",
          "author": "李宗恩",
          "time": "2023年08月15日 15:20",
          "content": "<p>請聯絡診所info@youngQi.com。遠程看診得等候近一年，建議就近找中醫師看診。</p>",
          "level": 1,
          "highlight": true,
          "children": []
        }
      ]
    },
    {
      "id": "3898c92abd3f2637cdc3c5faec841fb4",
      "author": "重塑",
      "time": "2023年08月15日 13:25",
      "content": "<p>李博士，我去年发现二型糖尿病，现在血糖控制的还行，但是身体还是出现不适，国内不知道去哪里好的中医，我现在好迷茫，我现在想要网诊但是不知道怎样操作 希望你能帮帮我 感谢你了</p>",
      "level": 0,
      "highlight": false,
      "children": [
        {
          "id": "8db62c33dd813eb7df813c143979c470",
          "author": "李宗恩",
          "time": "2023年08月15日 15:21",
          "content": "<p>請聯絡診所info@youngQi.com。遠程看診得等候近一年，建議就近找中醫師看診。</p>",
          "level": 1,
          "highlight": true,
          "children": [
            {
              "id": "b28f8aa98f41a591b234a45fb50fd449",
              "author": "重塑",
              "time": "2023年08月16日 02:09",
              "content": "<p>李博士我已经发邮件过去了</p>",
              "level": 2,
              "highlight": false,
              "children": []
            }
          ]
        }
      ]
    },
    {
      "id": "7168326c074b0a1dfdc9e7c0755f6225",
      "author": "过江之鲫",
      "time": "2023年08月15日 19:24",
      "content": "<p>请教一下李博士，以自己为坐标。人体右侧约天枢穴的位置有压痛，这个地方有时候无感觉，有时候不压也隐约会痛，痛的时候强度不算高但会影响右侧后腰酸，请问都有哪些可能参考的疾病。</p>",
      "level": 0,
      "highlight": false,
      "children": [
        {
          "id": "c067d5d021202d3ff075358b4285d3be",
          "author": "李宗恩",
          "time": "2023年08月15日 21:58",
          "content": "<p>你的問題太氾濫，中醫不以單一症狀來辨證論治。</p>",
          "level": 1,
          "highlight": true,
          "children": []
        }
      ]
    },
    {
      "id": "be64f600e0257334eb1446ffe525a387",
      "author": "过江之鲫",
      "time": "2023年08月15日 21:07",
      "content": "<p>按压感觉有东西，硬硬的。B超也没扫出东西，只有坐着或者站着才在那个位置明显按到。躺下就按不到了。</p>",
      "level": 0,
      "highlight": false,
      "children": []
    },
    {
      "id": "ad638a5ce265d3fc4d8a06264c58b765",
      "author": "跳駿",
      "time": "2023年08月16日 20:55",
      "content": "<p>李醫生，你好，我8歲那年因腎積水，腎結石，右側開刀取石，當時有十多粒，因時間關係沒有全部取完，一直吃家裡做的排石藥丸。現在做B超，右腎右數枚強回聲團，大者8mm，後方伴聲影。想採用激光碎石再加豬苓湯治療？皮下微創取石？還是直接使用豬苓湯？</p>",
      "level": 0,
      "highlight": false,
      "children": [
        {
          "id": "c51af5b3dbdb400b29c87f8233a679b5",
          "author": "李宗恩",
          "time": "2023年08月16日 21:54",
          "content": "<p>我不在網上針對個案一一討論。</p>",
          "level": 1,
          "highlight": true,
          "children": []
        }
      ]
    },
    {
      "id": "9a18335e1200c48aedf7048514a02af8",
      "author": "Patrick",
      "time": "2023年08月17日 21:22",
      "content": "<p>李医生，我从小小便就经常分岔。能看中医治好吗？中医的角度怎么看待分析这个问题？</p>",
      "level": 0,
      "highlight": false,
      "children": [
        {
          "id": "3a81124954d2121c1b8aaeb1e6d217b4",
          "author": "李宗恩",
          "time": "2023年08月17日 21:50",
          "content": "<p>這種簡單的物理現象，上網查就可以得到答案，為什麼要在這裡問？做學問，不是只張口問，自己得花時間精力去研究。</p>",
          "level": 1,
          "highlight": true,
          "children": []
        }
      ]
    },
    {
      "id": "9ea9dd608b13c1b4b30403d3ea07c497",
      "author": "白栩仰",
      "time": "2023年09月19日 01:36",
      "content": "<p>李醫師您好，又來麻煩您。因爲近期在臨床跟診，在我心中倪老師和您才真正具有話語權，所有遇上一些問題不方便請教臨床醫師的就來麻煩您。正如最近我發現我所跟診的臨床醫師在問診辯證上有一個習慣，他會問病人以前腸胃好不好，哪怕是好多年前有不好過（如反酸、腹脹、打嗝等），但近一兩年或四五年都沒有再犯過該症狀，他依然會認爲腸胃上餘留的有問題，在開藥的時候先解決這些問（比如瀉心湯）。個人認爲脾胃雖是後天之本非常關鍵，但此法有些過了。藥方講究藥簡力專，一定會分散了針對主要症狀的藥力。但無法質疑以及反駁，再加上臨床經驗太少也會自我質疑。所以麻煩來問下李醫師，感謝！</p>",
      "level": 0,
      "highlight": false,
      "children": [
        {
          "id": "9dcc4aa052077c7f76e9f5ea54289f1d",
          "author": "李宗恩",
          "time": "2023年09月19日 13:40",
          "content": "<p>每個病人不一樣，不是每個病人都直搗黃龍，有些得迂迴治療，先處理脾胃問題。</p>",
          "level": 1,
          "highlight": true,
          "children": [
            {
              "id": "f9e8042787769e5acfe7ee6503b26ec2",
              "author": "白栩仰",
              "time": "2023年09月20日 21:19",
              "content": "<p>那多年前的前胃家有過症狀，近些年來沒有，也代表腸胃功能依然會存在問題嗎？我知道這個問題問的太片面，但跟診中確實讓我很迷茫，每個病人都要問多年前有過打嗝反酸腹脹等症狀沒有。</p>",
              "level": 2,
              "highlight": false,
              "children": [
                {
                  "id": "0a1eb30f54286e3ae6df42c680eeef34",
                  "author": "李宗恩",
                  "time": "2023年09月21日 09:16",
                  "content": "<p>你應該問帶跟診的醫師為什麼要這樣問，他的思路是什麼。</p>",
                  "level": 3,
                  "highlight": true,
                  "children": []
                }
              ]
            }
          ]
        }
      ]
    },
    {
      "id": "2e656ad5e9e341e4257c7ae6a45587b3",
      "author": "黄廉超",
      "time": "2023年10月21日 20:19",
      "content": "<p>李医师您好，我想请教一下猪苓汤排肾结石需要一直服用直到结石排出吗？还是服用一段时间后排不出来就得找找是不是别的原因影响到药效导致结石排不出来？<br/>\n因为我自身也是肾结石患者，最早开始是因为脚太溪的位置疼，找西医中医看了都不知道怎么回事，当然也是在后来我自学中医后才明白我之前找的中医水平是有多么的低。原本我每天晚上1-3点都会起来夜尿，吃了两幅小柴胡汤后现在基本不会醒过来可以一觉睡到天亮了，猪苓汤原方最开始我是吃5副然后停15天再继续吃，陆续吃了3个疗程，太溪位置和耳穴肾点依然有压疼。在半个月前我把倪海厦老师教的针灸大成学习完了，太溪疼的时候按着阿是穴下针瞬间就不疼了，但是起针后依然会有疼痛感，这次我换了个药材渠道，第一幅猪苓汤下去肾就感觉有东西在挪动了，大概是在第四幅开始我配合耳穴肾点阿是穴埋针，埋针后都第一幅猪苓汤肾的反应特别大，五天后取针耳穴还是有压疼点，在取针后两天服用猪苓汤肾的位置有种灼热感，连续服用猪苓汤有13天了，感觉石头还是没有排出，昨天又埋了耳针并且在原方的基础上加了牡蛎进去。</p>",
      "level": 0,
      "highlight": false,
      "children": [
        {
          "id": "47d63ad21d85401c8979f9aeb781fc09",
          "author": "李宗恩",
          "time": "2023年10月22日 09:24",
          "content": "<p>如果結石沒有排盡，那得思維問題在哪裡，而不是只知道豬苓湯排石，問題可能比原本思考得更複雜。</p>",
          "level": 1,
          "highlight": true,
          "children": [
            {
              "id": "6ba150e4e76902fed0966fc37476ebce",
              "author": "黄廉超",
              "time": "2023年10月22日 18:16",
              "content": "<p>好的，大概明白一个方向了！<br/>\n肾结石属寒症，寒为阴热为阳，阳虚而阴生。单纯吃排结石的药方也有可能因为体内阳虚，寒湿重而导致药效达不到预期的效果，应结合补阳去湿一起去攻，阳恢复正常寒自然也会去掉。李医师，我这样理解方向有问题吗？</p>",
              "level": 2,
              "highlight": false,
              "children": [
                {
                  "id": "0dd431efded48137e8fe775c3c7823c8",
                  "author": "李宗恩",
                  "time": "2023年10月26日 10:28",
                  "content": "<p>辨證論治，不是預設問題在哪裡。</p>",
                  "level": 3,
                  "highlight": true,
                  "children": []
                }
              ]
            }
          ]
        }
      ]
    },
    {
      "id": "ebfa9bd6b3bf0ee6f41e9338d08c2f13",
      "author": "Miuya",
      "time": "2023年11月07日 01:45",
      "content": "<p>李医师 您好！<br/>\n       倪师和您都有深厚的中医知识，对市面上五花八门的保健产品，也都能一眼堪破玄机。我在学习中医的过程中，了解到一个中频电子脉冲仪，他们结合南方医科大学原林教授的筋膜学理论和中医的经络学，给患者推拿。将仪器的脉冲传导到人体身上，或者说传导到人体的穴位上，以求达到针灸的效果。他们宣称这个仪器很友好，对婴幼儿都可以使用。作为一个宝妈，以自己的知识储备实在无法判断其利弊。这种震动频率为中频1000-3000赫兹，对婴幼儿来说，会对脏腑造成伤害吗？<br/>\n        希望不会对您造成困扰，祝您生活愉快！</p>",
      "level": 0,
      "highlight": false,
      "children": [
        {
          "id": "e9109b0b821a694bb2255723170bb7d2",
          "author": "李宗恩",
          "time": "2023年11月07日 11:34",
          "content": "<p>這是電片治療的改版，電流會在皮下最導電的部分傳導，往往到不了中醫的穴位。這二三十年來已經有很多這樣的儀器，不是什麼新發明，而美國食品藥物管理局FDA警告過，太常用電流刺激身體表面，會導致皮膚癌等病變。</p>",
          "level": 1,
          "highlight": true,
          "children": [
            {
              "id": "e92203c4b76948247e24309e3446c543",
              "author": "Miuya",
              "time": "2023年11月07日 18:37",
              "content": "<p>感谢您的答复，非常感谢！！！</p>",
              "level": 2,
              "highlight": false,
              "children": []
            }
          ]
        }
      ]
    },
    {
      "id": "a2dd3b500b4d94c751204a177ff57530",
      "author": "建杭",
      "time": "2023年12月26日 08:39",
      "content": "<p>请问，肾盂肾炎中医可以治吗？我妈58岁。我看西医是要各种抗生素</p>",
      "level": 0,
      "highlight": false,
      "children": [
        {
          "id": "b8a2a00f6840d0d14d93aec84753d7f5",
          "author": "李宗恩",
          "time": "2023年12月27日 08:31",
          "content": "<p>中醫不是以西醫病名來治病。</p>",
          "level": 1,
          "highlight": true,
          "children": []
        }
      ]
    },
    {
      "id": "04822076e3da8c0f4dd7ac04e86e7cfb",
      "author": "臭宝",
      "time": "2025年09月09日 18:09",
      "content": "<p>未蒙师面，已承师恩!李教授教师节快乐</p>",
      "level": 0,
      "highlight": false,
      "children": [
        {
          "id": "4f848ff451473a2e110beae1b443f652",
          "author": "李宗恩",
          "time": "2025年09月12日 13:07",
          "content": "<p>謝謝</p>",
          "level": 1,
          "highlight": true,
          "children": []
        }
      ]
    }
  ],
  "page": 10,
  "order": 2,
  "filename": "data\\page10\\page10_order1_7053ace803ffc3b7a50fe4a4e22e7b61.json",
  "timestamp": 1760501223.868239
}