{
  "article_url": "https://andylee.pro/wp/?p=4338",
  "title": "FM 96.1：針灸也需辨證論治",
  "content": "<!--[if lt IE 9]><script>document.createElement('audio');</script><![endif]-->\n<audio class=\"wp-audio-shortcode\" controls=\"controls\" id=\"audio-4338-1\" preload=\"none\" style=\"width: 100%;\"><source src=\"https://andylee.pro/wp/wp-content/uploads/2017/06/drtalk-20170606-509-538pm-27m26s-1.mp3?_=1\" type=\"audio/mpeg\"/><a href=\"https://andylee.pro/wp/wp-content/uploads/2017/06/drtalk-20170606-509-538pm-27m26s-1.mp3\">https://andylee.pro/wp/wp-content/uploads/2017/06/drtalk-20170606-509-538pm-27m26s-1.mp3</a></audio>\n<p>加州是全世界中醫最發達的地區之一，然而在不少人的印象裡針灸就等同與中醫。為什麼會這麼認為呢？美國中醫師執照是以針灸為中心，從1978年針灸合法化以來，針灸局才慢慢地將中醫師的職業範圍擴展到現在的中藥。美國中醫師所持的執照為針灸師執照，中醫師被稱為針灸師 (acupuncturist)。目前，美國的保險公司只報銷針灸治療痛症的部分，而中藥方根本不屬於醫藥單範圍。</p>\n<p>近年來西醫的乾針(dry needle，即用不帶任何藥的針)療法日漸流行，不僅用在人身上，還用在貓、狗、牲畜身上，這都說明採用類似針灸針的各類療法的普及度越來越高。很多中醫診所會用到電針，即先針刺穴位得氣，然後將電針機的兩極分別接在已刺入穴位的針柄上。電針療法臨床上可以看到一些療效，但並不屬於傳統的針法。電針可以讓神經暫時痲痹，患者接受治療後會感到輕鬆，但是很多時候療效並不能鞏固持久。而傳統的針法有很多法則，例如原絡、俞募、會郗等治療方法，並不是簡單的像教科書裡的一對一的關係，比如月經痛就扎三陰交，關鍵還是要辨證論治，辨明為什麼痛，再決定針灸治則，要補什麼，瀉什麼。</p>\n<p>診所一位病人兼友人十二年來每個禮拜都請當地頗為出名的一位中醫師用電針療法為他治療頸椎舊傷，每次治療後疼痛都有所緩解，但幾天後效果就完全消失，病人自己說十二年來他的舊疾就沒有根本治好過。後來該病人來陽氣診所連續扎了三天的針，李醫師並未對其頸椎下針，而用傳統的針法連續三天就將他的頸椎不適治好了，他的高血壓也從原來的140降到120，治療距今幾個禮拜了，後頸痛沒有復發，血壓也比較穩定。李醫師下針的穴位為： 1.  後溪（八脈交會穴之一，通督脈）2.  中風、面癱或者嚴重的五十肩採取的針法： a.  陽陵泉（筋會穴）透陰陵泉 b. 絕谷（又稱懸鍾，髓會穴）透三陰交。 病人剛下完針，並沒有立刻見效，而6個小時後感覺頸部氣血通暢了許多。</p>\n<p>結語：在名目繁多的流行針法背後看到是令人痛惜的對傳統針法的忽視，針灸和中藥一樣講究辨證論治。</p>\n<p>熱線電話：</p>\n<p>林女士：最近右手麻，時好時壞，網上查了原因有各種，怎麼確定呢？</p>\n<p>李醫師： 造成手麻的原因諸多，沒有親眼看到病人很難確定致病原因。建議病人注意一下麻感發生的時間、發病長度、麻的範圍等。比如早上起來手麻，那很有可能是關節炎；若行動後會麻，那有可能是頸椎的問題；還有可能是在氣血很虛的情況下也會發生手麻的症狀。</p>\n<p>（語音檔案由FM96.1電台提供，文章摘錄自語音檔案內容，部分文字略有異同，敬請見諒。）</p>",
  "article_time": "2017年06月06日 20:08",
  "comments": [
    {
      "id": "15d3651d889407a52936dd88ee157db5",
      "author": "魯豆腐",
      "time": "2017年06月25日 20:32",
      "content": "<p>能夠深入瞭解病情的好醫師就可以用傳統針術治好多年沈疴，平實無華值得推揚</p>",
      "level": 0,
      "highlight": false,
      "children": [
        {
          "id": "bbaf828f9f0da61a35e5bb718ead3b1b",
          "author": "andy",
          "time": "2017年07月04日 18:39",
          "content": "<p>是的，好的針灸不需要浮華。</p>",
          "level": 1,
          "highlight": true,
          "children": []
        }
      ]
    },
    {
      "id": "add87377e1b9441d742892c4165ae895",
      "author": "Rocky",
      "time": "2017年07月01日 07:11",
      "content": "<p>Dr Lee，请教您在治疗这位颈椎病朋友的针灸处方：<br/>\n1、后溪  比较容易理解，因为主督脉，<br/>\n2、阳陵泉也容易理解，筋会，但是透阴陵泉，这个不理解，看倪师的书说这种针法用在治疗膝盖问题，能解释您的想法吗？<br/>\n3、绝谷学也容易理解，髓会，但这个透到三阴交，也不理解，请指导。</p>\n<p>谢谢！</p>",
      "level": 0,
      "highlight": false,
      "children": [
        {
          "id": "f58cededeb19ac20a4964b1de3a7d435",
          "author": "andy",
          "time": "2017年07月04日 19:50",
          "content": "<p>筋會陽陵，髓會絕骨，兩個穴位對筋骨的問題，非常重要，使用透針是為了大幅提高療效。絕骨其實不能直接透到三陰交，得往骨頭後面移，但是，絕骨穴位不算小，這樣的透針效果還是比只下絕骨來的大。</p>",
          "level": 1,
          "highlight": true,
          "children": [
            {
              "id": "8bf17ef3bf712d231560520fdb302bf2",
              "author": "Rocky",
              "time": "2017年07月04日 23:37",
              "content": "<p>多谢Dr Lee指导！</p>",
              "level": 2,
              "highlight": false,
              "children": []
            }
          ]
        }
      ]
    },
    {
      "id": "8f5903065e57700c22093c6d563299ac",
      "author": "CAT",
      "time": "2017年07月11日 16:45",
      "content": "<p>請教李醫師、這個病歷有沒有建側患側的分別?</p>",
      "level": 0,
      "highlight": false,
      "children": [
        {
          "id": "401855a6670122a3b3baf0adf64edcec",
          "author": "andy",
          "time": "2017年07月13日 10:59",
          "content": "<p>後溪取對側，腳上那四針透針，兩側都下。</p>",
          "level": 1,
          "highlight": true,
          "children": []
        }
      ]
    },
    {
      "id": "cf4f9067988ae1ba239b1cf7794e30f6",
      "author": "Rocky",
      "time": "2017年07月13日 07:41",
      "content": "<p>Dr Lee，刚才又读了一遍这篇文章，您提到的美国中医师的行医执照是针灸师执照，而且中药方不算医药单范围。这是不是说，中医诊所如果开些蝎子蜈蚣或乌头附子这些药，都没有政府监管。这样理解对吗？</p>",
      "level": 0,
      "highlight": false,
      "children": [
        {
          "id": "615e18930ffeb8deb641afbae9f7433b",
          "author": "andy",
          "time": "2017年07月13日 15:00",
          "content": "<p>這點你誤解了，加州針灸師執照包括中藥部分，中藥材使用也受到加州針灸局及FDA等政府機關的法律規範。但是，對醫療保險公司而言，中藥材屬於食物，不算藥物，是無法申請保險補助的。</p>",
          "level": 1,
          "highlight": true,
          "children": [
            {
              "id": "c5929bae208ba0f1040f36a5029411a9",
              "author": "大頭",
              "time": "2017年12月02日 20:17",
              "content": "<p>為何政府列管的藥物保險公司可以把它當食物？這太奇怪。反而台灣政府喜歡把食物當藥物來管   搞不好以後吃個四神湯還要處方籤喔</p>",
              "level": 2,
              "highlight": false,
              "children": [
                {
                  "id": "943859550e4337cc745227b3b131d8ba",
                  "author": "andy",
                  "time": "2017年12月18日 14:18",
                  "content": "<p>美國政府把中藥材當成食物來管理。</p>",
                  "level": 3,
                  "highlight": true,
                  "children": [
                    {
                      "id": "f0830f1c9a51258e8a5f31c74ec67b73",
                      "author": "大頭",
                      "time": "2017年12月23日 06:34",
                      "content": "<p>這是指美國政府並不承認中藥的藥性嗎？</p>",
                      "level": 4,
                      "highlight": false,
                      "children": []
                    },
                    {
                      "id": "176097afe95cf24e43096457cb7ac451",
                      "author": "andy",
                      "time": "2017年12月23日 20:33",
                      "content": "<p> 美國政府只管中藥材是否對人體有害，不管其藥性。</p>",
                      "level": 4,
                      "highlight": true,
                      "children": []
                    }
                  ]
                }
              ]
            }
          ]
        }
      ]
    },
    {
      "id": "90a4041479466de9a60b33e6eae15fc2",
      "author": "viyiai",
      "time": "2019年03月08日 21:34",
      "content": "<p>李医师，请问有没有很准确的找穴位的一些视频学习资料。网站上很多都是感觉不是很详细定位的。谢谢！</p>",
      "level": 0,
      "highlight": false,
      "children": [
        {
          "id": "58ff71f4fadc0d58f6c4f1599a74d280",
          "author": "viyiai",
          "time": "2019年03月10日 05:50",
          "content": "<p>哈哈，找到了一个挺好的真人穴位讲解视频。劳烦李医师了。</p>",
          "level": 1,
          "highlight": false,
          "children": []
        }
      ]
    },
    {
      "id": "a65210b7dfd16a664d1389e5dbcd4086",
      "author": "包兒",
      "time": "2021年01月11日 04:07",
      "content": "<p>聲音檔裡提到偏頭痛(肝膽經絡)常用的針法是足臨泣跟外關<br/>\n想請教李醫師這兩針是下患側的對側嗎？謝謝:)</p>",
      "level": 0,
      "highlight": false,
      "children": [
        {
          "id": "7ba87d02c4ad057ca580739015167299",
          "author": "李宗恩",
          "time": "2021年01月13日 15:06",
          "content": "<p>一般而言，是對側治療。</p>",
          "level": 1,
          "highlight": true,
          "children": []
        }
      ]
    }
  ],
  "page": 42,
  "order": 7,
  "filename": "data\\page42\\page42_order6_401855a6670122a3b3baf0adf64edcec.json"
}