{
  "article_url": "https://andylee.pro/wp/?p=4614",
  "title": "中工會 三高演講 視頻及投影片",
  "content": "<p>演講視頻：<a href=\"https://www.youtube.com/watch?v=y6wDWcQYXbU\">https://www.youtube.com/watch?v=y6wDWcQYXbU</a></p>\n<p>演講投影片：<a href=\"https://andylee.pro/wp/wp-content/uploads/2017/12/中工會三高演講-12162017.pdf\">中工會三高演講 12162017</a></p>\n<p><a href=\"https://andylee.pro/wp/?attachment_id=4611\" rel=\"attachment wp-att-4611\"><img alt=\"\" class=\"alignnone size-large wp-image-4611\" decoding=\"async\" fetchpriority=\"high\" height=\"684\" sizes=\"(max-width: 1024px) 100vw, 1024px\" src=\"https://andylee.pro/wp/wp-content/uploads/2017/12/25398316_1716051085104439_3485249561670562745_o-1024x684.jpg\" srcset=\"https://andylee.pro/wp/wp-content/uploads/2017/12/25398316_1716051085104439_3485249561670562745_o-1024x684.jpg 1024w, https://andylee.pro/wp/wp-content/uploads/2017/12/25398316_1716051085104439_3485249561670562745_o-300x200.jpg 300w, https://andylee.pro/wp/wp-content/uploads/2017/12/25398316_1716051085104439_3485249561670562745_o-768x513.jpg 768w, https://andylee.pro/wp/wp-content/uploads/2017/12/25398316_1716051085104439_3485249561670562745_o-480x320.jpg 480w, https://andylee.pro/wp/wp-content/uploads/2017/12/25398316_1716051085104439_3485249561670562745_o.jpg 2048w\" width=\"1024\"/></a></p>\n<p><a href=\"https://andylee.pro/wp/?attachment_id=4615\" rel=\"attachment wp-att-4615\"><img alt=\"\" class=\"alignnone size-large wp-image-4615\" decoding=\"async\" height=\"683\" sizes=\"(max-width: 1024px) 100vw, 1024px\" src=\"https://andylee.pro/wp/wp-content/uploads/2017/12/DSC01642-1-1024x683.jpg\" srcset=\"https://andylee.pro/wp/wp-content/uploads/2017/12/DSC01642-1-1024x683.jpg 1024w, https://andylee.pro/wp/wp-content/uploads/2017/12/DSC01642-1-300x200.jpg 300w, https://andylee.pro/wp/wp-content/uploads/2017/12/DSC01642-1-768x512.jpg 768w, https://andylee.pro/wp/wp-content/uploads/2017/12/DSC01642-1-480x320.jpg 480w\" width=\"1024\"/></a> <a href=\"https://andylee.pro/wp/?attachment_id=4616\" rel=\"attachment wp-att-4616\"><img alt=\"\" class=\"alignnone size-large wp-image-4616\" decoding=\"async\" height=\"683\" sizes=\"(max-width: 1024px) 100vw, 1024px\" src=\"https://andylee.pro/wp/wp-content/uploads/2017/12/DSC01649-1-1024x683.jpg\" srcset=\"https://andylee.pro/wp/wp-content/uploads/2017/12/DSC01649-1-1024x683.jpg 1024w, https://andylee.pro/wp/wp-content/uploads/2017/12/DSC01649-1-300x200.jpg 300w, https://andylee.pro/wp/wp-content/uploads/2017/12/DSC01649-1-768x512.jpg 768w, https://andylee.pro/wp/wp-content/uploads/2017/12/DSC01649-1-480x320.jpg 480w\" width=\"1024\"/></a></p>\n<p><a href=\"https://andylee.pro/wp/?attachment_id=4617\" rel=\"attachment wp-att-4617\"><img alt=\"\" class=\"alignnone size-large wp-image-4617\" decoding=\"async\" height=\"683\" loading=\"lazy\" sizes=\"auto, (max-width: 1024px) 100vw, 1024px\" src=\"https://andylee.pro/wp/wp-content/uploads/2017/12/DSC01654-1-1024x683.jpg\" srcset=\"https://andylee.pro/wp/wp-content/uploads/2017/12/DSC01654-1-1024x683.jpg 1024w, https://andylee.pro/wp/wp-content/uploads/2017/12/DSC01654-1-300x200.jpg 300w, https://andylee.pro/wp/wp-content/uploads/2017/12/DSC01654-1-768x512.jpg 768w, https://andylee.pro/wp/wp-content/uploads/2017/12/DSC01654-1-480x320.jpg 480w\" width=\"1024\"/></a></p>\n<p><a href=\"https://andylee.pro/wp/?attachment_id=4608\" rel=\"attachment wp-att-4608\"><img alt=\"\" class=\"alignnone size-large wp-image-4608\" decoding=\"async\" height=\"575\" loading=\"lazy\" sizes=\"auto, (max-width: 1024px) 100vw, 1024px\" src=\"https://andylee.pro/wp/wp-content/uploads/2017/12/25358301_1716053035104244_4362015696465534029_o-1024x575.jpg\" srcset=\"https://andylee.pro/wp/wp-content/uploads/2017/12/25358301_1716053035104244_4362015696465534029_o-1024x575.jpg 1024w, https://andylee.pro/wp/wp-content/uploads/2017/12/25358301_1716053035104244_4362015696465534029_o-300x168.jpg 300w, https://andylee.pro/wp/wp-content/uploads/2017/12/25358301_1716053035104244_4362015696465534029_o-768x431.jpg 768w, https://andylee.pro/wp/wp-content/uploads/2017/12/25358301_1716053035104244_4362015696465534029_o.jpg 2048w\" width=\"1024\"/></a></p>\n<p> </p>\n<p> </p>\n<p> </p>\n<p> </p>",
  "article_time": "2017年12月18日 11:19",
  "comments": [
    {
      "id": "bf354b52beb107b6538bacb5889f6c30",
      "author": "集思廣益",
      "time": "2017年12月20日 19:24",
      "content": "<p>請教是否有上傳YOU Tube影音檔可觀看或錄音檔供一般人觀看呢?   感謝</p>",
      "level": 0,
      "highlight": false,
      "children": [
        {
          "id": "e54fe643b2facccff29cedad06ffae63",
          "author": "andy",
          "time": "2017年12月21日 09:52",
          "content": "<p>中工會剛剛上傳了視頻。</p>",
          "level": 1,
          "highlight": true,
          "children": []
        }
      ]
    },
    {
      "id": "08f016eeaa36dd571cd5c8fce8d53ce9",
      "author": "集思廣益",
      "time": "2017年12月22日 03:57",
      "content": "<p>感謝 無私付出 受益良多</p>",
      "level": 0,
      "highlight": false,
      "children": []
    },
    {
      "id": "1f2b95b845bed2963d7ece223ff6342e",
      "author": "六经辨证",
      "time": "2017年12月23日 17:25",
      "content": "<p>什么时候大陆的粉丝也可以看到视频啊！ 谢谢</p>",
      "level": 0,
      "highlight": false,
      "children": [
        {
          "id": "e73e9ffcf6cf7a4525939cefd1331b3a",
          "author": "andy",
          "time": "2017年12月23日 20:34",
          "content": "<p>我請教一下中工會的同仁們。</p>",
          "level": 1,
          "highlight": true,
          "children": [
            {
              "id": "70f996a744d7ab9b275a0579fedf0e60",
              "author": "admin",
              "time": "2017年12月25日 16:09",
              "content": "<p>視頻已上傳至優酷网，內地的朋友們應該可以看得到。<br/>\n<a href=\"http://v.youku.com/v_show/id_XMzI2MzQ4MDI3Ng==.html?spm=a2h3j.8428770.3416059.1\" rel=\"nofollow ugc\">http://v.youku.com/v_show/id_XMzI2MzQ4MDI3Ng==.html?spm=a2h3j.8428770.3416059.1</a></p>",
              "level": 2,
              "highlight": false,
              "children": []
            }
          ]
        }
      ]
    },
    {
      "id": "a058addb616861168c0704da4222e9ca",
      "author": "Rocky",
      "time": "2017年12月24日 05:10",
      "content": "<p>期待期待！</p>",
      "level": 0,
      "highlight": false,
      "children": []
    },
    {
      "id": "6cb3b51e7cd97495dd56476631929712",
      "author": "Jonson Gu",
      "time": "2017年12月24日 20:17",
      "content": "<p>感谢李医师，说的太棒了。正在听李医师的中医概论的脉诊，发现一个问题，我的左右手的尺脉都很浮，不用摸，仔细看就知道了，皮肤表面都看到脉在跳，但是不长，比较短。但是波动很有力。右尺脉为浮，右为阳，肾阳太盛，左尺脉为阴，肾阴太足—短就是看到的跳动部位-短。这个现象从秋季一直到现在，浮是太过了，沉是不足，难经说泄南补北。是要泄肝–疏通肝木，补足肺金。近些天痰是淡白色的，当以润肺为主，断断续续学了经方，也就这点感悟，请李医师指教。不浮不沉才是常态。谢谢。</p>",
      "level": 0,
      "highlight": false,
      "children": [
        {
          "id": "ae631faadfc4172542fef59027c379de",
          "author": "Jonson Gu",
          "time": "2017年12月25日 01:43",
          "content": "<p>但是 寸 关 脉，不浮 不沉，就是尺脉 左右手都 浮。或真的有问题的哦</p>",
          "level": 1,
          "highlight": false,
          "children": []
        },
        {
          "id": "37c0c07308fd6df0cd71bd0177e21a8e",
          "author": "andy",
          "time": "2017年12月29日 20:57",
          "content": "<p>尺脈浮，通常不是代表腎陽太盛，常常是代表腎陽不能內收，譬如，如果你真的是腎陰不足，那麼陰不足而無法藏陽，導致陽渙散而成陰陽兩虛。脈診得所有部份一起思考，更重要的是，只靠脈診是不能可靠的辨證的，李時珍的瀕湖脈學，開宗明義就已經指出世人過度渲染脈診，而忽略了望聞問切四診合參的重要性。</p>",
          "level": 1,
          "highlight": true,
          "children": [
            {
              "id": "5b2318a3ce5821733bed09f781af0813",
              "author": "Jonson Gu",
              "time": "2017年12月30日 22:01",
              "content": "<p>谢谢李医师。脉诊不能表达全部，只是提供佐证。但我自己观察到，冬至用桂枝汤+补肾阳和补阴的材料–似乎证明了肾主二便。大便明显硬了，而且就是一根结束。大概在5年前，去海岛休假，游泳浮潜，回来后发现嘴里咸咸的，以为是海水浸泡太久。现在回想，应该是肾阳有问题，面色也是黑的（无光泽），以为热带的阳光照。诶，惭愧，当时对正统中医不懂，不以为然。应该是肾 阴阳两虚，可否用壮阳的 补阴的材料，继续喝呢，比起看南派和西药–要便宜很多，而且直观的反应，也是学医的必由之路。有位同道学经方的朋友，其父有高血压多年，准备用李医师的三高演讲的思路，为其父治疗。症状1，睡眠不好，阳不入阴，2 头面温热的，比手脚的温-还要温点。感谢李医师。</p>",
              "level": 2,
              "highlight": false,
              "children": []
            }
          ]
        }
      ]
    },
    {
      "id": "e708e92341ea3d02b49505ed8f0bac69",
      "author": "ieitZYB",
      "time": "2017年12月26日 12:49",
      "content": "<p>还以为会放到“youngQivideo”：<br/>\n<a href=\"http://i.youku.com/i/UNTEwMDAzMjgw?spm=a2hzp.8244740.0.0\" rel=\"nofollow ugc\">http://i.youku.com/i/UNTEwMDAzMjgw?spm=a2hzp.8244740.0.0</a></p>",
      "level": 0,
      "highlight": false,
      "children": []
    },
    {
      "id": "844304401ffeba3b3df307785be2f310",
      "author": "Jonson Gu",
      "time": "2017年12月30日 22:15",
      "content": "<p>感恩倪师和李医师无私的奉献。您的医案 演讲等全部打印和下载，作为学习的资料。上周发现有问题，脊椎第一 第二旁开1寸-2寸的肌肉很紧，动一下感觉痛，马上想到葛根桂枝汤，葛根用12，居然发现1剂下去后，居然好了。就表症而言，不恶风，不发热–啥也没有，很正常，就是肌肉很紧，有痛的感觉。如果去西医，验血 X光–一堆的检查，无非在骗钱。李医师要多写医案，给学习者，多点临床的感觉。</p>",
      "level": 0,
      "highlight": false,
      "children": [
        {
          "id": "f63712e4360ad442e152c9c4b9a0b405",
          "author": "andy",
          "time": "2017年12月31日 18:09",
          "content": "<p>謝謝支持與鼓勵。</p>",
          "level": 1,
          "highlight": true,
          "children": []
        }
      ]
    },
    {
      "id": "00d7e493f21e55ab525c9329d2ef2a8b",
      "author": "lmc",
      "time": "2018年05月18日 12:46",
      "content": "<p>李医生，我是倪师的超级粉丝，我一直在思考一个问题，中医经方家都是以症状来分析问题，反过来看，以前没有科技的辅助，所以有中医自己的一套方法来辩证论治，当然这种方法是非常准确而且实用的，会不会也存在盲区在地方，可能学经方也不是很深，一直有一个问题，四季成圆，但画的并不哪么圆，春夏胃，肺的降不足，秋冬肝，膀胱升的力量不够，这本身都会造成身体不良反应，针灸，经方，可以把它画的更圆一些，真人其实可以做到这一点，才能以天同寿，经方是症状来治疗，和以四季来治疗，会不会有相同和差异，，，以上分析只是自己的一点观点，不足之处还请指导一下。谢谢！</p>",
      "level": 0,
      "highlight": false,
      "children": [
        {
          "id": "8dc85b9628145d191181a18d036e90bb",
          "author": "andy",
          "time": "2018年05月23日 12:02",
          "content": "<p>人的身體本來就會隨四季變化，不同季節裡，五臟六腑有不同的消長，人體也因此容易得到不同的疾病，黃帝內經中有很多的討論，而臨床治病，不論是經方或溫病，也都會考慮這些季節因素。</p>",
          "level": 1,
          "highlight": true,
          "children": [
            {
              "id": "c77be08a2c82932b06999d82fd44c2e3",
              "author": "lmc",
              "time": "2018年05月24日 12:49",
              "content": "<p>谢谢  李医生</p>",
              "level": 2,
              "highlight": false,
              "children": []
            }
          ]
        }
      ]
    },
    {
      "id": "89bb5d64958721b63a5c9b3bfadb6813",
      "author": "明遠",
      "time": "2019年06月01日 19:19",
      "content": "<p>李醫師 您好:</p>\n<p>倪老師認為糖尿病是血液中的水太少，您認為是血液中的糖無法進入器官(細胞)。這是說，有兩種原因嗎?還是有兩種治療方式?</p>\n<p>謝謝!</p>",
      "level": 0,
      "highlight": false,
      "children": [
        {
          "id": "daa7fed204bd4ad07f3074b965657a97",
          "author": "andy",
          "time": "2019年06月03日 14:43",
          "content": "<p>這兩個方向並不衝突，至於治療方法，無論從哪個角度來探討，都的辨證論治，而非服用什麼固定藥方來「把水補回來」或「讓器官多接受些糖份」。</p>",
          "level": 1,
          "highlight": true,
          "children": []
        }
      ]
    }
  ],
  "page": 38,
  "order": 6,
  "filename": "data\\page38\\page38_order5_70f996a744d7ab9b275a0579fedf0e60.json"
}