{
  "article_url": "https://andylee.pro/wp/?p=5894",
  "title": "FM96.1：灣區最近流感凶悍，您是如何治療和預防呢？",
  "content": "<figure class=\"wp-block-audio\"><audio controls=\"\" src=\"https://andylee.pro/wp/wp-content/uploads/2019/06/S-20180102灣區最近流感凶悍，您是如何治療和預防呢？.mp3\"></audio></figure>\n<p>（語音檔案由FM96.1電台提供，文章摘錄撰寫中，請稍加等待謝謝。）</p>",
  "article_time": "2018年01月02日 11:55",
  "comments": [],
  "page": 38,
  "order": 4,
  "filename": "data\\page38\\page38_order3_1b6a16ad981c66f8b44a45a31e484bed.json"
}