{
  "article_url": "https://andylee.pro/wp/?p=10418",
  "title": "微電影《不怕》 真人真事記錄通許抗疫",
  "content": "<p>(有些瀏覽器似乎不能顯示影像，可以先下載視頻再播放即可）</p>\n<p>”以此片向抗疫英雄致敬！微電影《不怕》根據醫院真實抗疫故事創作，演釋弘揚中醫的白衣天使，劇中均爲醫務人員本色出演。歐陽國忠、蔣永為、陳郎、周石龍、吳寳林攝製。“</p>\n<p>P.S. 感謝讀者幫忙下載影片，在此轉載宣揚中醫，如有違反著作權，敬請告知！</p>\n<figure class=\"wp-block-video\"><video controls=\"\" src=\"https://andylee.pro/wp/wp-content/uploads/2021/07/微电影《不怕》.mp4\"></video></figure>\n<p></p>",
  "article_time": "2021年07月12日 10:09",
  "comments": [
    {
      "id": "c58396ca5def3af9ab312dc85a2b080d",
      "author": "鲁豆腐",
      "time": "2021年07月17日 03:25",
      "content": "<p>確實令人感動，正統統中醫終於在開封通許人民醫院打出了知名度<br/>\n感謝Dr.李的辛苦用心教導西醫師們才能使他們轉念開使用中藥來救治病患<br/>\n這是一個好的開始，正統中醫在發芽茁壯</p>",
      "level": 0,
      "highlight": false,
      "children": []
    },
    {
      "id": "10509ab3a78928bd8dc11bd8c75b1d5d",
      "author": "沈煇峰",
      "time": "2021年07月18日 01:48",
      "content": "<p>中醫一定要掌握話語權，不然輿論如果被《中國醫生》那種黑中醫的謊言佔據，後代人就不知道甚至不相信中醫的偉大貢獻了！</p>",
      "level": 0,
      "highlight": false,
      "children": []
    },
    {
      "id": "f0d3716bac1238f3203825a3fbd767ef",
      "author": "炎帝外經見習生",
      "time": "2021年08月17日 10:18",
      "content": "<p>近來在美國由於 Delta 病毒肆虐，若不願打疫苗，則出國，上班，上學，上餐廳都會有麻煩。 不知中醫是否能針對不同體質來建議比較合適的疫苗？（由副作用的症狀來反推的Good Faith Estimate/best guess)</p>",
      "level": 0,
      "highlight": false,
      "children": [
        {
          "id": "e296f8c3a6fc1268e20e9fe18ca5d788",
          "author": "李宗恩",
          "time": "2021年08月25日 13:32",
          "content": "<p>每個人對疫苗的反應不一樣，沒有大量資料是無法做有意義的推理的。</p>",
          "level": 1,
          "highlight": true,
          "children": []
        }
      ]
    },
    {
      "id": "958ed7b515dd3dcdc68666623d7df363",
      "author": "Gordon",
      "time": "2021年08月26日 18:57",
      "content": "<p>最近國內流傳說伊維菌素可以預防新冠肺炎。不知道視頻的源頭美國是不是確有其人其事。望李醫師有空確認一下。謝謝！<br/>\n<a href=\"https://zhuanlan.zhihu.com/p/374748801?utm_source=wechat_session&amp;utm_medium=social&amp;utm_oi=671118620021755904&amp;s_r=0&amp;from=groupmessage\" rel=\"nofollow ugc\">https://zhuanlan.zhihu.com/p/374748801?utm_source=wechat_session&amp;utm_medium=social&amp;utm_oi=671118620021755904&amp;s_r=0&amp;from=groupmessage</a></p>",
      "level": 0,
      "highlight": false,
      "children": [
        {
          "id": "c702518d7958abece26145b9a0cfee85",
          "author": "李宗恩",
          "time": "2021年08月29日 12:21",
          "content": "<p>我無法確認，這類的網路消息太多，絕大部分都沒有什麽根據。</p>",
          "level": 1,
          "highlight": true,
          "children": []
        }
      ]
    },
    {
      "id": "6ccf720c2d17bfcae12b7965d7e43a4c",
      "author": "盖特",
      "time": "2021年08月31日 03:57",
      "content": "<p>据说 青蒿素 可以 99%的杀死新冠病毒。</p>",
      "level": 0,
      "highlight": false,
      "children": []
    }
  ],
  "page": 17,
  "order": 4,
  "filename": "data\\page17\\page17_order3_e296f8c3a6fc1268e20e9fe18ca5d788.json"
}