{
  "article_url": "https://andylee.pro/wp/?p=5369",
  "title": "45歲女士順利高齡懷孕生產",
  "content": "<p>今天很高興，一位舊病人來複診，她上週已經順利生產，一切安好，母子健康，我總算可以鬆一口氣了。</p>\n<p>這位女士，45歲多，這幾年來一直是診所的病人，斷斷續續來看些不同的症狀，一年多前開始希望能藉由中醫調理身體來懷孕，畢竟他們夫婦兩人都很想要有小孩，過幾年就要更年期了，再不懷孕生小孩，可能就沒有機會了。</p>\n<p>去年暑假，很高興的自然懷孕了。然而，因為已經45歲了，婦產科醫生們如臨大敵，告訴病人一長串可能會有的問題，除了胎兒可能的健康問題，譬如胎兒生長遲滯、染色體異常，高齡孕婦會有高流產機率、妊娠糖尿病、妊娠高血壓、<b>子癲前症</b>(Preeclampsia)、胎盤早期剝離、早產、胎位不正等等可能的問題，婦產科醫生們要求病人做各種不同的檢驗，也提出許多的警告，譬如得提前好幾週就強行剖腹生產等。</p>\n<p>病人確實也遇到了許多症狀，一開始害喜嚴重，嘔吐、心跳過快、喘，後來也真的出現高血壓、高血糖、貧血等等的現象。不過，病人相信中醫，堅持用中醫來治療，我也見招拆招，利用很輕的中藥方劑，讓病人血壓、血糖、心跳等等問題恢復正常，讓婦產科醫生及專科醫生們非常驚訝，覺得這樣的高齡孕婦出現了許多症狀，怎麼可能在不服用任何西藥下恢復正常。</p>\n<p>到了懷孕後期，婦產科醫生還是擔心胎兒位子無法正常地頭往下轉，也還是為提早一個月強行剖腹生產做了警告及準備。結果，病人在懷孕39週順利生產，胎兒健康，3500公克、52公分，產婦安好，身體恢復良好。</p>\n<p>其實，去年知道病人自然懷孕時，心裡很高興，就想寫個醫案。不過，畢竟懷孕只是第一步，還是可能會流產及遇到許多問題，這讓我戰戰兢兢，小心翼翼的幫助病人，直到病人順利生產，母子健康，這才可以寫個醫案，替他們慶祝慶祝。</p>\n<p> </p>",
  "article_time": "2019年03月05日 13:13",
  "comments": [
    {
      "id": "bdd246fb0adb7ec1bb3c430e80d50fbc",
      "author": "曾卓謙",
      "time": "2019年03月05日 16:45",
      "content": "<p>期望你的長細醫案發表</p>",
      "level": 0,
      "highlight": false,
      "children": []
    },
    {
      "id": "70aae028833b8efc068abb2db8f93c03",
      "author": "Adley",
      "time": "2019年03月05日 16:47",
      "content": "<p>期望你的長細醫案發表</p>",
      "level": 0,
      "highlight": false,
      "children": []
    },
    {
      "id": "0569f6d8dc764beb9e46902816d939b8",
      "author": "Dr.Tseng",
      "time": "2019年03月06日 01:39",
      "content": "<p>期望你的長細醫案發表</p>",
      "level": 0,
      "highlight": false,
      "children": []
    },
    {
      "id": "9fec6ebacab60519854ced4ecda50e16",
      "author": "Ferry瑞芳",
      "time": "2019年03月07日 03:40",
      "content": "<p>Congratulations</p>",
      "level": 0,
      "highlight": false,
      "children": []
    },
    {
      "id": "7a607c2e2e008f191e85f3b45adc9d96",
      "author": "apple",
      "time": "2019年03月18日 22:06",
      "content": "<p>李医生，您好！请教一下，为什么我每天早上起床就会打喷嚏流鼻水？</p>",
      "level": 0,
      "highlight": false,
      "children": [
        {
          "id": "4f344997ae68be2a78e14a9869c19227",
          "author": "andy",
          "time": "2019年03月19日 18:16",
          "content": "<p>通常是鼻腔内寒濕較重。</p>",
          "level": 1,
          "highlight": true,
          "children": []
        }
      ]
    },
    {
      "id": "ab1ef410e997c52be414ec0ba1d7122d",
      "author": "APPLE",
      "time": "2019年03月19日 23:49",
      "content": "<p>肺开窍于鼻，那是不是表示我肺里有寒湿呢？</p>",
      "level": 0,
      "highlight": false,
      "children": [
        {
          "id": "e0ee4bc1b81bd8e4eef0bdbab21d2b10",
          "author": "andy",
          "time": "2019年03月20日 07:10",
          "content": "<p>不一定，有時沒嚴重到有肺寒。</p>",
          "level": 1,
          "highlight": true,
          "children": []
        }
      ]
    },
    {
      "id": "f1fe79c05afbdc912a994cde48870065",
      "author": "David Yang",
      "time": "2022年04月24日 20:58",
      "content": "<p>請問40歲的婦女想懷孕，會建議直接做IVF，還是先讓中醫師看看，嘗試自然懷孕?</p>",
      "level": 0,
      "highlight": false,
      "children": [
        {
          "id": "c0d07224a935aa7f94a0d471e85d6802",
          "author": "李宗恩",
          "time": "2022年04月25日 10:33",
          "content": "<p>當然是先找中醫師看診。</p>",
          "level": 1,
          "highlight": true,
          "children": []
        }
      ]
    }
  ],
  "page": 34,
  "order": 5,
  "filename": "data\\page34\\page34_order4_7a607c2e2e008f191e85f3b45adc9d96.json"
}