{
  "article_url": "https://andylee.pro/wp/?p=5063",
  "title": "冰冷飲食 – 養兒育女必須知道的21件中醫知識（9）",
  "content": "<p>好久沒有寫這個系列的文章了，一方面事情忙，另一方面一直有其它想先討論的題材蹦出來，雖然那些題材也多多少少和養兒育女有些關係，但總好像把這個系列給忘掉了似的，實在不好意思。</p>\n<p>每隔一陣子，網路上就會掀起筆戰，西醫為主的一派會説冰冷飲食對身體沒有壞處，中醫為主的另一派會説冰冷飲食對身體有深遠的影響。主張冰冷飲食沒有壞處的一方，會強調「沒有科學證據」，主張冰冷飲食有壞處的一方，會強調「中醫所謂的寒」。我本來不想參與這樣的討論，畢竟我自己是中醫，而會來看我文章的讀者，也大多偏向中醫，那我的結論是什麼，不用想都猜得到。不過，既然這個問題對養兒育女有很大的影響，也有不少讀者來問我，我們就來討論吧。</p>\n<p>首先，我們先探討一下所謂的「沒有科學證據」。這樣的說詞常常被拿來做為辯論的邏輯，把「沒有科學證據」當成「就是錯的」一樣，真的嗎？所謂科學證據，那得先要有人想到這個問題，願意去花時間、花精力、花錢去研究，如果在西方醫學發展的過程中沒有強調「寒熱」的觀念，那麼又怎麼會有大量相關的臨床研究？然而，真的沒有西醫方面對這個問題的研究嗎？其實，早在1970年代就已經有些粗淺的研究，譬如1978年有一篇「Effects of drinking hot water, cold water, and chicken soup on nasal mucus velocity and nasal airflow resistance（飲用熱水、冷水、和雞湯對鼻粘液速度及鼻氣流阻力的影響）」的論文，在美國國家醫學中心資料庫中可以找到：<a href=\"https://www.ncbi.nlm.nih.gov/pubmed/359266\">https://www.ncbi.nlm.nih.gov/pubmed/359266</a>。這個研究指出，飲用冷水會使鼻粘膜變厚，讓空氣更難通過呼吸道，而相比之下，喝熱水或雞湯可以讓鼻粘膜變薄，幫助人們輕鬆地呼吸，因此建議在感冒期間不要喝冷水，免得讓鼻塞更嚴重。很有意思吧，竟然有人做這樣的研究，而這其實和中醫所謂的「寒濕」不約而同，濕在鼻腔，當然就鼻塞嚴重了，而還有其它許多可以引用的醫學研究，我們就不一一討論。所以，不是「沒有科學證據」，而是這方面的研究和其它如基因工程等熱門題材相比，確實少了很多，但是，真的認真去找，還是可以找到許多「科學證據」。當然，這並不是説我們可以用有沒有科學證據來完全斷定一件事情的正確與否，很多時候那只能代表研究的熱門方向，以及贊助方是不是有利可圖。</p>\n<p>那「冰冷飲食」到底對人體有什麼影響？「冰冷飲食」分為兩類，一類是「溫度冷」，另一類是「性質冷」。「溫度冷」比較容易了解，譬如冰水，水對人體很重要，也沒什麼特別的偏性，所以水本身不是問題，而是冰水的溫度太低的問題。這樣冰冷的東西進入了腸胃道，需要損耗掉人體許多的能量來把腸胃道溫度調整回來，以中醫的說法是短暫地損耗胃氣、損耗心臟移轉到小腸的熱。如果你身體強健、胃氣十足，這樣的損耗或許沒什麼大不了，休息休息就可以恢復，但是，如果你不是那麼的身強體壯，或者如果你長時期如此損耗你的身體，那麼你的胃氣就會大幅下降，小腸的溫度不足，由小腸負責加溫的中下焦器官也就開始功能下降，導致許多可能的健康問題，譬如子宮寒冷而有肌瘤，或者攝護腺寒冷而肥大等等。</p>\n<p>有人會問，這樣對冰水負面評價的說法，似乎只在華人的文化裡，許多外國人，尤其是美國人，特別喜歡喝冰水，為什麼他們沒有那麼多的健康問題？其實，這是一個誤解。一般的美國人，確實每天喝許多冷飲，三餐還配上加滿冰塊的水，然而，一般的美國人普遍嚴重肥胖，同時衰老的很快，許多美國人你以為七老八十了，其實可能還比你年輕。另一方面，真正重視體能的美國人，是很小心飲食的。我是國際潛水協會PADI認證的Divemaster，熱衷於攀岩，也有許多奧林匹克運動員等級的朋友及病人，在這些積極運動的圈子裡，很少人吃垃圾食物，很少人沒事在外面吹冷風，也越來越多人開始避免喝冰水，因為他們自己的身體可以體會到，少損耗一分體能，就多一分體能表現在運動上。如果這樣解釋你還是不能理解，那麼我們來做一個簡單的實驗，你去泡一個很熱很熱的熱水澡，在泡澡的同時，喝很冰很冰的冰水，看看你有什麼感受。不管你多麼身強體壯，我保證你馬上能感受到胃不舒服、整個人不對勁。這不是很奇怪嗎？明明身體泡得熱呼呼的，喝冰水來降溫，應該很舒服才對，為什麼反而會不舒服呢？因為不管你多麼身強體壯、胃氣多麼強，當身體泡在很熱很熱的熱水澡裡，大量的陽氣會往體表走，發散出去，這個時候護守胃及其它內臟的陽氣會大幅減少，在這樣的情況下喝下很冰很冰的冰水，你自然就很能體會到寒涼傷胃的感覺。這也是為什麼老一輩的人會説「夏天吃薑」，因為夏天熱，陽氣發散在外，護守中下焦的陽氣少，適當吃一些薑，可以避免夏天冷飲冷食對胃的影響。</p>\n<p>另一類的「冰冷飲食」是「性質冷」，西方醫學在這方面的研究偏向特定化學成分對身體的影響，對食物或草藥的「寒熱」研究就更少了，因為除非是如附子、石膏等大熱大寒的中藥材，一般食物的寒熱對身體的影響，不是短時間能反應出來的。而也因為「性質冷」對身體的影響，不像「溫度冷」那麼快能表現出來，一般而言，如果吃不多，加上平時注意其它飲食的配合，問題可能不大。然而，如果長時間吃「性質冷」的食物，並不能像「溫度冷」那樣，單單依靠身強體壯、胃氣強來化解，它的影響反而是比較長久深遠的，特別是寒濕的長年累積，非常不容易改善。譬如感冒了，許多人買感冒糖漿來服用，或者中國大陸流行喝板藍根沖劑，説板藍根可以清熱、解毒、消炎，結果咽喉不適好像好了一些，身體卻變得更寒了，下一次感冒季節，這些人一定不缺席。</p>\n<p>回到養兒育女中醫知識的主題，現在的生活裡，有太多太多「冰冷飲食」的誘惑，冰水、珍珠奶茶、冰淇淋、汽水等等，再加上許多連大人都誤以為對人體好處多多的生鮮蔬果汁、生菜沙拉等等，小孩子很容易被誤導到不健康的飲食習慣，做父母的得趁早多花時間及精力來灌輸他們正確的觀念，在他們飲食習慣還沒有完全形成前，把他們導入正確的方向。當然，即使是垃圾食物等級的冰冷飲食，在日常生活中也不可能完全避免，畢竟連大人都會嘴饞，何況小孩子？所以，適當的「放水」，偶爾放寬、享受一下嘴饞的快感，並無傷大雅，只要小孩子知道「冰冷飲食」的壞處，知道適可而止，那麼做父母的也不需要每次都和小孩子吵到不行，破壞了親子關係。</p>\n<p> </p>",
  "article_time": "2018年09月26日 16:06",
  "comments": [
    {
      "id": "f8eec5b68da4a869ec5318e110c8364a",
      "author": "Ferry瑞芳",
      "time": "2018年09月26日 16:26",
      "content": "<p>现实中，有些饮食理念是医师灌输给患者及其家属的，举个例子：西医消化内科遇到肠胃不好的患者，无论年纪大小，先建议患者平时多喝些鲜榨蔬果汁。患者只能乖乖遵照执行，并且还会宣传，让这些错误的理念普及。</p>",
      "level": 0,
      "highlight": false,
      "children": [
        {
          "id": "be391269cb4d42af5d15deaf4e5e0b98",
          "author": "andy",
          "time": "2018年10月01日 22:29",
          "content": "<p>許多人把西醫的建議當成真理，很可惜，其實大部分的臨床西醫對生活習慣上的知識並不嚴謹，缺乏深入的研究，畢竟那些不屬於醫學院教學的正式內容。說個真實的故事，我曾經和一位認識的史丹佛醫院教授及臨床醫師聊到咖啡，他告訴我一天喝六杯咖啡可以長命百歲，我客氣地問他為什麼，他說「報紙上看到的」！！</p>",
          "level": 1,
          "highlight": true,
          "children": []
        }
      ]
    },
    {
      "id": "1b3c1f92a0127dfb71e12384be9b9b6a",
      "author": "lmc",
      "time": "2018年09月28日 01:44",
      "content": "<p>看了这篇文章，让我联想了很多，    日本有个针灸家  泽田健先生  说肾脏是所有脏腑的根，这个是没有问题的，我们在治疗所有疾病的时候，时不是要把肾脏的功能提上去，   这个又和五脏的相生相克是矛盾的，如果五脏的相生相克是二维面，哪肾脏是所有脏腑的根，就是三维体了，     我在治疗所有的疾病时，我会带着肾脏一起同步治疗，如下针环跳穴等，从内向外发力，提升所有脏腑的功能，增加新陈代谢，如果每两年换一副全新的骨骼，哪就说明内部的新陈代谢一只存在，外部也可以影响外部，相互影响着，，，，这里有一个我一直在想的问题——身体内的  湿与  津液  相对性，此消彼涨的关系，，，当然也有湿热夹杂的情况，，，津液是在热的情况下产生的，湿是在寒的情况下产生的，   如果此等问题存在的话，哪治疗病的方法，是不是也可以从这种逻辑上下手   是否可以，这样的种种疑问，，，不知道是否成立，，，谢谢解答。</p>",
      "level": 0,
      "highlight": false,
      "children": [
        {
          "id": "9b60e3e9206954d1a92e1db23a414c93",
          "author": "andy",
          "time": "2018年10月01日 22:35",
          "content": "<p>我大概了解你想說什麼，但是不知道該如何簡短的回答，寒熱、乾濕等等互相有關聯，但不是熱就有津液，也不是寒就有濕，中醫有很深入的生理病理學來探討各種因素的關聯。</p>",
          "level": 1,
          "highlight": true,
          "children": [
            {
              "id": "c39b31d163e40d146423da67c04a4403",
              "author": "lmc",
              "time": "2018年10月02日 05:54",
              "content": "<p>是的，可能生理学病理学不是很明白，所以问题也不是很专业</p>",
              "level": 2,
              "highlight": false,
              "children": []
            }
          ]
        }
      ]
    },
    {
      "id": "c8401403a27dc7b2fed3fab60e955885",
      "author": "lmc",
      "time": "2018年09月28日 16:22",
      "content": "<p>西医看到的是全身的血，中医看到的是全身的水，如果中医再看的多一点加上一些骨是不是更全面呢。</p>",
      "level": 0,
      "highlight": false,
      "children": [
        {
          "id": "3c97a7940349f97940f5578515f7b315",
          "author": "andy",
          "time": "2018年10月01日 22:37",
          "content": "<p>中醫也很重視「血」、「骨」等等，不知道你的意思為何。</p>",
          "level": 1,
          "highlight": true,
          "children": [
            {
              "id": "8471da5e2aea33102543f117d4e82b6f",
              "author": "lmc",
              "time": "2018年10月02日 05:51",
              "content": "<p>骨头的新陈代谢，会不会影响到治疗效果与否</p>",
              "level": 2,
              "highlight": false,
              "children": [
                {
                  "id": "0a81ce53333422e88202cba608a32a29",
                  "author": "lmc",
                  "time": "2018年10月03日 19:04",
                  "content": "<p>骨头的新陈代谢，会不会影响到药物的治疗效果与否</p>",
                  "level": 3,
                  "highlight": false,
                  "children": []
                },
                {
                  "id": "1988db74e32b003b11b47a55e866d768",
                  "author": "lmc",
                  "time": "2018年10月03日 23:53",
                  "content": "<p>有时候想古籍说，后天养先天，先天养后天，  每次在当别人说虚不受补的时候，我都想到了这句说，脾胃不受的时候，我都会想到肾，  想到脾是肾的入口，肾是脾的入口，才会导致东西进不去，虽说金元四大家之一李东坦说的可能有道理，可是想想，他会有没有盲区，或者哪个维度没有想到，毕竟中医博大精深，就好比小便不出，开桂枝 ，有一种提壶揭盖的作用。如果把肉体和骨相比，哪肉体为阳，骨则为阴，阴不动则阳不行，所以，培土可能还是要强肾，也可以不用药，可以用针灸，不知道对不对，只是自己的一些想法</p>",
                  "level": 3,
                  "highlight": false,
                  "children": []
                }
              ]
            },
            {
              "id": "7951a631608289150e9087e2d2cde4c8",
              "author": "lmc",
              "time": "2018年10月02日 07:16",
              "content": "<p>自己从很多古籍里面发现了，骨骼的主要性，所以才有了新的思路想要分享一下1.扁鹊与蔡恒公的故事里面扁鹊说病入骨髓，扁鹊也无力回天了，2.马王堆里面的骨头比现在很多人的骨头都硬，活着的人都骨质疏松了，说明了骨头是最后一道防线 3，老年人岁数大了，一般都怕摔，还是因为骨头，4.西医看一个人的生理年龄一般是心脏，其实骨骼才是。  想想现代人的病要比古代的病复杂的多，有可能古代经典药方很好，也要结合现代的病情变化而变化。自己领悟的不知道对不对。</p>",
              "level": 2,
              "highlight": false,
              "children": []
            }
          ]
        }
      ]
    },
    {
      "id": "56e8b7a99c1478ca7b5e5fb1a00df9af",
      "author": "JPC",
      "time": "2018年09月29日 12:03",
      "content": "<p>我是很好奇性質寒的物理或化學意義為何？有沒有推薦的閱讀資料？<br/>\n至於溫度寒他舉的例子只是基本的流體現象：溫度降低使流體黏性上升導致層厚增加。但有一點需要考量的是像我這和歐美一些地區飲用水冷的有味道很難喝，要冰一點比較沒味道，讓水變熱除非煮開讓一些水垢跑出來否則只是加成溫的味道還是不好。</p>",
      "level": 0,
      "highlight": false,
      "children": [
        {
          "id": "64ab2805f5c5e74692d3673aac7ec7b1",
          "author": "andy",
          "time": "2018年10月01日 22:48",
          "content": "<p>這是個好問題，中醫的「性寒」、「性熱」該如何在物理及化學上定義？可能得從服用後對身體的影響來探討，而非從entropy來定義。譬如吃了很多加的西瓜，即使是加熱過的西瓜，大多數人會寒瀉，我們或許可以找到某些化學成分導致如此身體反應，然而，換成石膏的寒，又是不同的化學成分而導致的「寒」，而且西瓜的寒和石膏的寒又不一樣，因此，我們得把觀察的範疇擴大，把「性寒」、「性熱」定義在對整個身體的影響。</p>\n<p>對身體健康有幫助的東西，不一定比較好吃好喝。很多人喜歡垃圾食物，因為人工調出來的味道可以非常誘人，我們只能說偶而放寬一下，享受人生，但適可而止。</p>",
          "level": 1,
          "highlight": true,
          "children": []
        }
      ]
    },
    {
      "id": "5a3ab456fcf6f54cfe8be4f638cc0178",
      "author": "新小岩",
      "time": "2018年10月02日 05:31",
      "content": "<p>说到垃圾食品，我有一个问题，想请教一下。<br/>\n有不少女士，妊娠呕吐时一般食物吃不下，麦当劳肯德基之类的却很想吃，而且能吃下去，吃后也不恶心。但是平常她们都不吃这种垃圾食品的啊。<br/>\n这是什么原因呢？<br/>\n也算是以毒攻毒吗？</p>",
      "level": 0,
      "highlight": false,
      "children": [
        {
          "id": "0341cd33824bf57ac0ed55829c709cf3",
          "author": "andy",
          "time": "2018年10月09日 14:35",
          "content": "<p>中醫認為脾臟主味覺，懷孕對身體產生額外的負擔，容易脾氣虛、水腫等等，同時胎兒也會壓迫到內臟，因此，孕婦的味覺會改變，導致對某些食物的喜好或厭惡，每一個孕婦的反應會不太一樣，但是，不是什麼以毒攻毒。</p>",
          "level": 1,
          "highlight": true,
          "children": [
            {
              "id": "39158f5fdefa9ee5ba5af6805ab56eb9",
              "author": "新小岩",
              "time": "2018年10月10日 18:02",
              "content": "<p>多谢李博士！</p>",
              "level": 2,
              "highlight": false,
              "children": []
            },
            {
              "id": "ae8f9e1a825160de4d3317669be547e4",
              "author": "张",
              "time": "2018年10月24日 01:24",
              "content": "<p>李医生您好，看过倪师在针灸的教学视频中介绍了一种简便的预防心梗的锻炼，就是后背靠墙，并且发出“喝”的声音，我父亲有轻度心梗( 三根主动脉没有堵塞，但是血管粗细不均)，可以尝试这个方法吗?有发生栓块脱落加重堵塞血管的可能性吗?谢谢您。</p>",
              "level": 2,
              "highlight": false,
              "children": [
                {
                  "id": "9309bd2f0af2015cb3866bb7b17f23fb",
                  "author": "andy",
                  "time": "2018年10月26日 13:24",
                  "content": "<p>會有幫助，但是不一定能完全避免血管堵塞，還是得找好的中醫師看診，另外，發呵的音時，得配合「背部撞牆」的動作。</p>",
                  "level": 3,
                  "highlight": true,
                  "children": [
                    {
                      "id": "c8f0f59c24f72fc07feabf4bfc4d2de1",
                      "author": "张",
                      "time": "2018年10月31日 18:22",
                      "content": "<p>谢谢医师，后期找中医师调理，配合倪师的锻炼法</p>",
                      "level": 4,
                      "highlight": false,
                      "children": []
                    }
                  ]
                }
              ]
            }
          ]
        }
      ]
    },
    {
      "id": "bd77a05adc426687366e774d1f97466c",
      "author": "JonsonGu",
      "time": "2018年10月15日 23:33",
      "content": "<p>李医师，您好。请教下，近日读《金匮》有讲湿和水，有些疑惑。除了麻黄加术汤–处理皮表的水或湿，后面就不一样了。水或湿从不同的途径进入，湿-从皮表—肌肉–血脉，水–从皮表–肺–三焦（重点）这是不同的路径，当肺气肺阳比较足的时候，变成湿的路径进入血脉，而肺阳不足，不是湿而是水-就是停水进入肺和三焦，当然同时面对的是风邪，肺气不足和严重不足的时候，机会产生二种不同的路径进入体内，后者肺的津液和三焦的水道，变成冰棍那样（夸张一点），造成譬如水肿那样，乃至全身性的水肿。不知道这样理解是否妥当。朋友圈里闻，《就是全身水肿，生活习惯是 吃饭睡觉不规律，生活黑白颠倒，总熬夜》，在筹集30万资金治疗，西医的说法是急性白血病。因为了解很少，如果单纯的看全身水肿的问题，那么就是三焦的水道被冻住了，很多停水在里面。谢谢！</p>",
      "level": 0,
      "highlight": false,
      "children": [
        {
          "id": "76e9f1599776c5a704aee3bdac442f26",
          "author": "andy",
          "time": "2018年11月14日 22:01",
          "content": "<p>我不是很清楚你的問題是什麼，全身水腫的原因很多，不一定都是三焦水道的問題。</p>",
          "level": 1,
          "highlight": true,
          "children": []
        }
      ]
    },
    {
      "id": "89d22184e58d2d8b56d053f8ef6b24d4",
      "author": "任勇伟",
      "time": "2018年10月16日 02:41",
      "content": "<p>李医师，我的老爷88岁，身体良好，没有高血压，高血糖，吃饭好，睡眠好，就是最近百会里面疼，而且伴有轰  轰  轰里面往上冲的感觉，轰的挺明显，白天晚上都轰，也感觉头闷，走路身体沉重，常年胃疼，一直吃西药，没有头重脚轻的现象，舌头淡粉色，没有白腻苔，表面有皱纹，不怎么喝水，我用半夏白术天麻汤，生半夏12 g  白术12g  天麻12g  陈皮10g  茯苓10g    炙甘草10g    生姜三片    大枣3枚，川芎9g黄芪15g吃了5付疼有减轻，但是轰没有一点转变，我还用吴茱萸汤加附子 （腿怕冷）吃了也没啥效果，用热药，他感觉轰的更厉害，后来给吃苦药，自己感觉吃苦寒药有减轻，拍片说我堵塞的地方，但是四肢还挺灵活，头部百会也不热，大便这几天有时一天，有时俩天一次，耳朵的对应点有牙痛点，正在打耳洞的靠上点，这里可以用耳针吗？老师用你宝贵时间帮我指点一下，非常感谢。</p>",
      "level": 0,
      "highlight": false,
      "children": [
        {
          "id": "45ad1c15a0f2104b9c307edc7937d60b",
          "author": "andy",
          "time": "2018年11月14日 22:16",
          "content": "<p>雖然你列了許多病人的情況，對真的看診幫助不大，譬如「吃飯好」是什麼意思？如果在臨床看診是找到一些線索，可能會問病人味覺的敏感度、味道的喜好、吃飯前後的感覺等等，當我們深入了解病人情況時，才能真的辨證論治。不過，如果病人服熱藥頭頂百會穴更不舒服，服苦寒藥反而舒服些，大多和肝經有關，然而，並非和肝經有關就使用吴茱萸湯加減，「有關」不代表是「病源」，還是得利用更多得線索來深入辨證。</p>",
          "level": 1,
          "highlight": true,
          "children": []
        }
      ]
    },
    {
      "id": "b67ff275b89d7e78a6aeda5fde4c973f",
      "author": "阿嘻嘻",
      "time": "2018年10月18日 11:45",
      "content": "<p>其實對於科學證據這個名詞還可以加以質疑的是，他的定義為何？<br/>\n我們在矽谷很多都是念所謂理工科系的，但真正對於科學，工程與技術的定義我看大多數人也不是都了解，我也是念物理電機的<br/>\n以我們真科學人的角度來看，是對於一個觀察系統先做定義，在一個空間時間內對這個我們假設與定義的系統做觀察所做的系統反應參數的測量，對於原本假設的驗證<br/>\n這個定義其實本身有很多漏洞，因為一開始的假設與參數剔除就可能是錯的了，<br/>\n再來一定的空間時間測量，空間是多大？時間是多長？是不是conservative的系統？blablabla的，這些驗證根本就是因果的一些表徵而已。</p>\n<p>所以西醫才會錯誤百出，因為他們把對物質的那一套，用到人身上來，這是根本錯誤的<br/>\n不要說什麼，你去問一個物理系畢業的說牛頓力學跟相對論的差異在哪裡？他會說一大堆名詞<br/>\n但真正真正的關鍵點是牛頓把他的common sense變成所謂的假設，但愛因斯坦直接質疑他的common sense，<br/>\n也就是觀察座標系的直接質疑，這最後會牽涉到人的意識跟覺知的根本性質與物質的交互作用為何，可惜的是我們對這根本100%不了解<br/>\n不要說什麼，以物理來說，他也一直理論在變化跟改變中，而且真正有價值的絕對是對根本提出挑戰與質疑的<br/>\n也就是說99%所謂談科學的人士根本就不懂科學<br/>\n所以空間時間觀察一長，非線性的因子一進到系統中，他們西醫的觀察就變成昨是今非，膽固醇不對，冰敷不對blablabla都不對<br/>\n但是藥廠管他的，短時間的反應就算他實驗數據沒造假，也希望短時間內能趕快上市能賺錢就是了</p>\n<p>在以系統反應來說，中醫的系統反應是長時間整體系統反應的驗證，不是說某部位變化了，然後用某段短時間的手段來把某部位的測量值拉回來就算了<br/>\n但是物理實驗可以錯誤修正重來，人的生命可以嗎？這兩種是完全截然不同的世界可是硬是被很多不懂科學的人用一句科學打死<br/>\n所以像柯文哲說了很多葉克膜例子嗎，我記得我很驚訝的是周杰倫舞群那個女孩子的案例，可是我後來也知道那女孩在兩三年內還是死了<br/>\n西醫定義的系統跟中醫定義的系統是完全不一樣的系統  所以反應參數根本就不一樣<br/>\n你願意相信那些碳氫氧原子分子的反應  還是千年來千萬亞洲人體的整體身體反應</p>\n<p>回到這篇冰寒飲食，我是台灣人，所以小時到大吃的冰寒食物真是不勝枚舉，<br/>\n小時候台灣窮，我們大家能喝牛奶就算是好東西，冰牛奶，我也很喜歡喝各種甜加味牛奶<br/>\n問題是大概在40多歲時，後遺症才會出現，也就是上面的觀察時間你說我喝一天沒事，一星期一個月一年10年的觀察座標都沒事，就沒事了嗎？<br/>\n這個反應跟機制我們根本就不了解，所以才會有似是而非的所謂科學出現<br/>\n我前幾年運動很兇，運動完就是冰水，運動飲料，不順時而動，自以為是<br/>\n這幾年我們慢慢年紀大了，結果就是周遭運動朋友傷的傷，殘的殘，我也差點中風<br/>\n大概兩年前遵循李璧如醫師的準則過生活，很多人都以為我瘋了，但慢慢身體才恢復，<br/>\n相對的一些比我年輕的身體素質本來很強的人，慢慢出現很多問題，然後呢？他們也不願改變，就算了<br/>\n而且很多問題是忽然間的變化，就像李醫師之前講的，人的身體好像是quantized的，會忽然從某個state掉的某個state<br/>\n身體會想辦法維持在上個state的quasi state，維持不住了，就忽然整個垮掉。</p>\n<p>有病不是短時間用外力來強拉回那些數字，而是要讓身體自然回復到能平衡調整的狀態，不改變生活情緒飲食習慣無法根除真正問題<br/>\n最後我想說的是這幾年周遭親朋好友的例子來看，給西醫看真的是有去無回<br/>\n還有要分享的是我妹妹的家庭醫生，他是德州來的老西醫，但我妹夫剛開始很氣他，因為每次去他就說回家休息就好，然後說這樣他也能當醫生<br/>\n這位家醫也不贊成西醫跟疫苗，我妹現在幾年後回頭看，他很感謝這位家醫<br/>\n他的聯絡是在<br/>\nDr. Stuart Pearlman<br/>\n320 Dardanelli Ln St16<br/>\nLos Gatos CA<br/>\nUnited States<br/>\n1 (408) 866-7830</p>",
      "level": 0,
      "highlight": false,
      "children": [
        {
          "id": "94688a1c39fdfb5d2b09f0d7b4149f29",
          "author": "andy",
          "time": "2018年11月14日 22:17",
          "content": "<p>感謝你的分享！也謝謝你提供負責任的家醫資訊。</p>",
          "level": 1,
          "highlight": true,
          "children": []
        }
      ]
    },
    {
      "id": "a0ea7570e96c6fa0b08674addbd84fd9",
      "author": "C.H.Lin",
      "time": "2024年03月13日 02:39",
      "content": "<p>請問李博士，冰冷飲食會造成寒濕的累積，洗冷水澡也會造成寒濕的累積嗎?<br/>\n感謝。</p>",
      "level": 0,
      "highlight": false,
      "children": [
        {
          "id": "bd203e5e4574850ccaf569ba7b5338d2",
          "author": "李宗恩",
          "time": "2024年03月14日 14:56",
          "content": "<p>洗冷水澡，身體得消耗能量來維持體溫，至於會不會造成傷害，得看個人情況，身體強健的人，消耗一些能量後，睡一晚就恢復，身體虛弱的人，或許無法全部恢復，那就越洗越虛弱。</p>",
          "level": 1,
          "highlight": true,
          "children": [
            {
              "id": "f6b2d3fa7d182f5a8254787aa191ed94",
              "author": "C.H.Lin",
              "time": "2024年03月14日 19:40",
              "content": "<p>感謝李博士和明遠。</p>",
              "level": 2,
              "highlight": false,
              "children": []
            }
          ]
        },
        {
          "id": "373fe4f4f5a90d3877b0ffe11e3934e1",
          "author": "明遠",
          "time": "2024年03月14日 19:20",
          "content": "<p>洗冷水澡會提升抵抗力，比較不會感冒，可能是冷水會刺激心臟加速循環的緣故。以這個角度來看，反而會幫助清除寒濕。但身體差的人洗冷水澡有可能得到反效果。</p>",
          "level": 1,
          "highlight": false,
          "children": []
        }
      ]
    },
    {
      "id": "16fcb1ad506ec7b800b3e211871bacbf",
      "author": "jenny",
      "time": "2024年09月09日 22:33",
      "content": "<p>李醫師您好，想詢問，我對象，性別男<br/>\n平常觀察容易怕熱，一點熱就會流得全身是汗，手臂摸起來常常都是濕的<br/>\n大便都正常，有時甚至會一天兩次，應該是腸胃功能還可以？<br/>\n但是早上通常都比較沒有食慾，通常都會中午才有辦法正常進食<br/>\n假日也通常比較晚起，需要大量睡眠 不然會頭痛<br/>\n之前有拉他一起早起爬山，但好像沒辦法很快開機，早上會有嚴重鼻塞<br/>\n然後特別喜歡喝冰水（因為覺得很熱）舌頭通常都偏紅，不過沒有太重的口氣（沒有口臭）</p>\n<p>我個人是體質完全相反，胃比較不好，容易受寒，所以不太敢喝冰水，只有真的很口渴很熱的時後才會小喝一下<br/>\n但我本來就比較怕冷，所以我不太確定是不是身體像我對象一樣，容易燥熱的人<br/>\n是否不適合大在熱天喝溫熱水（台灣７８月的時候）<br/>\n是不是他就是會比較適合喝冰水呢？（理解醫生在文章裡頭說，喝冰水會好能來降溫，但不確定是否都通用所有體質的人）<br/>\n感覺要勉強他喝冰水也應該會很痛苦<br/>\n此外個人也覺得他這樣容易流汗是不是津液留不住？也是身體失衡的一種現象？</p>\n<p>還望解惑～～</p>",
      "level": 0,
      "highlight": false,
      "children": [
        {
          "id": "54272213cf7359e2461bcec005c3a1e2",
          "author": "李宗恩",
          "time": "2024年09月19日 11:15",
          "content": "<p>我不在網上針對個案一一討論。</p>",
          "level": 1,
          "highlight": true,
          "children": []
        }
      ]
    },
    {
      "id": "c9ad48e2a418308ee78fb232c98b7994",
      "author": "czc",
      "time": "2024年09月10日 23:27",
      "content": "<p>为什么日本人也喝冰水，却没有以上的问题（肥胖 老的快）</p>",
      "level": 0,
      "highlight": false,
      "children": [
        {
          "id": "a59d79b100443dd616306ba1fa0f9494",
          "author": "李宗恩",
          "time": "2024年09月19日 11:19",
          "content": "<p>誰說日本人沒有這樣的問題？</p>",
          "level": 1,
          "highlight": true,
          "children": []
        }
      ]
    }
  ],
  "page": 34,
  "order": 9,
  "filename": "data\\page34\\page34_order8_0a81ce53333422e88202cba608a32a29.json"
}