{
  "article_url": "https://andylee.pro/wp/?p=5396",
  "title": "美洲中國工程師學會 中醫概論短期課程",
  "content": "<p>幾年前應美洲中國工程師學會（<a href=\"http://www.cie-sf.org\">www.cie-sf.org</a>）的邀請，開設了中醫概論短期課程（<a href=\"https://andylee.pro/wp/?page_id=1230\">https://andylee.pro/wp/?page_id=1230</a>），八堂課，反應很好，很快的又開了第二梯次，也是八堂課，反應也非常熱絡。那個時候答應每隔一陣子就開一梯次不同主題的中醫課程，讓矽谷科技人多了解中醫。然而，事情忙碌，美洲中國工程師學會詢問了好幾次，都因為我個人行程排不出來而無法繼續舉辦。這屆中工會會長及理事們又再度提起這件事，都是老朋友了，我也實在不好意思再不為中工會貢獻一些心力，畢竟我也擔任過兩屆的理事。這次折衷的方案是先教四堂課，看參加學員的背景及興趣，再決定下一梯次的主題及時間，我們還是希望能變成一個常規性的中醫課程，提升中醫在美國科技及工程界的發展。</p>\n<p><strong>時間：</strong>4/11，4/25，5/9，5/23 （每隔一週的週四）7pm~9pm (6:30pm 開始登記及晚餐）</p>\n<p><strong>地點：</strong>台灣工業研究院北美分公司 – ITRI International (USA), 2870 Zanker Rd, #140, San Jose, CA 95134</p>\n<p><strong>費用：</strong>CIE Member $20 / Non-member $40 （包含四次的晚餐及飲料）</p>\n<p><strong>報名：</strong><a href=\"https://www.eventbrite.com/e/cie-sf-chinese-medicine-short-course-tickets-58611453435\">https://www.eventbrite.com/e/cie-sf-chinese-medicine-short-course-tickets-58611453435</a></p>\n<p><strong>課程介紹：</strong></p>\n<p style=\"font-weight: 400;\">近幾年來，中醫在世界各地快速發展，中醫藥產業總值大幅成長，受到許多國家及主流醫療體系的關注。世界衛生組織WHO於2018年正式把三千多個中醫症狀及診斷列入ICD-11(International Classification of Diseases)，為中醫融入主流醫學做準備。中國國務院於2016年頒布「中醫藥發展戰略規劃綱要」，把中醫藥發展列為未來15年（2016～2030）國家發展的重大核心政策，大力推展中醫藥臨床應用外，亦強調利用互聯網、大數據、人工智能等高科技來提升傳統中醫藥產業，並計畫訓練15萬名西醫轉化為中醫， 積極普及中醫到各個省市鎮村，並輸出到世界。</p>\n<p style=\"font-weight: 400;\">面對如此大的轉變與商機，你對中醫的了解有多少？中醫就只是養養生、哪裡痛哪裡針灸拔罐、吃什麼補什麼？還是高談闊論的讓人覺得玄而又玄、虛無飄渺？中醫真的能治療重症、急症嗎？坊間似是而非、誇大不實的宣傳，你又能分辨多少？美洲中國工程師學會舊金山分會特地舉辦中醫概論短期課程，介紹正統中醫的基本概念， 以科學精神及臨床實證來認識中醫，讓學員們有正確的開端。</p>\n<p style=\"font-weight: 400;\">講師李宗恩博士，原本為高科技企業管理人及投資人，史丹佛大學電機工程博士、柏克萊加大MBA。因父親罹患肝癌而進入醫學領域，師承中醫經方大師倪海廈，並成為其指定傳人，以治療重症、急症、特殊複雜疾病臨床療效卓越聞名，受邀到各地醫療機構教學演講及指導中西醫師，為中國醫藥大學五十週年慶主講、廣州中醫藥大學大型醫學研討會特邀大師級專家、國際醫藥大學博士院博士生導師等。李博士並致力於高科技與醫學的結合，為最早推動中醫大數據分析及人工智能化的專家之一，曾擔任史丹佛大學訪問學者、台灣工業研究院顧問、北京市政府醫療資訊專家顧問等。李博士的部落格為<a data-saferedirecturl=\"https://www.google.com/url?q=http://www.DrLee.us&amp;source=gmail&amp;ust=1552686328191000&amp;usg=AFQjCNEhhy39OiL3un79zhD5izxs5FztvA\" href=\"http://www.drlee.us/\">www.DrLee.us</a>，臉書網頁「<a href=\"https://www.facebook.com/classicmedicine/\">當張仲景遇上史丹佛</a>」。</p>\n<p><strong>美洲中國工程師學會：</strong></p>\n<p>美洲中國工程師學會（Chinese Institute of Engineers），於1917 年由中國近代鐵路建設功臣詹天佑、凌鴻勛等20多位留美學者和工程師在美國康奈爾大學成立，是北美歷史最悠久、最具聲譽、影響最大的非營利、非政治性的華人學者組織。目前全美有紐約、舊金山、西雅圖、達拉斯、新墨西哥、洛杉磯、及環保協會等七個分會，涵蓋土木、電機、電腦、信息科技、機械、化學、環境、生物醫學、及再生能源等工程領域。全美共一萬多名會員，具有各領域專家與學者，遍及工程界、學術界及研究機構，對美國工程科技做出巨大貢獻。在國際上，美洲中國工程師學會自1966年起，每兩年在台灣舉辦一次「近代工程技術討論會」，組織有關專家訪問台灣，對產業發展方向及技術創新給予諮詢並提出解決方案，對台灣工業技術進步、經濟轉型和台灣新竹高新技術園區的建立和發展，都起了非常重要的作用。1992年，中國國家外國專家局以中國國際人才交流協會名義與美洲中國工程師學會簽署合作協議，每兩年在中國舉辦一次工程技術研討會，旨在為中美工程技術人員開展技術交流，解決中方企業技術難題搭建平台。中美工程技術研討會已成功舉辦九屆，共有600名外方專家和1800名中方專家參會，共提出近1000條技術創新和企業發展建議。中國方面先後有科技、信息產業、經貿、環保、工程、教育等政府部門參加。中國石油、寶鋼集團、中國電信、中國網通、北大方正、青島海爾、聯想集團和華北製藥集團等130多家國有大中型企業、民營企業和科研機構分別參加過各次研討會。</p>\n<p> </p>",
  "article_time": "2019年03月14日 20:53",
  "comments": [
    {
      "id": "a07b6409f3134649ae99dd405ca64850",
      "author": "Oboe",
      "time": "2019年03月17日 06:00",
      "content": "<p>很好的機會。多謝李醫師。<br/>\n希望以後在波士頓也有機會。</p>",
      "level": 0,
      "highlight": false,
      "children": [
        {
          "id": "34d815bd135cc2d68dfdd6f96a48062f",
          "author": "andy",
          "time": "2019年03月17日 15:39",
          "content": "<p>我在哈佛大學待過一個暑假，挺喜歡波士頓.</p>",
          "level": 1,
          "highlight": true,
          "children": []
        }
      ]
    },
    {
      "id": "1b59f5fb84168e4a27f77fc86f00e487",
      "author": "小宝宝",
      "time": "2019年03月17日 06:43",
      "content": "<p>昨日看到李博士的这篇文章就去倪师弟弟的群里分享了下，结果被从群里踢了出来。莫名其妙的很，说成我做广告了。<br/>\n好东西就应该分享的。</p>",
      "level": 0,
      "highlight": false,
      "children": [
        {
          "id": "f5dc39d86644248991ed57a98fcfff24",
          "author": "andy",
          "time": "2019年03月17日 22:31",
          "content": "<p>每個人有不一樣的想法，我們只能尊重別人的想法，而為自己做出自己的選擇。</p>",
          "level": 1,
          "highlight": true,
          "children": [
            {
              "id": "5dcbc8ea70cd28aa04ed595f298fb83f",
              "author": "小宝宝",
              "time": "2019年03月31日 06:54",
              "content": "<p>麻烦李医生问李医生个事情，我朋友的妈妈，70岁，心律不齐，吃了两小包日买的炙甘草汤之后，就开始尿血，老人家没有膀胱和肾的问题。不知道这种情况是不是药物引起的。</p>",
              "level": 2,
              "highlight": false,
              "children": [
                {
                  "id": "b8bcd28dad6a4fad159f72bfc8aa9376",
                  "author": "ET",
                  "time": "2019年04月03日 19:51",
                  "content": "<p>炙甘草汤是“虚劳”用的补剂，个人认为不会造成出血，里面的生地黄和阿胶都有止血的作用。所以具体还是要看买的药到底是怎样的、质量如何。目前中药市场质量问题很大，病人要慎重选择中药行。<br/>\n另外，不建议心律不齐就用炙甘草汤，要整体看。</p>",
                  "level": 3,
                  "highlight": false,
                  "children": [
                    {
                      "id": "e66ceae5ef84ff0d2428f0273fe1528a",
                      "author": "小宝宝",
                      "time": "2019年04月08日 21:57",
                      "content": "<p>谢谢</p>",
                      "level": 4,
                      "highlight": false,
                      "children": []
                    }
                  ]
                },
                {
                  "id": "121a293a9d6514ef6c56f95f606dbe3e",
                  "author": "andy",
                  "time": "2019年04月08日 21:04",
                  "content": "<p>不要自己隨便服用中藥方劑，並不是心律不整就服用炙甘草湯，還是得深入探討背後的原因，才能真的治療好。血尿有許多可能的原因，一般西醫所謂的腎結石、尿道發炎等等，中醫得辨證論治。至於，是不是炙甘草湯引起的，這是有可能的，然而，「引起」不一定是指「被它害的」，炙甘草湯強心，心臟強了，有時會讓一些潛在的問題浮現出來。總之，你得讓病人去看功力好的中醫師，而不是自己亂猜測。</p>",
                  "level": 3,
                  "highlight": true,
                  "children": []
                }
              ]
            }
          ]
        }
      ]
    },
    {
      "id": "2c8692b5776d365115f3838e3756083c",
      "author": "schou0712",
      "time": "2019年03月18日 15:24",
      "content": "<p>有agenda嗎?</p>",
      "level": 0,
      "highlight": false,
      "children": [
        {
          "id": "06075b3da84dc965356f44be329ed763",
          "author": "andy",
          "time": "2019年03月18日 20:06",
          "content": "<p>還沒有完全決定應該包含哪些部份，會從前兩屆的教材改編出來，然而，四堂課很短，又不能只是很淺的介紹一下，總是希望學員們能真的有所收獲，所以，我還在思考有沒有什麼比較有創意的方式來教這次短期課程。</p>",
          "level": 1,
          "highlight": true,
          "children": []
        }
      ]
    },
    {
      "id": "588027c8d66a469ef0230eb568d1997a",
      "author": "joseph",
      "time": "2019年03月22日 12:10",
      "content": "<p>很高興看到李博士的教學, 感謝你和倪老師的無私分享, 我只是位正在嘗試中醫調養的病患, 謝謝你們的醍醐灌頂, 讓沒有中醫基礎的我能有科學推論的入門, 我有一點小小的發現, 你的”中醫人體模型基礎”畫的真棒, 有一點沒對稱恰可合併六經辯證, 始於太陽(右中); 往下陽明; 往上少陽; 再繞道左下太陰; 上至少陰; 再上厥陰. 這樣就可合併成一張圖, 不知對否?</p>",
      "level": 0,
      "highlight": false,
      "children": [
        {
          "id": "0ed0a8d70007d36d3ec4dbb3daa8c811",
          "author": "andy",
          "time": "2019年03月22日 09:49",
          "content": "<p>你的建議很好，通常我會用另一個圖來解釋六經傳變，免得初學者看得眼花撩亂，不過，這樣擺在一起，挺有意義的。</p>",
          "level": 1,
          "highlight": true,
          "children": []
        }
      ]
    },
    {
      "id": "187b3add5d27e18af479b1ccb98beeeb",
      "author": "內經初學者",
      "time": "2019年03月24日 21:40",
      "content": "<p>李醫生:</p>\n<p>我也想知道次短期課程包含哪些部份。 （agenda）。</p>\n<p>又，我看過前幾期的《中醫概論短期課程》，對“水的循環”感興趣，根據我看到的倪海廈先生講解的《黃帝內經》，那張圖上是不是缺腎水經命門進脊柱（骨髓）達到腦（髓之海）一路？</p>\n<p>我覺得這一路對治療健忘症有很大的指導意義。</p>",
      "level": 0,
      "highlight": false,
      "children": [
        {
          "id": "df6023024d67615a3e123e9705ea923e",
          "author": "andy",
          "time": "2019年03月25日 09:01",
          "content": "<p>是的，那張圖討論水在五臟六腑的循環，沒有包括奇恒之腑。不過，常常有人問到，所以，後來的版本有加入腦。</p>",
          "level": 1,
          "highlight": true,
          "children": [
            {
              "id": "c1f8cb298dcfa89c146234acfe585064",
              "author": "內經初學者",
              "time": "2019年04月09日 21:31",
              "content": "<p>李醫生:</p>\n<p>註冊了中醫概論短期課程，到時候見！</p>",
              "level": 2,
              "highlight": false,
              "children": [
                {
                  "id": "0594389789930a1cf942d68777d24dca",
                  "author": "内经初学者",
                  "time": "2019年04月13日 12:28",
                  "content": "<p>李醫生  ：</p>\n<p>謝謝您主講中醫概論短期課程。</p>\n<p>所謂“陽”，是能夠改變物質的能量；所謂“陰”，是能夠儲存能量的物質。您的這個解釋，更能讓現代民眾了解中醫理論。謝謝您的努力！</p>\n<p>那麼，這個“物質” 是什麼？怎麼才可以轉換成“能量”？ 在倪海廈先生講解的《黃帝內經 。逆調論篇第三十四》中（原文：陰氣少而陽氣盛），倪先生：陰津液不足而陽熱氣過盛。</p>\n<p>再套用”水的循環”模型，我們是不是可以這麼理解：中醫／藥是讓人體的陰津液和陽熱氣能夠被順利地生產、儲存、運輸、利用、回收等步驟理論與實踐。</p>",
                  "level": 3,
                  "highlight": false,
                  "children": [
                    {
                      "id": "e64eb3c912591287bcd6c18c6639c6b7",
                      "author": "andy",
                      "time": "2019年04月15日 09:18",
                      "content": "<p>身體上的各種看得見、摸得到的，都是「物質」，這些器官組織正常功能即是在存儲及轉化能量。</p>\n<p>「水的循環」是人體諸多系統中的一個，身體內還有很多其它的系統來一起合作。中醫藥的功能是把偏離正常運作的身體來回到正常運作的狀態。</p>",
                      "level": 4,
                      "highlight": true,
                      "children": []
                    }
                  ]
                },
                {
                  "id": "f272acf7ca28b6f5e0ca362b6100d3ed",
                  "author": "內經初學者",
                  "time": "2019年04月17日 10:17",
                  "content": "<p>李醫生 ：</p>\n<p>我想您說得對， 「水的循環」是人體諸多系統中的一個，身體內還有很多其它的系統來一起合作。</p>\n<p>那麼“很多其它的系統” 有哪些，您能指點一、二嗎？也許在今後的學習中我們會更細心去尋找、體會。</p>\n<p>倪海廈先生總是說，學中醫要會“悟”，不知什麼時候會得“悟”。</p>",
                  "level": 3,
                  "highlight": false,
                  "children": [
                    {
                      "id": "dcbf66ea90b98971168508fec3ce7fcf",
                      "author": "andy",
                      "time": "2019年04月18日 11:58",
                      "content": "<p>你的問題，我們上課時討論。</p>",
                      "level": 4,
                      "highlight": true,
                      "children": []
                    }
                  ]
                }
              ]
            }
          ]
        }
      ]
    },
    {
      "id": "9e211aeb346681e0566f84ef8cc97b39",
      "author": "內經初学者",
      "time": "2019年03月28日 10:26",
      "content": "<p>李醫生:</p>\n<p>我很想知道有這樣的課程或講座：<br/>\n五行（五臟六腑）因風、寒、暑、濕、燥、熱而得病及症狀（瘧，痺，疝，萎等），然後用針灸、藥物（經方）來治療相應的病症……。</p>\n<p>因為只學到倪海廈先生講解的《黃帝內經》第五十篇左右，只有這麼些想法， 不知對否？</p>",
      "level": 0,
      "highlight": false,
      "children": [
        {
          "id": "f3a497b1d862f07fe5cd8a0bc51bc483",
          "author": "JonsonKu",
          "time": "2019年03月29日 01:08",
          "content": "<p>內經其實有講過，臟腑受風、寒、暑、濕、燥、熱而得病及症狀，只是散落在各個篇幅中，需要自己去整理出來。好比“熱論”，就是外邪入內，臟腑的反應情況，了解了病的源頭，再看本草經，那麼處方渾然天成</p>",
          "level": 1,
          "highlight": false,
          "children": []
        }
      ]
    },
    {
      "id": "85fdee694a5ce7b890ab6beafac06f32",
      "author": "內經初學者",
      "time": "2019年03月30日 11:03",
      "content": "<p>JonsonKu: 谢谢你！ </p>\n<p>请问你有没有这样的整理好的笔记（如“熱論”等）可以分享的？</p>\n<p>我整理了倪海廈先生講解的《黃帝內經》中有关“水的循環”的笔记，如果需要可以分享。</p>",
      "level": 0,
      "highlight": false,
      "children": [
        {
          "id": "76ab2b210dba2f2e4dc6c231cfef2887",
          "author": "JonsonKu",
          "time": "2019年04月02日 03:49",
          "content": "<p>谢谢您。内经还在研习中，等全部读完后，再整理。</p>",
          "level": 1,
          "highlight": false,
          "children": []
        }
      ]
    },
    {
      "id": "4eb181d7514ea618a8d4afcfe33af0b7",
      "author": "ieitZYB",
      "time": "2019年04月09日 21:31",
      "content": "<p>「引起」不一定是指「被它害的」<br/>\n这个意识相当要紧！</p>",
      "level": 0,
      "highlight": false,
      "children": []
    },
    {
      "id": "0b72a1ba393b9f53db78c55f6067ee35",
      "author": "JonsonKu",
      "time": "2019年04月11日 03:48",
      "content": "<p>李医师，近几天发布了黑洞的照片，用卦象看，外卦是离火，内卦是坎水，合火水未济卦。上离下坎，火在水上，互不为用，为物之终结。还是老祖宗厉害哦。</p>",
      "level": 0,
      "highlight": false,
      "children": [
        {
          "id": "531e5d7e2f8d9e906895b30b57fdf97c",
          "author": "andy",
          "time": "2019年04月15日 09:05",
          "content": "<p>你是如何從照片中判定內外卦象的？</p>",
          "level": 1,
          "highlight": true,
          "children": []
        }
      ]
    },
    {
      "id": "d308e920b293e96725e96bdc7640ffab",
      "author": "Vincent.Do",
      "time": "2021年06月07日 02:55",
      "content": "<p>老師好，<br/>\n   不知這次新課程（第三次）是否有錄音或資料下載學習？謝謝</p>",
      "level": 0,
      "highlight": false,
      "children": [
        {
          "id": "a4b3d984461dee9fa5b059fa7fa0db0c",
          "author": "李宗恩",
          "time": "2021年06月07日 10:17",
          "content": "<p>那次的錄音檔有些問題，因此沒有上傳。</p>",
          "level": 1,
          "highlight": true,
          "children": []
        }
      ]
    }
  ],
  "page": 34,
  "order": 1,
  "filename": "data\\page33\\page33_order10_588027c8d66a469ef0230eb568d1997a.json"
}