{
  "article_url": "https://andylee.pro/wp/?p=7388",
  "title": "通許第三位新冠肺炎病人痊癒出院",
  "content": "<p>昨天，通許人民醫院接收的第三位新冠肺炎確診病人，經由基因核酸檢測兩次陰性及專家會診評估，確定痊癒，已經順利出院。我們接收到四位新冠肺炎確診病人，用中藥治療、西醫檢測，目前已經成功治癒出院三位，療效卓越、快速、便宜。</p>\n<p>這個第三位確診病人，我特別關注，治療中間起起伏伏，需要我直接用視頻為病人遠程看診，而非僅僅從旁指導。因此，我們來簡單討論以下這個新冠肺炎病例。</p>\n<p>病人，華人，男，30多歲。1月19日晚間11pm，搭一個多小時高鐵從武漢回到家後，吃完東西入睡。睡覺到半夜，覺得胸悶有氣，咳嗽，有痰。隔天早上，擔心是新冠肺炎，趕緊去看醫生，被認為是咽喉發炎，給予消炎片，病人服用後症狀減輕，以為沒事了。1月24日，出現低燒37.7攝氏度，再次到西醫院看診，給予抗生素，病人服用後燒退，又好像沒事了。1月29日，病人再度發燒38.5～39.5攝氏度，胸悶嚴重，無法正常呼吸及說話，緊急進入通許人民醫院感染科就診，肺部CT影像異常，肺部發炎症狀明顯。隨即進入隔離區，取樣上報，做基因核酸檢測，確診為新冠肺炎。</p>\n<p>湯主任、娄副院長及他們的醫療團隊，根據治療前兩位確診病例的經驗，給予病人大青龍湯、射干麻黃湯、澤漆湯、茯苓四逆湯等不同的加減組合。然而，病人燒退後，幾個小時又開始發燒，反反覆覆數次。幾天後，肺部CT影像惡化，湯主任及娄副院長緊急連絡我，需要我直接幫病人看診。</p>\n<p>經過視頻看診，我認為有幾個癥結，導致治療的膠著。病人體格胖大，中下焦寒濕。得到肺炎後，心肺功能更加衰弱，肺津液不足。同時，中下焦寒濕，阻隔肺氣下行，也讓腎無法順利納氣。因此，除了原本使用大青龍湯、射干麻黃湯等方劑的思維外，還得一併處理這些問題，病情才得以改善。於是，我開了一個藥方：</p>\n<p>射干9克  麻黃12克  紫菀9克  款冬花9克</p>\n<p>生半夏9克   生薑4片   細辛9克   葶藶子6克</p>\n<p>炮附子9克    石膏30克  知母15克  炙甘草9克   </p>\n<p>炙黃耆18克   黨參12克   麥門冬18克  紅棗15克</p>\n<p>九碗水煮成三碗，一次一碗，一天2～3次</p>\n<p>這個藥方，比病人之前服用的藥方輕許多。也就是說，情況複雜，不代表需要使用甘遂等更強的中藥，高燒不退，也不表示得使用更大劑量的石膏，而是得多考慮一些細節。這個藥方，除了射干麻黃湯加石膏外，有幾個重點。首先，得減少病人中下焦寒濕，加了炮附子，配合原本有的麻黃和細辛，為典型麻黃附子細辛湯的用意。第二，為了強肺氣，加了黃耆和黨參，不過，既然病人心臟也弱，把黃耆改成炙黃耆，炙過的黃耆有苦味，入心，兼顧心肺，而不再加入生附子等重藥來強心。第三，加入麥門冬來增加肺的津液，麥門冬和石膏的用處是不一樣的。第四，沒有選用澤漆湯內的大戟，而是用葶藶子，因為大戟比較偏向去肺部四周的積液，葶藶子比較偏向去肺部下方的膿痰，比較對應這位病人的咳嗽聲音及其它症狀。</p>\n<p>服用這個藥方後，病人很快退燒，沒有再發燒，肺部CT影像好轉。本來預期這週末進行基因核酸檢測，但病人進步快速，結果提前將近一週做基因核酸檢測，昨天病人已經痊癒出院了。</p>\n<p>另外， 發生了一個小插曲，第四位病人為後收的病人，本來預期可以和第三位病人同時治癒出院。然而，第四位病人被隔離幾天後，精神狀態出現問題，開始哭鬧，不吃不喝，也完全不配合醫生的治療來服用中藥。其實，這也不能怪病人，被強制隔離，不知道什麼時候可以出院，甚至不知道會不會死在醫院，每天看到的醫療人員都好像外星人，全身都防護服包的緊緊的，連醫生是男是女、長的怎麼樣都看不清楚，更別說建立病人對醫生的信任，心情低落、沮喪、無助，是可以理解的。這幾天看到其他確診病人出院了，這位病人心情才慢慢好轉，願意配合醫生的治療來服用中藥，目前預期一週左右可以基因核酸檢測。不過，這樣的情況，正好成為我們一個非正式的「比較組」，把第四位病人和其他三位病人做比較，驗證沒有使用中藥是無法如此快速痊癒的。</p>\n<p>开封网：【我们始终在一起】通许县第3例新冠肺炎患者出院 <a href=\"http://news.kf.cn/2020/0215/434580.shtml\">http://news.kf.cn/2020/0215/434580.shtml</a></p>\n<p>开封市人民政府：疫情最新通报<a href=\"http://kaifeng.gov.cn/sitegroup/root/html/8a28897b41c065e20141c3f8db4205fa/921e22e6c6b0428386fe12ac089ad754.html\">http://kaifeng.gov.cn/sitegroup/root/html/8a28897b41c065e20141c3f8db4205fa/921e22e6c6b0428386fe12ac089ad754.html</a></p>\n<figure class=\"wp-block-image\"><img alt=\"\" class=\"wp-image-7407\" decoding=\"async\" fetchpriority=\"high\" height=\"720\" sizes=\"(max-width: 766px) 100vw, 766px\" src=\"https://andylee.pro/wp/wp-content/uploads/2020/02/Screen-Shot-2020-02-13-at-10.28.53-PM.png\" srcset=\"https://andylee.pro/wp/wp-content/uploads/2020/02/Screen-Shot-2020-02-13-at-10.28.53-PM.png 766w, https://andylee.pro/wp/wp-content/uploads/2020/02/Screen-Shot-2020-02-13-at-10.28.53-PM-300x282.png 300w\" width=\"766\"/></figure>",
  "article_time": "2020年02月13日 17:23",
  "comments": [
    {
      "id": "e745a2c2e9cd5bc199bf3a3dfda688bf",
      "author": "Oboe",
      "time": "2020年02月13日 18:22",
      "content": "<p>細節很有幫助！</p>",
      "level": 0,
      "highlight": false,
      "children": []
    },
    {
      "id": "c3768826a8cdb55c3edac5ee543e08c0",
      "author": "hide77625",
      "time": "2020年02月13日 19:21",
      "content": "<p>強制隔離只有水平low到一定程度的医学才会这么搞，基本的人性都不懂，还谈什么治病救人哦。别说病人被強制隔離会精神状态出现问题了，把健健康康的人强制关起来那么久也会憋出问题的。</p>",
      "level": 0,
      "highlight": false,
      "children": []
    },
    {
      "id": "bbd0c7ea34287cd862dc2d2bfa14fba8",
      "author": "王彦强",
      "time": "2020年02月13日 20:15",
      "content": "<p>李医生你好!武汉遭遇新型肺炎疫情，是武汉人民的不幸。国家卫健委对此次肺炎有了统一命名，汇报给李医师武汉病毒感染的肺炎统一称谓<br/>\n为新型冠状病毒肺炎”简称新冠肺炎”,<br/>\n英文名为“ Novelcoronaviruspneumonia”,<br/>\n简称为“NCP”。</p>",
      "level": 0,
      "highlight": false,
      "children": [
        {
          "id": "13379e65dcae47de991c0879e6fecc9b",
          "author": "andy",
          "time": "2020年02月13日 20:38",
          "content": "<p>我知道，謝謝你告訴我。講武漢肺炎，一般人比較有感覺，大部分人交談還是用武漢肺炎為多。WHO正式命名這個病毒為COVID-19。</p>",
          "level": 1,
          "highlight": true,
          "children": [
            {
              "id": "133400cc29bacaad030b1cc6e8be3d2f",
              "author": "李晨",
              "time": "2020年02月14日 05:29",
              "content": "<p>美国那边一钱等于中国中药的几克？</p>",
              "level": 2,
              "highlight": false,
              "children": [
                {
                  "id": "31c82164915c460455edd54e12e904e9",
                  "author": "andy",
                  "time": "2020年02月14日 11:13",
                  "content": "<p>我習慣直接開「克」，這樣才不會因為每個人對「錢」的理解不同而造成劑量偏差。</p>",
                  "level": 3,
                  "highlight": true,
                  "children": []
                }
              ]
            }
          ]
        }
      ]
    },
    {
      "id": "a40bca3d29ea6140c0e968af0a6a6f59",
      "author": "hees",
      "time": "2020年02月14日 01:45",
      "content": "<p>这个理论上属于太阳阳明病么？</p>",
      "level": 0,
      "highlight": false,
      "children": [
        {
          "id": "e78214a18b78e2b7fab7789a68fbd819",
          "author": "hees",
          "time": "2020年02月14日 01:52",
          "content": "<p>下焦寒湿，用炮附子温肾阳，下焦的湿尚不明白如何去掉的。生姜细辛排水有些作用。会不会五苓散——藿香等也会有帮助？谢谢</p>",
          "level": 1,
          "highlight": false,
          "children": [
            {
              "id": "53aeb254a45f80b4abea1457ac8f46f7",
              "author": "andy",
              "time": "2020年02月14日 11:11",
              "content": "<p>我沒有特別加去中下焦濕的藥材，中下焦濕很難在短時間內去掉，這裡用熱藥來減少中下焦的阻隔及溫腎，重點還是放在肺家。</p>",
              "level": 2,
              "highlight": true,
              "children": [
                {
                  "id": "258b540b00a6dbfe5adf77a179789dcf",
                  "author": "刘剑彬",
                  "time": "2020年02月15日 17:06",
                  "content": "<p>直接加一味泽泻，走小便利湿不可以吗？</p>",
                  "level": 3,
                  "highlight": false,
                  "children": [
                    {
                      "id": "01b4100db5c086f9833229563eca9e13",
                      "author": "andy",
                      "time": "2020年02月15日 20:55",
                      "content": "<p>加澤瀉會加強利小便，但啤酒肚是不可能在一兩天內消掉的。另外，澤瀉多多少少瀉腎家，不過，這裡加澤瀉也無妨。</p>",
                      "level": 4,
                      "highlight": true,
                      "children": []
                    }
                  ]
                }
              ]
            }
          ]
        },
        {
          "id": "0d06cfdfba0d2cb0e4ee42b7524dea1f",
          "author": "andy",
          "time": "2020年02月14日 11:07",
          "content": "<p>不是。</p>",
          "level": 1,
          "highlight": true,
          "children": []
        }
      ]
    },
    {
      "id": "42a141a13203231dad9e6582307d00f2",
      "author": "倪师粉丝",
      "time": "2020年02月14日 02:55",
      "content": "<p>细节真的写得好，把病理和药性都分析的如此透彻，厉害</p>",
      "level": 0,
      "highlight": false,
      "children": [
        {
          "id": "a5c803b855ca5f379c06ab8e82b962ba",
          "author": "andy",
          "time": "2020年02月14日 11:11",
          "content": "<p>謝謝你的鼓勵及支持。</p>",
          "level": 1,
          "highlight": true,
          "children": []
        }
      ]
    },
    {
      "id": "7570c47b016912354ba410511627636d",
      "author": "陸仁賈",
      "time": "2020年02月14日 07:03",
      "content": "<p><a href=\"https://mp.weixin.qq.com/s/1rAypADqFuqgEHoIa62bhw?fbclid=IwAR07E8tA4Fev8auARse6EgZdQvegngqMHTgL540ZIsx5TCNGLyskswsAXGc\" rel=\"nofollow ugc\">https://mp.weixin.qq.com/s/1rAypADqFuqgEHoIa62bhw?fbclid=IwAR07E8tA4Fev8auARse6EgZdQvegngqMHTgL540ZIsx5TCNGLyskswsAXGc</a><br/>\n終於有個中醫為主的治療醫院了, 算是好事吧..</p>",
      "level": 0,
      "highlight": false,
      "children": [
        {
          "id": "4e24957818609233f425d6cc37253502",
          "author": "andy",
          "time": "2020年02月14日 11:14",
          "content": "<p>是，期望醫療團隊能成功幫助病人！</p>",
          "level": 1,
          "highlight": true,
          "children": []
        }
      ]
    },
    {
      "id": "095293ecfd1db196bd17219cfd42912a",
      "author": "黑砲",
      "time": "2020年02月14日 08:26",
      "content": "<p>黃帝內經（倪海廈注解）:天地四時必有常軌，陽熱之氣過長，節氣失正，必生疫病，足厥陰肝經之脈氣亦必不正。一旦如此，肝氣必阻塞於上頭部，此時必先取肝經脈氣之所行處行間穴。<br/>\n早從肝治，輕而易舉，太沖加行間倍力，即刻而愈。</p>",
      "level": 0,
      "highlight": false,
      "children": [
        {
          "id": "b1946ddf153532ffcfd935efad8f1b1c",
          "author": "andy",
          "time": "2020年02月14日 11:15",
          "content": "<p>沒有那麼單純。</p>",
          "level": 1,
          "highlight": true,
          "children": []
        },
        {
          "id": "290bc5e6ff68aec6bc0f46994a566de1",
          "author": "李晨",
          "time": "2020年02月14日 18:08",
          "content": "<p>我倒没有看见倪老师讲的这些。感觉外面流传的盗版书籍，和临床有比较大的差异。 没有看到正版是不是一样的。<br/>\n有时看到倪老师的处方和一些医案讲解。在反过来问李博士 这样是否对？得到的答案都是不一样。倪师视频里有个肝癌的病例处方25味药。</p>",
          "level": 1,
          "highlight": false,
          "children": []
        }
      ]
    },
    {
      "id": "8929156c91a95fd4a0816a56c39226f1",
      "author": "qing",
      "time": "2020年02月14日 13:33",
      "content": "<p>李医生，请教一下如果病人本来可以不用重的药（比如生附子），但是用了。会对身体有什么影响吗？</p>",
      "level": 0,
      "highlight": false,
      "children": [
        {
          "id": "be37fc6b6dda024baf43b8e2b0308e19",
          "author": "andy",
          "time": "2020年02月14日 13:48",
          "content": "<p>這得看情況，譬如沒事用大量甘遂，導致肺津液流失，很可能出問題。生附子不能生吃，但一般而言，只要劑量不要過大，一般人服用了大火煮生附子一小時後的水藥，通常沒什麼問題。當然，還是得看每個人的情況，及其它搭配的藥材。</p>",
          "level": 1,
          "highlight": true,
          "children": []
        }
      ]
    },
    {
      "id": "b6910fa9735555cb890d09e8d9289d8b",
      "author": "lmc",
      "time": "2020年02月14日 16:04",
      "content": "<p>看样子李师回归大陆不远了，倪师曾说过，中国的崛起，必将是中医的崛起，这次瘟疫可能是国运的最后一次提醒，人类科技发展太过了，人类应该静下来，想想什么是天人合一，道法自然。近三十年是科技引领人类发展，可是一场瘟疫就手足无措，可悲。   有高人预言，随着南北极冰雪融化，很多病毒会解封，恶魔将被释放，有可能对人类的又一次重创。  还有随着天气变热，昆虫，细菌繁殖周期加长，抑制时间变少，农作物有可能要绝收。等等</p>",
      "level": 0,
      "highlight": false,
      "children": [
        {
          "id": "49e73e7f812ed644c324965a3e316f1d",
          "author": "andy",
          "time": "2020年02月15日 20:47",
          "content": "<p>謝謝你的支持與鼓勵。</p>",
          "level": 1,
          "highlight": true,
          "children": []
        }
      ]
    },
    {
      "id": "8b74105dc59c5b5ad7fd4605ca24452e",
      "author": "李晨",
      "time": "2020年02月14日 18:13",
      "content": "<p>从李医生的处方看，剂量把握的很好，有规律性，都是9克。，这边的医生开的都是10克有区别。通许县的中药是在同仁堂方面进购的吗？同仁堂的中药是不是比市面上的好一点？</p>",
      "level": 0,
      "highlight": false,
      "children": [
        {
          "id": "d39581db7b76bd6e37b2f83bef5c570f",
          "author": "andy",
          "time": "2020年02月15日 20:48",
          "content": "<p>最好的中藥材出口到日韓及歐美。</p>",
          "level": 1,
          "highlight": true,
          "children": [
            {
              "id": "bc2257fcaaf7e356b8542ce6836e8286",
              "author": "李晨",
              "time": "2020年02月15日 22:50",
              "content": "<p>最好的的中药都在国外。国内只有同仁堂的中药较好一些。比如，当归四逆汤，网上和普通药店要20元，同仁堂要差不多70多元。 那我们在中国的想吃品质好的中药那里去找呢？<br/>\n有个病找好中医师也难，病患自己用药也是最后迫不得已的选择了。<br/>\n比如，我也桂林汉唐经方看过3个月，改善真的很小，后来审方，生附子达到30以上。 桂枝也30克，号称汉唐经方医生。<br/>\n后来在网站跟李医生交流，李医生说的还挺合理。 比如，肝血不足，中下焦寒湿，肺阳不足等。 为啥开始之前的那位医生想不到呢？弄的我之前借的一万元也发光了，效果也没看到多少。<br/>\n记得第一次去看病，我问医生什么方呢？ 医生说这个方你都能开出来。 我能开出来还找你干嘛？ 不就是相信你吗？<br/>\n第一次开了15付，后面就没有面诊了，微信拿一次药，要多加200元复诊费，而且药方没有改变，也没有视频。 想想中医这个行业还是很好赚钱的，最后还告知我要得癌症，出了医馆把我吓的。 难道汉唐医生就是这样的吗。</p>",
              "level": 2,
              "highlight": false,
              "children": [
                {
                  "id": "11d570a9b00c11dce236919b5b0ae2ec",
                  "author": "andy",
                  "time": "2020年02月16日 17:56",
                  "content": "<p>這樣的看診經驗，如何能讓人相信中醫？</p>",
                  "level": 3,
                  "highlight": true,
                  "children": []
                }
              ]
            }
          ]
        }
      ]
    },
    {
      "id": "6913276dcbe5dd2b8c3cec11dcaa5891",
      "author": "陸仁賈",
      "time": "2020年02月14日 21:13",
      "content": "<p><a href=\"https://mp.weixin.qq.com/s/x6V2HcKuc390Prz7ye019Q?fbclid=IwAR2kHfxzfVSd5rCkHg2yaxUJuOsXqgGJMBFkZAhMigZMJ3Um-Kx7lzPAwpw\" rel=\"nofollow ugc\">https://mp.weixin.qq.com/s/x6V2HcKuc390Prz7ye019Q?fbclid=IwAR2kHfxzfVSd5rCkHg2yaxUJuOsXqgGJMBFkZAhMigZMJ3Um-Kx7lzPAwpw</a><br/>\n“中央终于明确指出，强化中西医结合，促进中医药深度介入诊疗全过程，及时推广有效方药和中成药。</p>\n<p>突然之间，新华社、人民日报、环球时报等多家官媒迅速报道，而在此之前，除了中纪委和中国军网报道中医外，官媒措辞都非常谨慎，就连观点犀利的环球网在1月28日发表的关于中医的文章都自行删除，这背后的力量到底有多强大！”<br/>\n看來其實已經有不少地區由中醫治療，為啥沒被報導，大家可以自己猜想，不過相關單位終於出手了，算是好事</p>",
      "level": 0,
      "highlight": false,
      "children": [
        {
          "id": "8c78b68af31d0369ae450669a061bee9",
          "author": "chu",
          "time": "2020年02月15日 17:22",
          "content": "<p>文中還特別提到通許醫院的成果</p>\n<p>「值得注意的是，河南通许县人民医院采用中药预防和治疗新冠肺炎，堪称经典。</p>\n<p>通许县人民医院自1月21日收治外地反向确诊病例以来，确诊病例全部出院，全院职工无一人感染，以中医主导，西医为辅，制定了“快、准、狠”方案，这背后得益于中医大师的弟子们提供的技术指导。」</p>",
          "level": 1,
          "highlight": false,
          "children": [
            {
              "id": "3fced7883acef862bd21ad8bf4230ad5",
              "author": "chu",
              "time": "2020年02月15日 17:34",
              "content": "<p>“ 截至2月6日，河南中医参与重症患者会诊率100%，在确诊患者和出院患者中，中医药协同治疗率分别达到94%和90.7%。</p>\n<p>所有治愈率高的省份和地区，无一不是采用中医主导，以西为辅的政策，难道整个湖北省就没有一点反思吗？“</p>",
              "level": 2,
              "highlight": false,
              "children": [
                {
                  "id": "50f7f7cfb4a13556f1b403c611903b18",
                  "author": "andy",
                  "time": "2020年02月15日 20:57",
                  "content": "<p>抗疫不僅僅是醫療問題，很多複雜的非醫療問題及多方利益都綁在一起了。</p>",
                  "level": 3,
                  "highlight": true,
                  "children": []
                }
              ]
            },
            {
              "id": "302cdae467ad54bfe4cac6b7d14b2521",
              "author": "andy",
              "time": "2020年02月15日 20:56",
              "content": "<p>很感謝作者及網群的支持。</p>",
              "level": 2,
              "highlight": true,
              "children": []
            }
          ]
        },
        {
          "id": "dfe1b81c09e5bd6256081b0715b5937f",
          "author": "andy",
          "time": "2020年02月15日 20:50",
          "content": "<p>非醫療因素總是走在醫學因素的前面。</p>",
          "level": 1,
          "highlight": true,
          "children": [
            {
              "id": "8625cd4cef35b92bdf98b9cb3e8b31f8",
              "author": "chu",
              "time": "2020年02月16日 09:44",
              "content": "<p>當中國用中醫預防和治療武漢肺炎，成功的控制疾情之後，其他國家會怎麼做？<br/>\n尤其疫苗研發成功還是遙遙無期</p>",
              "level": 2,
              "highlight": false,
              "children": [
                {
                  "id": "427bc3783ba94a4fe0af8ad3f9c0e475",
                  "author": "andy",
                  "time": "2020年02月16日 18:02",
                  "content": "<p>這就得看這些國家有多相信中國大陸用中醫治癒武漢肺炎，是否還是依然冷言冷語對待中醫治療。</p>",
                  "level": 3,
                  "highlight": true,
                  "children": [
                    {
                      "id": "b1e942806fc92a0b7d2f7c98a9262438",
                      "author": "chu",
                      "time": "2020年02月16日 18:54",
                      "content": "<p>我想中醫師和藥材的缺乏也會讓他們難以複製。</p>",
                      "level": 4,
                      "highlight": false,
                      "children": []
                    }
                  ]
                }
              ]
            }
          ]
        }
      ]
    },
    {
      "id": "e8584d06caa63251d8cd9dbb42e350f7",
      "author": "Calvin",
      "time": "2020年02月15日 21:04",
      "content": "<p>醫師您好，請問寰宇新聞說院內人員喝甘草乾薑湯來保養，請問我們在這個疫情期間也可以喝來保養嗎？有何要注意，大概原理為何？我們住在台灣新竹氣候.</p>",
      "level": 0,
      "highlight": false,
      "children": [
        {
          "id": "6298a3ab718143166521a66c6296a40a",
          "author": "andy",
          "time": "2020年02月15日 21:21",
          "content": "<p><a href=\"https://andylee.pro/wp/?p=7357\" rel=\"ugc\">https://andylee.pro/wp/?p=7357</a></p>",
          "level": 1,
          "highlight": true,
          "children": [
            {
              "id": "7f4eda75816eb703855158cd967e6825",
              "author": "Calvin",
              "time": "2020年02月15日 22:13",
              "content": "<p>謝謝醫師，另外想請教醫師，我有注意經方中醫一段時間了，我本人住新竹附近園區上班，因為小孩關係，一直想找新竹或苗栗附近經方醫師但是都沒找到，大多在台北或高雄，不知道醫師是否有建議新竹苗栗附近的經方醫師可以看診？ 感恩！感恩！</p>",
              "level": 2,
              "highlight": false,
              "children": [
                {
                  "id": "c7dd080620ea440b002d32cb66181400",
                  "author": "andy",
                  "time": "2020年02月16日 17:55",
                  "content": "<p>我不清楚新竹苗栗附近的情況。</p>",
                  "level": 3,
                  "highlight": true,
                  "children": [
                    {
                      "id": "d0431254180d44bd11ca27413174c4af",
                      "author": "Calvin",
                      "time": "2020年02月16日 23:06",
                      "content": "<p>醫師，另外可以幫大家解答印度人幾乎都沒事是和他的飲食香料咖喱有關係嗎？溫熱食材。</p>\n<p>印度菜大多以洋蔥和番茄絞成泥作為基底，再加上含有薑、薑黃、大蒜、紅辣椒粉、荳蔻等馬薩拉（masala，混合香料），這些香料和基底有助促進消化、袪寒抗感冒等，長期吃印度菜，讓人增加對流感等病毒疾病的抵抗力。</p>\n<p><a href=\"https://www.ettoday.net/news/20200217/1647108.htm?from=fb_et_news\" rel=\"nofollow ugc\">https://www.ettoday.net/news/20200217/1647108.htm?from=fb_et_news</a></p>",
                      "level": 4,
                      "highlight": false,
                      "children": []
                    },
                    {
                      "id": "6d6960a3bd3d25b898c7cf6ed6ae489c",
                      "author": "andy",
                      "time": "2020年02月17日 20:11",
                      "content": "<p>印度人一直以他們不容易得流感而自豪，可能真的和他們飲食習慣有關。</p>",
                      "level": 4,
                      "highlight": true,
                      "children": []
                    }
                  ]
                }
              ]
            }
          ]
        }
      ]
    },
    {
      "id": "13483e73bb68ca6e2b240cf1d0864a43",
      "author": "shawn",
      "time": "2020年02月16日 17:59",
      "content": "<p>封面新闻武汉前方报道组</p>\n<p>由中央指导组中医药专家、中国工程院院士、天津医科大学校长张伯礼挂帅，209人中医“国家队”于2月12日进驻武汉江夏方舱医院。</p>\n<p>2月14日上午，张伯礼再次现身江夏方舱医院，并最后一次“走场”。下午17时30分，首位新冠肺炎患者被该方舱医院收治。预计当晚收治患者50人。</p>\n<p>中医治疗新冠肺炎疗效到底有多大？又是否研制出秘方？张伯礼院士接受了封面新闻记者专访。</p>\n<p>只能治轻症？</p>\n<p>封面新闻：一直传言，中医疗法只能配合对轻症患者有效，所以我们中医团队选择了方舱医院，是不是这样？</p>\n<p>张伯礼：不是。</p>\n<p>封面新闻：那该怎么理解？</p>\n<p>张伯礼：建方舱医院是落实应收尽收，应治尽治。它是一个支撑。应收尽收那么多病人，往哪儿收呢？轻症就收到这儿来了，这是分类分头施治，有效利用资源。轻症患者以往经验吃中药就能够治好，那么多病人集中收治，集中标准化治疗。这样把大医院救治床位留给重症、危重症患者。这种分类分治是一种好的治法。因此，这是“应收尽收、应治尽治”的一个抓手。不是说中医只能治疗轻症，重症患者，中药也起到了很重要的作用。</p>\n<p>参与率达85%</p>\n<p>封面新闻：为什么中医不能全面覆盖所有专攻新冠肺炎的医院？</p>\n<p>张伯礼：中医现在队伍也有限。在全国其他省市，治疗新冠肺炎，中医参与率已经达到85%了。武汉病人太集中了，有这么多病人，一下子不可能全上，尤其是在一开始的时候，还没有意识到这个问题的时候，现在才开始分类施治，不分类施治，患者那么多怎么解决啊！</p>\n<p>封面新闻：209人的“中医国家队”如何构成？</p>\n<p>张伯礼：这个团队是来自天津、江苏、河南、湖南、陕西等5个省市，成员209人，包括医生、护士，专业包括重症，呼吸科，急诊，内科，还有影像和检验。</p>\n<p>中医有秘方？</p>\n<p>封面新闻：中医医疗新冠肺炎是否有秘方？</p>\n<p>张伯礼：没有秘方，我们方子都是公开的。在江夏方舱医院，准备用国家公布的清肺排毒汤和湖北公布的方子，现在重点用这两个方子，第一批病人现在起码是这样，集中供药，集中投药。</p>\n<p>封面新闻：国家推荐是否是第五版治疗方案？</p>\n<p>张伯礼：是的。中医就是清毒排肺汤。现在在北方四省用了，疗效达到90%，武汉用了10天，效果也挺好的，大花山方舱医院将继续用。</p>\n<p>封面新闻：新冠肺炎中成药多久上市？</p>\n<p>张伯礼：关于新冠中成药，天津中医药大学和南开大学、上海药物所，以及钟南山团队正在合作。截至目前，已经发现了一些药里面有一些主份在抗病毒活性方面，防止病毒复制等等方面有比较好的前景。中成药上市还没有那么快。但我们现在已经推荐了一些中成药，像莲花清瘟、抗病毒口服液、藿香正气液等，这些都不错。我建议大家现在还是用这些已经上市的，比较成熟的中成药。</p>\n<p>封面新闻：没有病的人也可以吃？</p>\n<p>张伯礼：我们不主张没有病的人都吃药，但是你有密集接触的，现在有些不适的，应该吃一些药来控制来预防。</p>",
      "level": 0,
      "highlight": false,
      "children": [
        {
          "id": "8b27af4d0e7a18017c4409d17fd7e371",
          "author": "andy",
          "time": "2020年02月16日 18:11",
          "content": "<p>簡單而言，中國大陸還是沒有幾個中醫敢獨當一面的救治重症病人，遇到新冠肺炎重症病人，政府當局還是得以西醫治療為主，中醫只是在旁邊幫幫忙。</p>",
          "level": 1,
          "highlight": true,
          "children": [
            {
              "id": "545880bcc045c6c6afe36f63ffd0e23c",
              "author": "chu",
              "time": "2020年02月16日 18:46",
              "content": "<p>為何感覺這位張校長，院士，沒有真正治療重病的臨床經驗？<br/>\n劉弼臣講話還比較到位</p>",
              "level": 2,
              "highlight": false,
              "children": []
            }
          ]
        }
      ]
    },
    {
      "id": "e95ea617f2314fd5f59f1b78c9ae3593",
      "author": "shawn",
      "time": "2020年02月16日 20:06",
      "content": "<p>官越大讲话越谨慎。新闻报道只是参考，有时也会曲解被访问人本意。<br/>\n真正透支的是医疗资源，要专人专方跟踪确实代价比较大，按中医分类医治不妨为高效务实方法。现在看总体趋势是好的。</p>",
      "level": 0,
      "highlight": false,
      "children": [
        {
          "id": "2c6502e02e987ace94a7a7e5ff2e7c91",
          "author": "andy",
          "time": "2020年02月16日 21:05",
          "content": "<p>是的，我說的只是一個大情況，非針對某位人士。以目前的局勢看來，只要是對病人有幫助，都值得鼓勵及推展。</p>",
          "level": 1,
          "highlight": true,
          "children": []
        }
      ]
    },
    {
      "id": "952eb547821cf57b069a5ab0565cdc4f",
      "author": "david",
      "time": "2020年02月16日 22:45",
      "content": "<p>是時候讓中醫出頭了</p>\n<p>在台灣很少有這樣的機會，儘管我們知道像當初Sars封院時，那些病人依我們的經驗都是可以用中藥治好的</p>\n<p>而且快速又有效，可是愛莫能助！</p>\n<p>中醫治療流感/發燒/肺炎是非常有效的，N年前曾跟西醫們說我們治流感的標準是二天，但沒人相信，因為他們沒有一個在3天內治好病人過。所以他們不認為中醫可以辧到</p>\n<p>每個人都有選擇自己醫療的權利，但當西藥無藥可醫，無疫苗可打，你還在那管西醫中醫?  </p>\n<p>美英他們永遠不會讓中醫出頭的， 因為除了他們自己優越感，認為他們比較進步外；利益勾結永遠不會讓他們選擇對病人好的方式，而是他們如何從中得利!<br/>\n還是華人要自強才有用</p>\n<p>謝謝 Andy 和通許醫院所作的努力</p>",
      "level": 0,
      "highlight": false,
      "children": [
        {
          "id": "3f5476a228fb29908a1955c25b09157b",
          "author": "andy",
          "time": "2020年02月17日 20:10",
          "content": "<p>謝謝你的支持與鼓勵。</p>",
          "level": 1,
          "highlight": true,
          "children": []
        }
      ]
    },
    {
      "id": "f63b977ff44149098c05d461ace6b67e",
      "author": "hide77625",
      "time": "2020年02月17日 12:00",
      "content": "<p>数据说话！江西95%的确诊患者采用中西医结合治疗！<br/>\n<a href=\"https://mp.weixin.qq.com/s?__biz=MzUyMjUzMjU2Mg==&amp;mid=2247502380&amp;idx=1&amp;sn=c8a0650864e73c950ca34799bb291e5b&amp;chksm=f9c8e991cebf60877dee59cb1a166f22a97225be5466329023d284779eac46b8960c5d0a379c&amp;mpshare=1&amp;scene=1&amp;srcid=&amp;sharer_sharetime=1581925961883&amp;sharer_shareid=aa45d41584d6a499172eaa45613f564d&amp;exportkey=ATKArAMGZJbB5dgbxyzonAk%3D&amp;pass_ticket=Bb7MvJk6s%2FkYcUyAGOSkwFg%2B9Osk26lCzZpqAQCZ%2BXzPHuuEWNxYoI8CPQUog5g7#rd\" rel=\"nofollow ugc\">https://mp.weixin.qq.com/s?__biz=MzUyMjUzMjU2Mg==&amp;mid=2247502380&amp;idx=1&amp;sn=c8a0650864e73c950ca34799bb291e5b&amp;chksm=f9c8e991cebf60877dee59cb1a166f22a97225be5466329023d284779eac46b8960c5d0a379c&amp;mpshare=1&amp;scene=1&amp;srcid=&amp;sharer_sharetime=1581925961883&amp;sharer_shareid=aa45d41584d6a499172eaa45613f564d&amp;exportkey=ATKArAMGZJbB5dgbxyzonAk%3D&amp;pass_ticket=Bb7MvJk6s%2FkYcUyAGOSkwFg%2B9Osk26lCzZpqAQCZ%2BXzPHuuEWNxYoI8CPQUog5g7#rd</a></p>",
      "level": 0,
      "highlight": false,
      "children": [
        {
          "id": "af676c17667b9b480e61b597b6e1c38e",
          "author": "andy",
          "time": "2020年02月17日 20:13",
          "content": "<p>是的，中國很多地方都把中醫加入治療。</p>",
          "level": 1,
          "highlight": true,
          "children": []
        }
      ]
    },
    {
      "id": "83721fe6ac07787bb54c7a52887673be",
      "author": "谭荣文",
      "time": "2020年02月18日 21:54",
      "content": "<p>能独当一面的中医大多都在民间，而且没有护身符！我也是癌症患者，西医！化疗耐药，也找了不少中医教授。。。。现实让人无奈，只能找民间赤脚中医，幸运的是我找对了！我的微信….. (Admin:請不要做個人宣傳）</p>",
      "level": 0,
      "highlight": false,
      "children": [
        {
          "id": "2ec27629eb331116a28215a2334c4fc8",
          "author": "ieitZYB",
          "time": "2020年02月19日 03:12",
          "content": "<p>赤脚的不怕穿鞋的 ^_^，如张至顺道长，文化不高，表达和传承会差一点。教授和大学，微信和微博，我们在这里了解等，很好的传播、教育大众。如李医师说过，到现代得用市场经济方法解决问题。比如高诊费，服务小众，用小众高端人群得到的疗效后，小众去再教育大众=几何级数效果。<br/>\n赤脚用疗效说话最重要，保证不会失传（也难说，想像一下《伤寒论》如果不成文，用口传就不一样了）。无奈失望就不必了，来得太容易不会珍惜的。教授有教授的难嘛，都是为了饭碗，有余力才会多做点，考验人性前得考验个人和家庭经济能力。</p>",
          "level": 1,
          "highlight": false,
          "children": []
        }
      ]
    },
    {
      "id": "5d09bf72192a54278cc011df2d8bc6e8",
      "author": "刘剑彬",
      "time": "2020年02月21日 21:55",
      "content": "<p>尊重的李医师，您好，我是大陆福建泉州刘剑彬，这个也是我第三次给您发的邮件，我大学毕业一直用中医中药治病四年多，四年来看了30多个中医，自己也一直在学习倪老师的伤寒金匮，可是越治越严重，我的具体情况之前也有和您聊过！<br/>\n炒栀子5 淡豆豉15 姜半夏15 黄连6 干姜9 甘草6 生姜5片这个是我半个月前自己给自己开的药，结果吃了这个药不知道为什么，近半个月来饭点感觉不到饿，但是胃还是能吃下东西的。我实在没有办法了，希望您有时间可以指导一下！我愿意付指导费用，用药之后所有发生的后果我一个人承担，这个并不会涉及非法行医，我是法学本科毕业的，这个我保证，由于经济原因实在没有办法，所以只能通过这个邮件向您求助，哪怕是得到您的一点点指导，也是感激不尽！</p>",
      "level": 0,
      "highlight": false,
      "children": [
        {
          "id": "fc51975d37d57087abb74f0ebcd03295",
          "author": "andy",
          "time": "2020年02月22日 10:50",
          "content": "<p>很抱歉，診所收到很多各地來的信函，我無法一一幫忙。診所看診時間允許下遠程看診，也只限於特殊情況的重症急症病人。</p>",
          "level": 1,
          "highlight": true,
          "children": []
        }
      ]
    },
    {
      "id": "ad0c904e2b7c9a82ad86dc0fe951dcb0",
      "author": "宇",
      "time": "2025年02月06日 05:43",
      "content": "<p>李醫師您好，重新看這篇文章的用藥時發現射幹麻黃湯的五味子去掉了，是考慮到這個案例不需要收斂止咳這樣治標的藥物而只需要通過祛痰來達到止咳的功效嗎？</p>",
      "level": 0,
      "highlight": false,
      "children": [
        {
          "id": "a2b052d5e82e7b15c9738a74e5454c06",
          "author": "李宗恩",
          "time": "2025年02月10日 15:11",
          "content": "<p>可以加五味子。</p>",
          "level": 1,
          "highlight": true,
          "children": []
        }
      ]
    }
  ],
  "page": 26,
  "order": 10,
  "filename": "data\\page26\\page26_order9_e951c91cf8f10fccb4270c9248007b0f.json",
  "timestamp": 1739941113.267284
}