{
  "article_url": "https://andylee.pro/wp/?p=7135",
  "title": "闌尾炎？不是闌尾炎？",
  "content": "<p>醫學有一個和許多學科不一樣的地方，那就是無法重新複製同樣情況，改個方法來比較看看。選擇了這個治療方法，得到了這樣的結果，永遠無法知道如果當時改成另一個治療方法，會是怎麼樣的結果。我們只能找類似的病例來討論，在統計上看看有什麼蛛絲馬跡。然而，不同的病人、不同的整體健康、不同的時間與地點，再多的統計，對個案而言，也只是猜測而已。因此，從不同角度來討論一個病例，會有很不一樣的看法，尤其是那些事後諸葛的討論，可以相差十萬八千里。這個急診病例挺有意思的，拿出來跟大家討論，讓大家體會一下事後諸葛的差異。</p>\n<p>昨天週五，有一位三十多歲的女士來診所急診，她週四半夜突然下腹部從中間嚴重疼痛到右側，痛得連叫都叫不出來，全身無力，只能蜷著身體忍痛。週五早上趕緊去西醫院看診，醫生覺得很有可能是闌尾炎，很可能得馬上動手術。為了動手術，病人得先做些檢測及腹部超音波檢查，一方面確認是不是闌尾炎，另一方面決定怎麼樣來施行這個手術。</p>\n<p>Well，加州的西醫院普遍效率不佳，得排隊等待檢測及腹部超音波檢查。病人趁這個「空檔」時間來到診所，看看我能不能幫她緊急處理。</p>\n<p>嚴格來說，中醫沒有所謂的「闌尾炎」，只是借用西醫的病名來解釋給病人聽。中醫從病人各種症狀來推論，病人大腸頭盲腸的部份堵塞、糞便異物塞住闌尾。這種情況下，大多數導致西醫闌尾炎的症狀。我很快檢查了這位女病人的症狀，確實很可能對應西醫的「闌尾炎」，更重要的是，不管西醫診斷如何，中醫辨證論治的準則，決定如何治療處理。</p>\n<p>我先請診所同仁用科學中藥粉劑沖泡半杯大黃牡丹湯加減，讓病人當場服用。然後，下針闌尾點、支溝、照海、梁丘、內庭、中脘、天樞。下針20分鐘後拔針，病人下腹疼痛減輕到一半以下，臉上可以露出一些笑容了。我要病人去上廁所，試著排便，病人認為自己完全沒有便意，不可能排便。在我催促下，病人去廁所試試看，果然排便出來。病人休息片刻後，我再下第二組針，關元、足三里、上巨虛、下巨虛，由攻轉補。</p>\n<p>病人的急診算是穩定了，病人表示按壓下腹部正下方仍會有些疼痛，但整體而言，如果一開始只有這樣，根本是不會想要去看醫生的。當然，病人還不算真的完全復原了，得服用幾天的水藥來收尾。這個時候，病人不知道該不該回到西醫院，等候她的檢測及腹部超音波檢查。我半開玩笑的告訴她，去完成那些流程也沒什麼不好，只是說不定已經檢查不出闌尾炎了，正好證明中醫的療效。</p>\n<p>病人為求心安，還是回到西醫院完成她的檢測及腹部超音波檢查。果然，西醫認為她沒有闌尾炎，而超音波檢查時，另外發現她有三個卵巢囊腫。</p>\n<p>好了，問題來了。病人在診所下班前打電話回報西醫的診斷結果，我聽到診所同仁的轉告，本來想是一個不錯的急診處理，然而，接電話的診所同仁卻覺得病人好像有些疑問，似乎覺得我們是不是診斷錯誤，根本不是盲腸或闌尾的問題，已經開給她的兩付中藥，還能不能服用？</p>\n<p>我們事後諸葛的從不同角度來看這件事，憑每個人自己的喜好，可以有很不一樣的推論：</p>\n<p>（1）中醫急診很厲害，病人下腹部疼痛得如此嚴重，竟然中醫可以在半小時內讓病人疼痛大幅減輕，一下子就把闌尾炎治好了，連西醫檢查都從「得馬上動手術」變成「找不出來問題所在」。</p>\n<p>（2）中醫診斷錯誤，西醫說不是盲腸或闌尾的問題，管你中醫急診後病人症狀有什麼改變，中醫就是在胡說八道。</p>\n<p>（3）有沒有可能卵巢囊腫導致這樣的下腹部疼痛？雖然卵巢囊腫極少有如此型態的疼痛，疼痛位置也不相符，病人以前也沒有任何卵巢囊腫的徵兆，但是，既然西醫檢查出來「唯一」的異常是卵巢囊腫，應該是便秘壓迫到卵巢囊腫，而導致下腹部疼痛。中醫只是瞎貓碰到死老鼠，通了大腸，宿便不再壓迫卵巢囊腫，疼痛也就減輕了。</p>\n<p>我想，事後諸葛下還可以有很多不同的「解釋」，完全看一個人的立場與成見。身為這個病人的主治醫生，我知道哪個解釋的可能性遠遠大過其它的解釋，不過，在這裡我不深入討論，讓大家自己去探討、去爭論，這樣才能稍稍體會臨床中醫師的難處及心境。</p>\n<p></p>",
  "article_time": "2020年01月18日 15:25",
  "comments": [
    {
      "id": "e49d63382fb2d1da7ea031b9d4a4be01",
      "author": "ieitZYB",
      "time": "2020年01月18日 15:35",
      "content": "<p>治好病的医师说了算。</p>",
      "level": 0,
      "highlight": false,
      "children": [
        {
          "id": "2cdc38ed44ba21e4b5b601facc7d2de0",
          "author": "andy",
          "time": "2020年01月18日 19:25",
          "content": "<p>是的，治好病的醫生說話。</p>",
          "level": 1,
          "highlight": true,
          "children": []
        }
      ]
    },
    {
      "id": "ecef659c697f9813ddfb74407e41dfeb",
      "author": "魯豆腐",
      "time": "2020年01月18日 16:21",
      "content": "<p>假如當時Dr.李就直接告訴病人説已經幫你都清除完畢，沒問題了，再給兩包安慰劑，或許就不會有任何問題了。但是為何您還要惹塵埃呢？哎！</p>",
      "level": 0,
      "highlight": false,
      "children": [
        {
          "id": "34a674f546207bf1fc6ecc8c01100a4e",
          "author": "andy",
          "time": "2020年01月18日 19:24",
          "content": "<p>哈哈，因為我看得出來，不論我說什麼，這位病人都一定會回去做西醫檢查，這樣她才會真的放心，既然如此，又何必多說，就算是告訴她不要再回西醫院，她還是會去的。換個病人，我的回答可能會很不一樣。</p>",
          "level": 1,
          "highlight": true,
          "children": []
        }
      ]
    },
    {
      "id": "43bf9b44244031408d4d048d4ce35c6b",
      "author": "C#$@",
      "time": "2020年01月27日 02:21",
      "content": "<p>李醫師別喪氣，給您一個中醫治癒闌尾炎的醫案。我兩年前亦因闌尾發炎找中醫治療，醫生亦云如能順利排除闌尾附近沾黏的糞便，便能治癒，無須開刀。遂以科中藥粉治療，四包即見效，不僅燒退，患處也毫無疼痛之感，發病之次日便能如常上班，像沒生過病的人。此症雖未經西醫院確診為闌尾炎，但外部症狀皆吻合。因不想挨刀子，直接求助中醫，幸好醫生慈悲，沒把我推給西醫，令我相當感激。服藥過程中亦反覆質疑自己的決定，時有奔赴急診室的衝動，還好都忍了下來。同事知我求助中醫，紛紛表示不以為然，有的還勸我再到醫院檢查，常人對中醫之不信任，可見一斑。</p>",
      "level": 0,
      "highlight": false,
      "children": [
        {
          "id": "b9a1812aad3af1a3d3fd835a6ba91fd2",
          "author": "andy",
          "time": "2020年01月27日 12:09",
          "content": "<p>謝謝分享。</p>",
          "level": 1,
          "highlight": true,
          "children": []
        }
      ]
    },
    {
      "id": "e5bde0f06d52217c90019290e022bc2e",
      "author": "WangXiaotang",
      "time": "2020年02月14日 19:43",
      "content": "<p>这个主要问题是西医的所谓科技治疗，很多人对中医一直停留在只能保养这个概验，国人还是喜欢西医，主要真正好的经方家（本人是一个四五线小城市经方爱好者）在小地方太稀缺，没有快速疗效，沒说服力。</p>",
      "level": 0,
      "highlight": false,
      "children": [
        {
          "id": "9313866d900bfb6f17aa7e75b950719b",
          "author": "andy",
          "time": "2020年02月15日 20:49",
          "content": "<p>中醫本科及研究生的培養方式得大幅改進。</p>",
          "level": 1,
          "highlight": true,
          "children": [
            {
              "id": "74eab1696407932829a620e30100c27a",
              "author": "WangXiaotang",
              "time": "2020年02月16日 05:44",
              "content": "<p>李医师，可能我太悲观，目前教育体制下培养出来本科和研究生，挺困难的，我本人的咳嗽看了很多个医生也好不了，不过也由于这样才关注了倪师，知道还有这样一剂知二剂已在武侠中才存在的医圣，可是现实医院都是西式连中医也是西式。</p>",
              "level": 2,
              "highlight": false,
              "children": [
                {
                  "id": "72bc2a38d76582b083fa25a66cd18ba0",
                  "author": "andy",
                  "time": "2020年02月16日 17:59",
                  "content": "<p>現在很多「中醫專家」只是在做科研、寫論文來升等、當官，臨床治病功力差，卻主管了很多中醫的政策及教育制度。</p>",
                  "level": 3,
                  "highlight": true,
                  "children": []
                }
              ]
            }
          ]
        }
      ]
    },
    {
      "id": "95f847b06034415c63eb25e6b20c50b1",
      "author": "AC",
      "time": "2021年06月11日 17:41",
      "content": "<p>这位病人真是太幸运有好医缘遇上李医师。十几年前，我患上急性阑尾炎，之后更因阑尾破裂而必须开刀做切除及清理，之后如果吃了些不好消化的食物就觉得肚子右下部會脹痛，经过按摩疏通该部位，排气后就好很多。因此，我必须注意饮食，不可乱吃。我真心觉得如果可以遇到好的中医师真是太幸運了。</p>",
      "level": 0,
      "highlight": false,
      "children": [
        {
          "id": "3678b5f7c7bd4d4680392f9fea228496",
          "author": "李宗恩",
          "time": "2021年06月20日 16:55",
          "content": "<p>謝謝你的支持及鼓勵。</p>",
          "level": 1,
          "highlight": true,
          "children": []
        }
      ]
    },
    {
      "id": "3de2be0d67333f66d5aa99b8f5b32fef",
      "author": "Jacky",
      "time": "2024年04月22日 17:49",
      "content": "<p>我也比較喜歡中醫的治療手法。不是一有問題就把有問題的地方拿掉，切除！希望有更多上醫，那就好了！</p>",
      "level": 0,
      "highlight": false,
      "children": []
    },
    {
      "id": "2c2b1dca807fe59b5ab3419c721ea3b8",
      "author": "jim 吳",
      "time": "2024年08月08日 12:35",
      "content": "<p>不知後來病人有無回診，確認闌尾部位不再疼痛?</p>",
      "level": 0,
      "highlight": false,
      "children": [
        {
          "id": "c0290b224e906d26b8449831bc29313e",
          "author": "李宗恩",
          "time": "2024年08月17日 17:03",
          "content": "<p>沒有再疼痛。</p>",
          "level": 1,
          "highlight": true,
          "children": []
        }
      ]
    }
  ],
  "page": 26,
  "order": 2,
  "filename": "data\\page26\\page26_order1_2cdc38ed44ba21e4b5b601facc7d2de0.json"
}