{
  "article_url": "https://andylee.pro/wp/?p=7508",
  "title": "中醫最大的問題是騙子太多",
  "content": "<p>新冠肺炎疫情在世界各地爆發，越來越嚴重，中國湖北的疫情也還沒有減緩的趨勢，導致到處人心惶惶，對現代醫學新藥研發不及疫情速度感到無奈。另一方面，中國各省市大幅啟用中醫藥，無論是中醫主治還是中西醫結合，很多地方都傳出很好的治療效果，反應中醫藥確實可以幫助抵抗新冠肺炎疫情，這讓很多中醫師及中醫愛好者非常振奮，似乎終於有了什麼證據來證明中醫的療效。</p>\n<p>然而，網路上也出現了非常多的「神醫」、「大師」，利用新冠肺炎疫情來宣傳自己，無上限的誇大自己的療效。很多網民也搞不清處狀況，好像抓到了什麼天大的新聞，不斷的瘋傳到各個不同的網群，一堆人點贊。其實，這不是幫忙宣傳中醫，而是害死中醫。</p>\n<p>譬如，武漢有位張某某，在網路上號稱三千多位新冠肺炎病人都三天見效，自己文章中列了30個中醫古書裡的方劑，每個方劑再列上幾個非常粗淺的症狀描述，有這些症狀就服用這個方劑，有那些症狀就拿兩三個方劑合在一起服用。許多人看到這樣的文章，驚為天人，到處轉發，好像轉發越多疫情就會越快消退一樣。其實，臨床看診稍有功力的中醫師很容易看出來，這根本是胡搞瞎搞。金匮要略第七篇「肺痿肺癰咳嗽上氣」也就只列了十個方劑來討論，那把這十個方劑都放在文章裡，是不是也就說可以治療各種肺病？而真的治療過許多流感肺炎的中醫師，也會知道臨床治療沒那麼單純，憑幾個症狀就對應某個方劑，那只代表寫文章的人根本沒有什麼功力，臨床經驗非常有限，騙騙不懂中醫的人而已，而三千多位新冠肺炎病人都三天見效更是誇大不實。果然，這位張某某被人起底，連武漢中醫藥大學都發表公開聲明，澄清這位張某某的欺騙行為。醫師的信譽最重要，靠說謊行騙來推銷自己，那麼幾乎可以確定那些療效神奇的病例絕大多數是假的。</p>\n<p>當這樣的不實宣傳及虛假病例被許多中醫愛好者拿來瘋傳，在旁邊觀看的西醫專家及廣大的群眾很容易一眼看穿，直接的結論就是「中醫果然是一群騙子加瘋子」。這根本不是幫忙推展中醫，而是害死中醫。所以，請大家以後不要亂傳類似這樣似是而非的文章，不要因為喜愛中醫，看到了什麼中醫的神奇報導，就好像腦殘一樣，一點也不思考的就轉發出去。</p>\n<p>另外，我也大力建議中醫專業人士對這次新冠肺炎的發言要更加的謹慎務實。疑似新冠肺炎就寫「疑似」，不要誤導大家為「確診病人」，症狀改善就說「改善」，不要亂用「治癒」，沒有真的參與治療，就直說「醫理推測」，不要寫的信誓旦旦，好像十足確定自己列的幾個藥方可以治癒病人一般。治療疑似病例、改善症狀、討論醫理等等，都是好事，都會得到大家的尊重。然而，言論超過了真實的範圍，不但無法得到尊重，反而讓自己露了餡，換來大家的輕視，更嚴重損害了中醫在群眾心裡的真實性與價值。</p>\n<figure class=\"wp-block-image\"><img alt=\"\" class=\"wp-image-7514\" decoding=\"async\" fetchpriority=\"high\" height=\"800\" sizes=\"(max-width: 545px) 100vw, 545px\" src=\"https://andylee.pro/wp/wp-content/uploads/2020/02/mmexport1582659788966.jpg\" srcset=\"https://andylee.pro/wp/wp-content/uploads/2020/02/mmexport1582659788966.jpg 545w, https://andylee.pro/wp/wp-content/uploads/2020/02/mmexport1582659788966-204x300.jpg 204w\" width=\"545\"/></figure>\n<figure class=\"wp-block-image is-resized\"><img alt=\"\" class=\"wp-image-7515\" decoding=\"async\" height=\"576\" src=\"https://andylee.pro/wp/wp-content/uploads/2020/02/mmexport1582659813552.jpg\" width=\"545\"/></figure>",
  "article_time": "2020年02月25日 14:19",
  "comments": [
    {
      "id": "464f07197fc781c2d1ec631058500e0d",
      "author": "淳賓",
      "time": "2020年02月25日 15:47",
      "content": "<p>好像這個問題一直都沒有解決每隔幾年總會吹捧出有名無實的中醫騙子出來</p>",
      "level": 0,
      "highlight": false,
      "children": []
    },
    {
      "id": "b765be0de7ecc9d15ac1e381f4ba34aa",
      "author": "wangxiaotang",
      "time": "2020年02月25日 17:45",
      "content": "<p>由于这种原因，病人也是求医无门啊！何时倪师的每个地方有一个经方家之大愿，民众何时能有福啊！毕竟不是每个人有经济实力去美国找您救命的</p>",
      "level": 0,
      "highlight": false,
      "children": [
        {
          "id": "e585cb1e49c78c0bf264bdf2796eec23",
          "author": "S.W.",
          "time": "2020年02月25日 18:58",
          "content": "<p>就中國政府沒做事呀</p>\n<p>有空上網 不如鼓勵中國人自己多多抗爭</p>\n<p>讓中國政府對醫療體系進行大改革</p>",
          "level": 1,
          "highlight": false,
          "children": []
        },
        {
          "id": "66dafefc8c353cebb71ef519efc9e799",
          "author": "andy",
          "time": "2020年02月27日 11:09",
          "content": "<p>中醫教育很重要，不能因為找不到好中醫，就胡亂找人治病，不但耽誤了自己的病情，也養大了一群騙子。</p>",
          "level": 1,
          "highlight": true,
          "children": []
        }
      ]
    },
    {
      "id": "ed8edcf84a0e7de2411a7c6db19e3efa",
      "author": "wangxiaotang",
      "time": "2020年02月25日 18:07",
      "content": "<p>倪师的心愿是每个地方有经方家，现实是似我们小地方的平民，条件有限，无法去美国找您呀！</p>",
      "level": 0,
      "highlight": false,
      "children": []
    },
    {
      "id": "04e386c0a489d161c798f97954ba2422",
      "author": "S.W.",
      "time": "2020年02月25日 18:57",
      "content": "<p>wangxiaotang 就中國政府沒做事呀</p>\n<p>有空上網 不如鼓勵中國人自己多多抗爭</p>\n<p>讓中國政府對醫療體系進行大改革</p>",
      "level": 0,
      "highlight": false,
      "children": []
    },
    {
      "id": "c5e6517bd427d7a62228287d40ed9b0b",
      "author": "ICE",
      "time": "2020年02月25日 19:46",
      "content": "<p>李博在前几篇诊疗日志中说过政治走在医学前面，所以不管如何鼓励中国人抗争，都起不到太大的作用。政治引导和指挥着舆论导向，更多的民众是盲从的。这年头除了骗子多，中医黑也多，骗子太多，给了中医黑们更多攻击中医的机会，人家直接把中医比作跳大神的。中医的强大需要更多像李博这样医术精湛，有责任感，有号召力的医师。</p>",
      "level": 0,
      "highlight": false,
      "children": [
        {
          "id": "b0e57ff895930ca1ab2622cbd10f824f",
          "author": "刘剑彬",
          "time": "2020年02月26日 05:19",
          "content": "<p>您之前找过方亮医生治病吗？我也想去深圳汉唐中医看看？方亮是倪师的弟子吗？</p>",
          "level": 1,
          "highlight": false,
          "children": [
            {
              "id": "3effc81e19fce84c262073cdba01eb11",
              "author": "ICE",
              "time": "2020年03月05日 19:26",
              "content": "<p>不好意思，刚看到您的信息，我有在方亮医师那里吃过几个月的药。我曾在倪师公布执业医师名单的网页上发现了方亮医师的名字，还查到他曾是深圳汉唐最早的法人代表，我也曾经在记者采访方亮医师的报道中看到他有跟诊过。但是倪师过世后，那些信息很久没有更新过了，事情总是发展变化的。还是期待倪师弟子和李博将会整理出的倪师弟子名单吧。</p>",
              "level": 2,
              "highlight": false,
              "children": []
            }
          ]
        },
        {
          "id": "3026fa598c7399a0990b6aa797a98f62",
          "author": "刘剑彬",
          "time": "2020年02月26日 16:46",
          "content": "<p>能加一个好友嘛？有厉害的中医介绍嘛？找中医治病五年了，很心累！！！</p>",
          "level": 1,
          "highlight": false,
          "children": [
            {
              "id": "df85ca39133eae31bc3282ec260fb196",
              "author": "ICE",
              "time": "2020年03月05日 19:30",
              "content": "<p>我只相信李博和李博推荐的医师。我准备疫情过后回河南找汤英主任或娄副院长吃中药了。我也吃了-5年的中药了，基本半年换一个医师的节奏吧，问题目前仍没有解决。</p>",
              "level": 2,
              "highlight": false,
              "children": []
            }
          ]
        }
      ]
    },
    {
      "id": "a32eb1106c636a10136b7daa6ea29bc6",
      "author": "david",
      "time": "2020年02月25日 19:56",
      "content": "<p>不是政府沒做事，而是辦中醫有什麼好處。</p>\n<p>蓋西醫院，建設和設備，統統都是大錢啊</p>\n<p>中醫就只要幾根針，開個處方；政客撈什麼？ </p>\n<p>中醫要強，師徒制很重要，如何建立傳承是中醫成敗的關鍵！</p>\n<p>中醫為神之醫學，不信者不信</p>",
      "level": 0,
      "highlight": false,
      "children": [
        {
          "id": "7192e049209637fd2c10e7dd16f88d5b",
          "author": "晨翔",
          "time": "2020年03月01日 16:09",
          "content": "<p>你好，崇恩医生，想给孩子治病，无奈您远在美国，国内可有靠谱的医生介绍？孩子是小儿癫痫，本人在山东，谢谢</p>",
          "level": 1,
          "highlight": false,
          "children": [
            {
              "id": "840a73ca1493b1016eb0958164b4837d",
              "author": "andy",
              "time": "2020年03月03日 12:47",
              "content": "<p>我不清楚山東的情況，另外，你把我名字搞錯了。</p>",
              "level": 2,
              "highlight": true,
              "children": []
            }
          ]
        }
      ]
    },
    {
      "id": "ae78826c5f13db88bd669f3837f51aae",
      "author": "知止",
      "time": "2020年02月25日 22:58",
      "content": "<p>李博，你好，我母亲59岁，去年开始有老年痴呆症前兆，我一直有给她用药。其他身体症状倒是好转不少，不过健忘却越来越严重，我内心比较着急。 想找你看看</p>\n<p>备注：我自学人纪2年收获很大，非常感谢！知道你是倪师爱徒。</p>",
      "level": 0,
      "highlight": false,
      "children": [
        {
          "id": "1eb3c581007e83d3f4864d938004a8cb",
          "author": "andy",
          "time": "2020年02月27日 11:09",
          "content": "<p>很抱歉，診所頻繁收到來函諮詢，我無法一一回答。</p>",
          "level": 1,
          "highlight": true,
          "children": []
        }
      ]
    },
    {
      "id": "2539e71a50ea50499be3f2fc49045cf2",
      "author": "冰山",
      "time": "2020年02月26日 12:56",
      "content": "<p>普通人因为不理解中医，根本无法分辨（中医）良医与庸医的巨大差异。</p>",
      "level": 0,
      "highlight": false,
      "children": []
    },
    {
      "id": "f73bd41e0913e27f9d10dea156fc7821",
      "author": "趙建發",
      "time": "2020年02月26日 20:59",
      "content": "<p>一位青年女中医，抗击新冠肺炎纪实<br/>\n看了其中的內容發覺這位女醫師真的很棒！詳細交代了整個收治新冠狀肺炎病患的病程，也寫明了重點！有舌的圖片及檢驗數據可參考，有圖有真相這才有參考的價值，不像有人就依照幾個方劑發表，寫得自己好像神醫一樣！</p>\n<p>以下節錄自別人的文章：看了之後發覺自己也是瘋傳的腦殘一員，在此向大家深致歉意！<br/>\n<a href=\"https://andylee.pro/wp/?p=7508\" rel=\"ugc\">https://andylee.pro/wp/?p=7508</a><br/>\n然而，網路上也出現了非常多的「神醫」、「大師」，利用新冠肺炎疫情來宣傳自己，無上限的誇大自己的療效。很多網民也搞不清處狀況，好像抓到了什麼天大的新聞，不斷的瘋傳到各個不同的網群，一堆人點贊。其實，這不是幫忙宣傳中醫，而是害死中醫。</p>\n<p>譬如，武漢有位張某某，在網路上號稱三千多位新冠肺炎病人都三天見效，自己文章中列了30個中醫古書裡的方劑，每個方劑再列上幾個非常粗淺的症狀描述，有這些症狀就服用這個方劑，有那些症狀就拿兩三個方劑合在一起服用。許多人看到這樣的文章，驚為天人，到處轉發，好像轉發越多疫情就會越快消退一樣。</p>\n<p>一位青年女中医，抗击新冠肺炎纪实<br/>\n<a href=\"https://www.facebook.com/100002661748497/posts/2623466147752084/?d=n\" rel=\"nofollow ugc\">https://www.facebook.com/100002661748497/posts/2623466147752084/?d=n</a></p>",
      "level": 0,
      "highlight": false,
      "children": [
        {
          "id": "a9815b6a3af8eeae3887c16224837b40",
          "author": "andy",
          "time": "2020年02月27日 09:38",
          "content": "<p>我之前看過這位女中醫的文章，挺真實的，可圈可點，值得大家尊重與學習。然而，文章中的醫理解釋不是很到位，有些雜亂，偏重單獨的點，而非連成線、連成面，對「傷寒雜病論」的理解仍不深入，臨床經驗也還不足。不過，年紀輕輕就有如此表現，實屬不易，假以時日，會是位卓越的中醫師。</p>",
          "level": 1,
          "highlight": true,
          "children": []
        }
      ]
    },
    {
      "id": "66090e5cd34a054aa482b7eced720dcf",
      "author": "趙建發",
      "time": "2020年02月26日 23:59",
      "content": "<p>通過女醫師的案例我們知道會對病人造成生命危害的就是痰飲(肺中的痰及積水)，因為這種病理產物會讓肺能呼吸的空間減少，產生肺的換氣功能不良而引起喘鳴，吸不到氧氣更進一步時西醫可能要考慮插管用上呼吸器，還好中醫在這痰飲的處理能盡早及時，消除大患於初萌之時，就算已有肺積水也還有良方可用，就是李醫師之前的通許醫院案例介紹所用之方。</p>",
      "level": 0,
      "highlight": false,
      "children": []
    },
    {
      "id": "52a71d91b6d5a2c4b2e65804a273b0ca",
      "author": "hide77625",
      "time": "2020年02月27日 01:48",
      "content": "<p>谁是骗子还不一定哦<br/>\n湖北中医药大学拿自己是个公家单位压人吗？<br/>\n<a href=\"https://mp.weixin.qq.com/s/UlYb_ngiXjDffhpLiJBc_w\" rel=\"nofollow ugc\">https://mp.weixin.qq.com/s/UlYb_ngiXjDffhpLiJBc_w</a></p>",
      "level": 0,
      "highlight": false,
      "children": [
        {
          "id": "188b3acd43d690b3cb5ec7199a0f6d7a",
          "author": "andy",
          "time": "2020年02月27日 09:32",
          "content": "<p>你沒抓到重點。一位醫家是否誇大不實、宣傳誤導，得從其醫療思維、方法、病例、如何確認療效等等來分析，這位張某某雖然不像那些推銷綠豆、芒硝那些騙子，有些臨床功力及經驗的中醫師即可一眼看穿他的誇大與誤導。另一方面，中醫界非常混亂，大陸政治環境複雜，就連一些中醫教授、獲政府褒揚的專家、科研負責人等等，臨床功力很差，自己感冒就立刻服用抗生素，但是靠著人際關係及政治運作，步步青雲，甚至被捧為大師。換就話說，「中醫最大的問題是騙子太多」，不僅僅指那些江湖術士，也包括許多檯面上風風光光的「專家」。</p>",
          "level": 1,
          "highlight": true,
          "children": [
            {
              "id": "5fb185fec8991b70a18478223f24ca06",
              "author": "viyiai",
              "time": "2020年02月27日 18:41",
              "content": "<p>李医师这话说的太对了。</p>",
              "level": 2,
              "highlight": false,
              "children": []
            },
            {
              "id": "df8e429b04ed6415ca293da25560b796",
              "author": "hide77625",
              "time": "2020年03月01日 18:39",
              "content": "<p>关于对李跃华、张胜兵治疗新冠肺炎等相关情况的调查报告https://mp.weixin.qq.com/s/0D2Z1e5dnsJPLS_8SyhElA<br/>\n最近有人在说张和李骗人，也有人说他高调，说他非法行医等等，这一切罪过在于他们说自己可以治愈并治愈了多少多少患者。西药厂帝国觉不允许这种现象存在，它们主导的是特效药、疫苗、移植肺等等花费很多钱的治疗手段，凡是与此不符的，统统消灭。</p>",
              "level": 2,
              "highlight": false,
              "children": [
                {
                  "id": "5b746f35b54a9766ebcd5acff05af37b",
                  "author": "andy",
                  "time": "2020年03月03日 12:52",
                  "content": "<p>不要什麼事情都怪罪到西醫及西藥廠，中醫界自己有很多亂象、很多騙子，人不自重，如何能人重呢？</p>",
                  "level": 3,
                  "highlight": true,
                  "children": []
                }
              ]
            }
          ]
        }
      ]
    },
    {
      "id": "6d52bc64ae07e6285551dd5cc6b8e378",
      "author": "刘剑彬",
      "time": "2020年02月27日 15:12",
      "content": "<p>李医师，20天前用炒栀子5 淡豆豉15 姜半夏15 黄连6 干姜9 甘草6 生姜5片，导致喉咙发痒（现在好了），就喝了一碗，现在已经20天没有食欲了，该怎么办啊？找遍中医了，有什么办法嘛？没食欲很难受，现在每天还坚持运动都没有食欲，求助李医师，有什么简单的办法可以试试嘛？</p>",
      "level": 0,
      "highlight": false,
      "children": [
        {
          "id": "fcb25111183ab874d936184678bd03b3",
          "author": "JonsonKu",
          "time": "2020年02月27日 17:11",
          "content": "<p>沒有食慾，是脾陽受到傷害了。還是建議您找信賴的中醫師看看，自己亂開方喝，不僅沒有調理好，反而更糟糕。</p>",
          "level": 1,
          "highlight": false,
          "children": [
            {
              "id": "999fd810cd2294493de8d933171027f6",
              "author": "刘剑彬",
              "time": "2020年02月29日 16:56",
              "content": "<p>要是能找到，我有必要找了五年了！！！</p>",
              "level": 2,
              "highlight": false,
              "children": []
            }
          ]
        }
      ]
    },
    {
      "id": "f933b4a5979ffbc7abb936756205f1d4",
      "author": "趙建發",
      "time": "2020年02月27日 18:54",
      "content": "<p>謝謝指導！</p>",
      "level": 0,
      "highlight": false,
      "children": []
    },
    {
      "id": "03e43956b7927c2893bdade83f057db5",
      "author": "王刚",
      "time": "2020年02月27日 19:36",
      "content": "<p><a href=\"http://www.caogen.com/blog/Infor_detail/73746.html\" rel=\"nofollow ugc\">http://www.caogen.com/blog/Infor_detail/73746.html</a><br/>\n张某在草根网的文章。我觉得他还是有一点功力的，比如后面几章文章写后溪管督脉，用后溪治疗落枕，也会写他的错误诊治，比如因为看火神派后用附子等去治疗背上有一片冷的地方，但错误导致便秘后又用石膏和绿豆去救，最后用小青龙汤改变成自创的青龙吞冰饮治疗<br/>\n<a href=\"https://mp.weixin.qq.com/s/YNbeEYlXRn9T2PlwEs0Otw\" rel=\"nofollow ugc\">https://mp.weixin.qq.com/s/YNbeEYlXRn9T2PlwEs0Otw</a><br/>\n这是风凰中医对这件事的描述，比较客观。真相在时间下一定可知。<br/>\n从道德经的角度，这些文章都是帮助他传播，李医师我觉得你也变相帮他传播了。</p>",
      "level": 0,
      "highlight": false,
      "children": [
        {
          "id": "42ac5d35317ca2921de09ce1d290f2bf",
          "author": "andy",
          "time": "2020年02月27日 20:09",
          "content": "<p>「後溪管督脈，可治落枕」是上過針灸課程的中醫系學生都應該知道的，「附子過量，導致便秘」，用石膏及綠豆去解，並非什麼好辦法，「青龙吞冰饮」更是說給外行人聽的，連藥方名稱都已經亂搞了，「青龍」代表「麻黃」，一個方劑沒有了「麻黃」，還來個什麼「青龍」去「吞冰」，寫武俠小說嗎？其中的藥物搭配及解釋，那就更別提了。</p>\n<p>這就是問題癥結所在，一位中醫院校畢業的學生，當然知道一些中醫基本的理論，引經據典寫一些「看起來有道理」的文章來捧紅自己並非難事，而對中醫不甚了解的大眾就以為功力多高，臨床真的治好什麼重症急症，沒幾個人去深思。這只代表大家的中醫基本教育很差，讓人有機可乘。這導致很多人認為「相信中醫的人都是瘋子」，確實，如果連這樣小小伎倆都可以引來一大群的「中醫粉」，那就不能怪為什麼會有那麼多的「中醫黑」。</p>",
          "level": 1,
          "highlight": true,
          "children": [
            {
              "id": "19abbd5b0c743aadd5b07f76821b3e12",
              "author": "王刚",
              "time": "2020年02月27日 20:56",
              "content": "<p>求您快出书吧</p>",
              "level": 2,
              "highlight": false,
              "children": []
            },
            {
              "id": "3f0d2fc8c3d080291ca473f02860e2c6",
              "author": "ieitZYB",
              "time": "2020年02月28日 05:06",
              "content": "<p>做个中医骗子的门槛比较低一点。这类似我们做服装软件或管理咨询服务号称帮工厂改善管理及提高生产率跟实际的开一家工厂，把衣服做出来的工厂至少要不少厂房机器设备投入，这个就是门槛。西医的诊断技术体系有类似的硬件门槛，骗子的门槛高了可能少些，或给人不容易是骗子的感觉。<br/>\n但总的说来，得看临床疗效，找到治疗好的患者去了解医师的真假，不过这也难，想找医师的患者大多也比较懒吧。</p>",
              "level": 2,
              "highlight": false,
              "children": [
                {
                  "id": "c211c542e079da95fc3a30f67e3e0058",
                  "author": "andy",
                  "time": "2020年02月29日 09:40",
                  "content": "<p>我以前常常比喻，如果手機電池可以維持22小時，手機廠商會誇大一些，宣傳電池可以維持一天，換成在中醫亂象裡，有人會拿個磚頭給你，告訴你可以持續通話24小時！</p>",
                  "level": 3,
                  "highlight": true,
                  "children": []
                }
              ]
            }
          ]
        }
      ]
    },
    {
      "id": "b5c487fcc61b43b7ccbe3ae8b2d21848",
      "author": "明遠",
      "time": "2020年02月27日 22:37",
      "content": "<p>李醫師所言極是。這次大陸有幾位中醫專家都有提到自己如何把病患治好，但內容幾乎都沒重點，多半只是在講醫理，並且強調中西結合，至於病情是如何變化?如何開處方?幾乎沒說，不然就是輕描淡寫，讓人看不出所以，講故事居多講治病少之又少。連中央高層級的大專家也是這樣。</p>",
      "level": 0,
      "highlight": false,
      "children": []
    },
    {
      "id": "4807513dec4a8903723c1a8d5646f9eb",
      "author": "随缘",
      "time": "2020年03月04日 18:43",
      "content": "<p>李醫師您好，您認識深圳的林大棟老師嗎？他也是倪海廈老師的弟子嗎？他創辦的問止中醫，您怎麼看？</p>",
      "level": 0,
      "highlight": false,
      "children": [
        {
          "id": "2a930c5d2bc3d928121cc8d343206a17",
          "author": "andy",
          "time": "2020年03月04日 20:03",
          "content": "<p>林大棟醫師是倪老師的學生，但是倪老師學生數千位，每位學生臨床看診功力如何，你得自己判斷，我不予置評。另外，據了解，林醫師中醫課程的內容，偏向症狀對應，並非倪老師教導的方式及思維。</p>",
          "level": 1,
          "highlight": true,
          "children": []
        }
      ]
    },
    {
      "id": "edaf0706c2cd447ba2ca1357529bde7f",
      "author": "随缘",
      "time": "2020年03月04日 22:28",
      "content": "<p>倪老師教導的是純正的經方，這種才是真正的中醫。但是現在的人，覺得什麼病對應什麼藥，這樣學起來快一些，容易學，溫病也是這麼個思路。</p>",
      "level": 0,
      "highlight": false,
      "children": []
    },
    {
      "id": "b148a0b7c794a1d15f3283cec3ff215b",
      "author": "Gary",
      "time": "2020年03月17日 23:09",
      "content": "<p>李老師，您剛剛有提到症狀對應，這個和倪師說的以症狀論治之間應該如何去理解？經過了那麼多年，您對於倪師說不要被病名綁住，是否有新的心得呢？謝謝解答，祝好</p>",
      "level": 0,
      "highlight": false,
      "children": [
        {
          "id": "2776e5c3d56d7781ad39657bd4efa46d",
          "author": "李宗恩",
          "time": "2020年03月18日 07:58",
          "content": "<p>很多人誤解倪老師的意思。辨證論治是指從病人各種症狀來思考、判斷、推測病人問題的根源及來龍去脈，然後決定如何一步一步治療。換句話說，得「辨證、審思、論治」，而不是僅僅拿病人主要的幾項症狀來和古書中各個方劑列出的症狀來對應，看看「中了幾個症狀」，「中最多的」就是「答案」一般，這樣的「症狀和方劑的連連看」是中醫幼稚園的程度，初學者用來熟悉古書條文還可以，真正臨床看診，那是很差的中醫師。</p>",
          "level": 1,
          "highlight": true,
          "children": [
            {
              "id": "e7752953c34cae63659a9cf867d8dd9c",
              "author": "Gary",
              "time": "2020年03月19日 01:42",
              "content": "<p>看到您的解答非常激動！</p>\n<p>看了您的解答，愚見重點是根據症狀來思考病根。就算是初學者剛開始思考不過來，但是帶著這種想法回歸書本，終會有所感悟？非常感謝您！</p>\n<p>正是因為如此，所以倪師才會反對本草綱目和各種藥典，以病名套進去具體治療當中。</p>",
              "level": 2,
              "highlight": false,
              "children": []
            }
          ]
        }
      ]
    },
    {
      "id": "757b51df2254e1fd0af90b98caf92cd1",
      "author": "中醫愛好者",
      "time": "2021年01月12日 06:13",
      "content": "<p>中醫不光騙子很多，外敵也多，剛剛英國首相說新冠病毒起源於中藥。中醫制度的確有些問題，我因為腰疼，脫肛，去廣東省中醫院針灸了兩次，腰疼緩解了，但脫肛一點改善都沒有，不知道是不是我病情太複雜，兩次都是用一吋半針承山穴，我委婉提示能不能用三寸針試試，可能他們有他們的考慮，沒有使用，還都在討論打疫苗，希望他們以後越來越強，不過照目前看來，復興之路漫長且堅。</p>",
      "level": 0,
      "highlight": false,
      "children": []
    }
  ],
  "page": 26,
  "order": 7,
  "filename": "data\\page26\\page26_order6_c5e6517bd427d7a62228287d40ed9b0b.json"
}