{
  "article_url": "https://andylee.pro/wp/?p=7810",
  "title": "短片：連花清瘟抑制新冠病毒?",
  "content": "<p>感謝寰宇新聞駐美特派記者曾淯菁的採訪及剪輯製作，我們簡短的討論了最近的新聞，中國領頭抗疫的鍾南山院士團隊宣稱，體外實驗發現中藥「連花清瘟」有抑制新冠病毒細胞複製的作用。然而，這樣的方式，是否真的代表臨床上應該大幅使用「連花清瘟」？這樣「廢中醫存中藥」的方式有什麼問題？在採訪中，我們做了簡單的解釋。</p>\n<figure class=\"wp-block-embed-youtube wp-block-embed is-type-video is-provider-youtube wp-embed-aspect-16-9 wp-has-aspect-ratio\"><div class=\"wp-block-embed__wrapper\">\n<iframe allow=\"accelerometer; autoplay; clipboard-write; encrypted-media; gyroscope; picture-in-picture; web-share\" allowfullscreen=\"\" frameborder=\"0\" height=\"281\" referrerpolicy=\"strict-origin-when-cross-origin\" src=\"https://www.youtube.com/embed/jskw5v5_6xA?feature=oembed\" title=\"連花清瘟抑制新冠病毒? 李宗恩：部份病患恐更嚴重。\" width=\"500\"></iframe>\n</div></figure>",
  "article_time": "2020年04月01日 09:43",
  "comments": [
    {
      "id": "31d06209a27fd26a080a9a045d64437e",
      "author": "Calvin",
      "time": "2020年04月02日 08:16",
      "content": "<p>河南人民醫院又有無症狀患者？</p>\n<p><a href=\"https://www.orientaldaily.com.my/news/international/2020/04/02/333984\" rel=\"nofollow ugc\">https://www.orientaldaily.com.my/news/international/2020/04/02/333984</a></p>",
      "level": 0,
      "highlight": false,
      "children": [
        {
          "id": "68a0c23052ea734bdd70b0a26e11ca64",
          "author": "李宗恩",
          "time": "2020年04月03日 11:45",
          "content": "<p>是，但這家醫院不是我指導的通許縣人民醫院。</p>",
          "level": 1,
          "highlight": true,
          "children": []
        }
      ]
    }
  ],
  "page": 25,
  "order": 3,
  "filename": "data\\page25\\page25_order2_e7fb899316b2bc8bf194d4c3e4e7d263.json"
}