{
  "article_url": "https://andylee.pro/wp/?p=7131",
  "title": "FM96.1：新冠肺炎惶惶  如何提前預防？傳統中醫告訴你：以不變應萬變",
  "content": "<figure class=\"wp-block-audio\"><audio controls=\"\" src=\"https://andylee.pro/wp/wp-content/uploads/2020/01/s-01102020武漢“肺炎”惶惶-如何提前預防？傳統中醫告訴你：以不變應萬變.mp3\"></audio></figure>\n<p>（ 語音檔案由FM96.1電台提供，文章摘錄撰寫中，請稍加等待。謝謝。）</p>",
  "article_time": "2020年01月22日 11:19",
  "comments": [
    {
      "id": "bb98bc0301ff97a5b1d0bb9cb6288e19",
      "author": "淳賓",
      "time": "2020年01月18日 19:29",
      "content": "<p>木桶原理一個木桶能裝多少水不在於最高的木板而在於這個木桶之中最低的那塊木板</p>",
      "level": 0,
      "highlight": false,
      "children": []
    },
    {
      "id": "9e1fd01ccdcf114b6c31696404eb3a07",
      "author": "gordon",
      "time": "2020年01月21日 01:13",
      "content": "<p>最近武漢肺炎已經要形成氾濫的情況，鐘南山院士都說會人傳人。http://news.sina.com.cn/c/2020-01-21/doc-iihnzahk5456866.shtml</p>\n<p>網上說的患者症狀：以發熱、乏力、乾咳為主要表現，鼻塞、流涕等上呼吸道症狀少見；部分患者起病症狀輕微，可無發熱，多在1周後恢復。約半數患者多在一周後出現呼吸困難，嚴重者快速進展為急性呼吸窘迫綜合征、膿毒症休克、難以糾正的代謝性酸中毒和出凝血功能障礙。</p>\n<p>感覺就是得了普通感冒導致的哮喘肺炎類似。請問您對這個武漢肺炎的辯證思路？如何預防？</p>",
      "level": 0,
      "highlight": false,
      "children": [
        {
          "id": "a8ec19e0cad082dac51f8b7d7a26f691",
          "author": "andy",
          "time": "2020年01月21日 19:46",
          "content": "<p>剛剛寫了一篇新的文章來討論。</p>",
          "level": 1,
          "highlight": true,
          "children": []
        }
      ]
    },
    {
      "id": "80d8e0fe8b0a462f6d6db7d33a456fc7",
      "author": "出師未捷身先死",
      "time": "2025年04月15日 21:27",
      "content": "<p>美國有一個遺臭萬年的邪惡博士叫做安東尼福奇，此人在美國上世紀艾滋病大流行期間利用手中的權力，强制規定AZT鷄尾酒療法為治療艾滋病唯一手段，這種荒唐沒有常識的導致很多美國人因爲AZT的强烈副作用而喪命。2020年新冠大流行此人又利用所謂德高望重的威望將remdesvir定為治療新冠唯一藥物，很多美國人因此而死在醫院。安東尼福奇罪孽深重，爲了防止共和黨對其進行起訴，民主黨左瘋總統拜登在卸任前竟然破例對其特赦，開了歷史的先河。</p>",
      "level": 0,
      "highlight": false,
      "children": []
    }
  ],
  "page": 25,
  "order": 10,
  "filename": "data\\page25\\page25_order9_e8a66d81a7c683f6e80ddf505c46287a.json",
  "timestamp": 1745553777.465453
}