{
  "article_url": "https://andylee.pro/wp/?p=7718",
  "title": "微信千聊網上問答講座",
  "content": "<figure class=\"wp-block-image\"><img alt=\"\" class=\"wp-image-7717\" decoding=\"async\" fetchpriority=\"high\" height=\"648\" sizes=\"(max-width: 366px) 100vw, 366px\" src=\"https://andylee.pro/wp/wp-content/uploads/2020/03/Untitled.jpg\" srcset=\"https://andylee.pro/wp/wp-content/uploads/2020/03/Untitled.jpg 366w, https://andylee.pro/wp/wp-content/uploads/2020/03/Untitled-169x300.jpg 169w\" width=\"366\"/></figure>\n<p>學生和網群朋友們幫我安排了一次網上問答講座，使用微信千聊：</p>\n<p><strong>時間：</strong>加州3月14日，週六，8pm / 北京3月15日，週日，11am</p>\n<p><strong>內容：</strong>由大家事先提問，選擇回答代表性的問題</p>\n<p><strong>方式：</strong>微信千聊，可以用微信掃描圖中的QR碼直接加入</p>\n<p><strong>提問：</strong><a href=\"https://mp.weixin.qq.com/s/zQoBeRWqc6w7AhoCO-kMRw\">https://mp.weixin.qq.com/s/zQoBeRWqc6w7AhoCO-kMRw</a> 或在這裡留言</p>\n<p><strong>費用：</strong>免費</p>\n<p>這是一個新的嘗試，之前沒有使用過「千聊」網上講課，據了解這是中國大陸目前最流行也最方便的方法，不受地點及人數限制，可以互動，事後還可以回來再聽。學生告訴我，目前已經有兩千多人報名了，也有了一長串的提問，我還沒來得及看，預計選一些大方向的問題來回答，而個人病症的問題，一方面沒有足夠時間回答，另一方面不適合這樣的問答講座，我們就跳過去。</p>\n<p>（3月14日：感謝各地聽眾的參加，即時聽講的有8千多人，預估直播後再聽講的人次會更多。通許縣人民醫院還特地招集醫生及護理人員在會議室一起參與！）</p>\n<p>（3月18日：感謝許多聽眾轉發及更多聽眾直播後再聽講，目前參與人數越一萬七千人。）</p>",
  "article_time": "2020年03月10日 11:53",
  "comments": [
    {
      "id": "10165b2a6a7b3d43dd1731a7dd92df97",
      "author": "ieitZYB",
      "time": "2020年03月10日 12:24",
      "content": "<p>不合适吧，https://mp.weixin.qq.com/s/pecnBqJ1ssjElV7GCnqzEA 这粉丝，山东的一个个人微信公众号，发倪师视频全集。案例文章也不注意放原文链接。希望有授权什么的。</p>",
      "level": 0,
      "highlight": false,
      "children": [
        {
          "id": "3f74b6a4f1690b77932a741b2d380e72",
          "author": "andy",
          "time": "2020年03月10日 15:20",
          "content": "<p>這點我沒注意到，得和這位網群管理溝通一下。</p>",
          "level": 1,
          "highlight": true,
          "children": [
            {
              "id": "e7332522f49814b8ab155770a43585cc",
              "author": "罗瑞芳",
              "time": "2020年03月10日 16:41",
              "content": "<p>‘汉唐经方再传承”微信公众号里确实公开了倪师的全套人纪天纪视频，我还以为都是您许可过的呢，因为看文章来源大部分都是从您这里转载出去的</p>",
              "level": 2,
              "highlight": false,
              "children": [
                {
                  "id": "0f78f5c1ed976f5cb36652f1b1ad0109",
                  "author": "古中医爱好者",
                  "time": "2020年03月11日 02:34",
                  "content": "<p>有加过这个群主的微信群，听群友说，推销“书”。</p>",
                  "level": 3,
                  "highlight": false,
                  "children": [
                    {
                      "id": "aabb91234d8118c30bc7a554fc808b22",
                      "author": "andy",
                      "time": "2020年03月11日 10:09",
                      "content": "<p>如果真的有賣盜版人紀天紀教材，那就太不應該了。</p>",
                      "level": 4,
                      "highlight": true,
                      "children": []
                    }
                  ]
                },
                {
                  "id": "9f3a70e897a5c38a3348cd846c10e4cc",
                  "author": "andy",
                  "time": "2020年03月11日 09:55",
                  "content": "<p>倪老師人纪天纪的版權為師母所有，一切事宜是師母直接處理，我並沒有幫忙管理。</p>",
                  "level": 3,
                  "highlight": true,
                  "children": [
                    {
                      "id": "d9c9fae64787a18add58950ba28965a4",
                      "author": "廖欣强",
                      "time": "2020年03月11日 19:57",
                      "content": "<p>很奇怪耶，我在汉唐中医2群发个李博的公开课分享图片，群管理居然直接没收了，然后警告一次，我回了两句公理话，结果被群起而攻之，然后被送了飞机票，更有不明真相的说李博士不肖弟子，我也很莫名其妙啊，难道李博和伯师之间存在这这么大的芥蒂？难道真的会是无解吗？或许时间会证明。孰是孰非并不重要，重要的是在医学道路上能相互成就，能够治愈天下更多的病患。第一次读大医精诚的原文真的很受感动，可惜。可惜，可惜啊 哎</p>",
                      "level": 4,
                      "highlight": false,
                      "children": []
                    },
                    {
                      "id": "bacf43de4d3b6be111e2fd349cf2a83f",
                      "author": "andy",
                      "time": "2020年03月11日 20:24",
                      "content": "<p>我對倪伯時先生沒有什麼芥蒂，我只是不幫他人推銷不實的宣傳，被人詢問時，我都是實話實說。許多事情，很多真正和老師親近的學生及診所員工們都很清楚，很容易去查驗。</p>",
                      "level": 4,
                      "highlight": true,
                      "children": []
                    }
                  ]
                }
              ]
            },
            {
              "id": "8ab8b93f67edf0845c9f44de815e6b75",
              "author": "廖欣强",
              "time": "2020年03月15日 22:02",
              "content": "<p>李博的这次千聊的讲座效果很不错，学术问题十分专业，所讲的知识点都是深入浅出，要是能加入一些临床故事，那就更好了。透过演讲初步了解，个人觉得李博平常对待工作一定是有着高度的敬业精神，一定是如履薄冰，兢兢业业的，不然也不会有如此成就。通过此次疫情也更加验证了李博确实是倪师指定的传人，当我第一次关注你的博客，留意到你和杨贞医师在通许的事迹时，内心真的好感动哦，必竟正统医学是在你们的带领下，重回祖国生根发芽了。特别是在这次疫情下，用正统医学救治了许多病人，也让更多国人重新认识中医，并且国家级媒体发表相关宣传新闻，这是多么难得的事情啊，但凡有怀有一点私心的人，是不可能把这样的事情做好的。忽然间耳边回响起张明敏唱的那首《我的中国心》，让心情更加澎湃了。   更加期待李博在千聊讲的个人计划，能早日实现，加油！！！</p>",
              "level": 2,
              "highlight": false,
              "children": [
                {
                  "id": "a8f232a4fb299eb978bc8188834b5aeb",
                  "author": "李宗恩",
                  "time": "2020年03月16日 11:46",
                  "content": "<p>謝謝你的支持與鼓勵。這次千聊講座只是實驗性的，大家反應不錯，以後會比較常舉辦類似教學活動。不過，技術上還有瑕疵，有人建議改用騰訊的視頻教室。</p>",
                  "level": 3,
                  "highlight": true,
                  "children": []
                }
              ]
            }
          ]
        }
      ]
    },
    {
      "id": "03c755514a6cc74ef30503ec01c91e10",
      "author": "微雨落花",
      "time": "2020年03月10日 16:56",
      "content": "<p>已关注公众号，感觉李博离我们更近了，很开心。</p>",
      "level": 0,
      "highlight": false,
      "children": [
        {
          "id": "41022c7e124011002331c921b0034936",
          "author": "andy",
          "time": "2020年03月11日 21:22",
          "content": "<p>我還沒有公眾號，是一位學生幫忙安排的。下次我到大陸時，會考慮辦理了正式的微信公眾號。</p>",
          "level": 1,
          "highlight": true,
          "children": [
            {
              "id": "53a75f3eb34d9a3ced0850abb7ec2ff7",
              "author": "微雨落花",
              "time": "2020年03月12日 16:30",
              "content": "<p>扫描您发布的图片二位码，关注了千聊的公众号，进去搜您的名字，听了您语音分享的《中医经方治愈新冠肺炎的经验》。期待您公布正式的微信公众号！</p>",
              "level": 2,
              "highlight": false,
              "children": []
            }
          ]
        }
      ]
    },
    {
      "id": "78e3bc74c9ad6fddec4049e589adc37f",
      "author": "倪师粉丝",
      "time": "2020年03月10日 18:45",
      "content": "<p>厉害了，坐等听课</p>",
      "level": 0,
      "highlight": false,
      "children": []
    },
    {
      "id": "3ddec56b4be150e942de55b7591754bf",
      "author": "ieitZYB",
      "time": "2020年03月10日 23:12",
      "content": "<p>通过中国国家知识产权局：<br/>\n<a href=\"http://wcjs.sbj.cnipa.gov.cn/txnS02.do?locale=zh_CN&amp;kmcmNx0Q=qArNcqk_5B._5B._5OBePwHlWEr2tXntHKneKFaLedgqqHL\" rel=\"nofollow ugc\">http://wcjs.sbj.cnipa.gov.cn/txnS02.do?locale=zh_CN&amp;kmcmNx0Q=qArNcqk_5B._5B._5OBePwHlWEr2tXntHKneKFaLedgqqHL</a><br/>\n查询 41 类 “汉唐经方”所有权人为“深圳汉唐经方健康管理有限公司”，申请号为“ 38260231 ”，是不能随便用的。<br/>\n 2012年在深圳，涂律师说倪师手写了“人纪、天纪、地纪”也注册过。</p>",
      "level": 0,
      "highlight": false,
      "children": [
        {
          "id": "1222b747582d16bbddd74642165d1838",
          "author": "andy",
          "time": "2020年03月11日 10:08",
          "content": "<p>我不清楚這部分的情況，倪老師過世後有很多變化，深圳漢唐中醫診所也已經關閉很久了。法律問題還是得問專業律師，據我對中國法律的了解，註冊名稱及商標等，分幾十類別，申請時只能根據實際使用情況來選擇數個類別，無法全部包括，其他人可以在不同類別下使用，挺麻煩的。另外，當侵權事件發生時，當事人或代理人得在一定期限內提出訴訟，不然等同放棄，這可能是個更大的麻煩。</p>",
          "level": 1,
          "highlight": true,
          "children": [
            {
              "id": "7acf14d83684f5eee3a3ecb6379b642d",
              "author": "ieitZYB",
              "time": "2020年03月11日 17:42",
              "content": "<p>抱歉，上面的申请号为“ 38260231 ”驳回处理程序中，并没有真的取得权利（并且当前申请法人“深圳汉唐经方健康管理有限公司”已是另一个机构了）。<br/>\n估计2012年说到的申请应该在申请流程中，具体最后有没有通过之类就没关注了。</p>",
              "level": 2,
              "highlight": false,
              "children": []
            },
            {
              "id": "6a2b56410b6c66d8eb09f6e59af0848e",
              "author": "落英",
              "time": "2020年03月16日 12:52",
              "content": "<p>李医生您好，能否提供师母出售倪师教学资料的联系方式。我在网上买了盗版，学习中十分获益，但隐隐有不安。看到您说倪师逝去，师母在打理，更觉羞愧难安。希望能够获得机会，对自己购买盗版的侵权行为做出弥补。</p>",
              "level": 2,
              "highlight": false,
              "children": [
                {
                  "id": "2f10f4212205eaec577d3c20ecab9523",
                  "author": "李宗恩",
                  "time": "2020年03月16日 11:47",
                  "content": "<p>師母那還有正版人紀，可以查詢 <a href=\"http://www.hantang-nihaisha.com/chinese/ch_Articles/copyright4.htm\" rel=\"nofollow ugc\">http://www.hantang-nihaisha.com/chinese/ch_Articles/copyright4.htm</a></p>",
                  "level": 3,
                  "highlight": true,
                  "children": []
                },
                {
                  "id": "a4f69f487cd7a2db0338460b4703d9ff",
                  "author": "ieitZYB",
                  "time": "2020年03月16日 21:46",
                  "content": "<p>顶你</p>",
                  "level": 3,
                  "highlight": false,
                  "children": []
                }
              ]
            }
          ]
        }
      ]
    },
    {
      "id": "3b24404d225d6803225f4325c966fc5a",
      "author": "观旭",
      "time": "2020年03月11日 04:45",
      "content": "<p>看中医，信任很重要！</p>\n<p>盼望李医师能推荐山东淄博的倪师弟子。更希望倪师弟子能遍布大陆每个地方！</p>",
      "level": 0,
      "highlight": false,
      "children": [
        {
          "id": "24b8a828efcdc7615e130de190678437",
          "author": "andy",
          "time": "2020年03月11日 21:01",
          "content": "<p>我對山東的情況不了解。</p>",
          "level": 1,
          "highlight": true,
          "children": []
        }
      ]
    },
    {
      "id": "ecddd6050cd2e372238b68573317408c",
      "author": "慧光",
      "time": "2020年03月11日 05:52",
      "content": "<p>李医师好！我2015年6月初阑尾炎，当时没有手术治疗，想用中医治疗。可是这么多年了一直没治好，身体也弄的越来越虚，常出汗，晚上睡不好觉。最近像是遇到一位好中医，方为：附子15干姜30甘草30茯苓30生姜30，服药2个月了，身体力气精神比以前有好转，但是一攻阑尾，身体又受不了。我想问一下：我这样的慢性阑尾炎是不是还是得手术啊？或是做一种能保留阑尾的清淤手术后再行中医调理？</p>",
      "level": 0,
      "highlight": false,
      "children": [
        {
          "id": "23e4ee176ab66525f3640374ae5a61a8",
          "author": "andy",
          "time": "2020年03月11日 10:12",
          "content": "<p>這得問你的中醫師，他最了解你的情況。診所收到很多這樣的詢問，我無法在網上一一回答，只能說一般情況下慢性闌尾炎應該不難治。</p>",
          "level": 1,
          "highlight": true,
          "children": []
        }
      ]
    },
    {
      "id": "a5bd702ef1986e082ff2055f7de08f71",
      "author": "shawn",
      "time": "2020年03月11日 19:24",
      "content": "<p>提問：</p>\n<p>1. 酒客病，得桂枝湯如何處理？ 葛芩連？桂枝湯加芩連？桂枝湯+術苓？或是應該避開桂枝類先處理中濕？臨床上怎麼處理？<br/>\n2. 類似疮家得桂枝湯證應該作何處理？</p>\n<p>Thanks，<br/>\nShawn</p>",
      "level": 0,
      "highlight": false,
      "children": [
        {
          "id": "da072d56e2489ac99e58937fc9c5a8ab",
          "author": "andy",
          "time": "2020年03月12日 11:53",
          "content": "<p>基本上，酒客中下焦濕重，得加重去濕的劑量。瘡家得看輕重緩急，再決定如何處理。</p>",
          "level": 1,
          "highlight": true,
          "children": [
            {
              "id": "bd638d25490d236bf01b926b3a2cfe02",
              "author": "shawn",
              "time": "2020年03月16日 01:13",
              "content": "<p>谢谢</p>",
              "level": 2,
              "highlight": false,
              "children": []
            }
          ]
        }
      ]
    },
    {
      "id": "388575a4e0cdf96949970e3a924c422b",
      "author": "GORDON",
      "time": "2020年03月11日 20:26",
      "content": "<p>針對西醫解剖結果，說新冠肺炎同時具備SARS和艾滋病毒的功能，同時破壞患者的肺和免疫系統。中醫治療時是否要兼顧？其實我知道中醫是要辨证论治，但是不知道如何給其他人說清楚。<br/>\n————————<br/>\n<a href=\"https://mp.weixin.qq.com/s/QBEflUexM5mWgJ2CgIhgFg\" rel=\"nofollow ugc\">https://mp.weixin.qq.com/s/QBEflUexM5mWgJ2CgIhgFg</a><br/>\n尸检解剖结果出来后，一名参与尸检的医生透露，重症病人的肺功能损伤的很厉害，免疫系统也几乎全被摧毁。“SARS只攻击肺，不会伤害免疫系统；艾滋病只伤害免疫系统，新冠肺炎对危重症病人的损害，像SARS加艾滋病。”上述医生说道。</p>\n<p>急性肺损伤是SARS病人死亡的主要原因，但是多器官衰竭是新冠病毒的重要死亡原因。</p>",
      "level": 0,
      "highlight": false,
      "children": [
        {
          "id": "4c86b35901e15902f17111a79bd533d1",
          "author": "andy",
          "time": "2020年03月12日 11:55",
          "content": "<p>肺金為水的上源，肺出了嚴重問題，三焦水道也就保不了，導致免疫系統問題及其它內臟的損害，這是可以預期的。</p>",
          "level": 1,
          "highlight": true,
          "children": []
        }
      ]
    },
    {
      "id": "da06b5057489879a423f32332136d1a4",
      "author": "李晨",
      "time": "2020年03月12日 04:07",
      "content": "<p>大陆有很多盗版倪老师的天纪，人纪教材。只要在倪伯时管理的汉唐系列群，发有关李博士和倪海夏的故事。就会被踢出禁言。<br/>\n他们打着倪海夏老师的名气，拼命宣传汉唐经方。这样一年营业额都有几千万。<br/>\n反正我是不会去找他们看病，看过一次3个月的教程，没有一点疗效。<br/>\n其实心脏问题，针内关，公孙，关元，配合中药很快痊愈的。<br/>\n自己都针过，然后第二天就出汗了。<br/>\n个人见解。其实心脏针灸更快，可惜不会，有些穴位自己也不能针到。</p>",
      "level": 0,
      "highlight": false,
      "children": [
        {
          "id": "79029e37f8de3fca2fb5143fc3c7b4d3",
          "author": "andy",
          "time": "2020年03月12日 11:12",
          "content": "<p>其實，只要臨床療效卓越，越多人傳承倪海廈老師的教學內容越好，誰是「正統」根本不重要。臨床療效卓越的醫生，更希望和其他有功力的醫生們討論、合作、一起傳承。楊貞醫生在通許縣人民醫院的教學，成果大家有目共睹，台北漢唐中醫診所多年來傳承倪老師人紀教學，培養了數百位優秀的中醫師，倪老師最早學生徐光佑律師的天紀再次教學，深受好評，倪老師數十年的老友、診所總管李大叔繼續推廣優良的藥材及成藥，其他許多卓越的學生也認真在臨床及推廣等等，我們都相互討論、支持、合作，這才是倪老師訓練出來的學生該有的態度及心胸。</p>",
          "level": 1,
          "highlight": true,
          "children": [
            {
              "id": "949902451b351e23079a0528fd586114",
              "author": "carl",
              "time": "2020年04月03日 12:14",
              "content": "<p>你好 Andy,<br/>\n    能否帮忙告知徐光佑律師的天紀教學的购买方式，以便我们能继续传承海厦老师的学术精髓呢？</p>",
              "level": 2,
              "highlight": false,
              "children": [
                {
                  "id": "8c2ef9252830335db3ae9cf3115dda1a",
                  "author": "李宗恩",
                  "time": "2020年04月03日 11:47",
                  "content": "<p>可以連絡台北漢唐中醫診所（忠孝東路那家），+886 (02) 8786-2058。</p>",
                  "level": 3,
                  "highlight": true,
                  "children": []
                }
              ]
            }
          ]
        }
      ]
    },
    {
      "id": "702212611f4bc0b15548494b3faead24",
      "author": "wang",
      "time": "2020年03月12日 05:41",
      "content": "<p>感谢您，静等听您的讲座，我想请教您五运六气理论适合美国吧，国内有说法是到春分后，那湾区在北半球，是否也应该是到春分。十分感谢您</p>",
      "level": 0,
      "highlight": false,
      "children": [
        {
          "id": "b55e57e017f4a1a41739f9b60c7c9971",
          "author": "andy",
          "time": "2020年03月12日 11:47",
          "content": "<p>這個地點的問題，從五運六氣到算命，一直有不同的說法。基本上，還是按照當地時間為准，或許會有一些偏差。不過，五運六氣、算命等等都只是一個大方向，參考參考就行。</p>",
          "level": 1,
          "highlight": true,
          "children": []
        }
      ]
    },
    {
      "id": "7ee16be8e0731c5775651a1748a92253",
      "author": "HillHong",
      "time": "2020年03月12日 07:12",
      "content": "<p>一直睡眠多梦、耳鸣、肚胀、饭后嗳气，大便不软或不成形，肚子胀，口不渴，饭量一般，手脚凉，小便淡白，尿频，喝完水很快就要小便。曾服用过六味地黄丸、金匮肾气丸、附子理中丸、归脾丸、黄莲阿胶汤、小建中汤、四君子汤、八珍汤、加味逍遥散、桂枝芍藥知母湯、當歸四逆湯、桂枝加龙骨牡蛎汤、芍药甘草附子汤。感觉没有效果。请问应该怎样调理？或者属于哪种症状？太阴？少阴？万分感谢！</p>",
      "level": 0,
      "highlight": false,
      "children": [
        {
          "id": "4a9012f5c11221fb911f8183a6a8b399",
          "author": "andy",
          "time": "2020年03月12日 11:44",
          "content": "<p>看起來你自己亂服用一堆中藥，這是不行的，你得找位中醫師看診。問答講座不針對個案回答問題。</p>",
          "level": 1,
          "highlight": true,
          "children": []
        }
      ]
    },
    {
      "id": "55015b6a32bafdd75c16ce83fd51c2c6",
      "author": "张",
      "time": "2020年03月12日 23:53",
      "content": "<p>您的在美国的诊所安全有保障吗，因为没有充足的防护措施，我们这边看到的消息，很多私人诊所已经关闭，仅提供远程看诊服务，您帮助过的河南经验，美国人认可吗</p>",
      "level": 0,
      "highlight": false,
      "children": [
        {
          "id": "05c7f491d9090db74360ecb26b3dbf9b",
          "author": "李宗恩",
          "time": "2020年03月13日 09:53",
          "content": "<p>目前情況下，美國CDC是不可能准許任何診所治療新冠肺炎確診病人，必須轉入大醫院。同時，如果任何診所接觸過確診病人，那整個診所的人員及前後來過的病人都得隔離觀察。所以，目前對有類似症狀的病人，我們也改為遠程看診，這是沒有辦法的事，也是保護其他病人。</p>",
          "level": 1,
          "highlight": true,
          "children": []
        }
      ]
    },
    {
      "id": "6fd3de5bb0a3314b70e5963de296a592",
      "author": "我的梦",
      "time": "2020年03月13日 01:38",
      "content": "<p>微信不方便的朋友，可以在youtube上，看同步直播</p>\n<p><a href=\"https://youtu.be/f9n0GgjEirg\" rel=\"nofollow ugc\">https://youtu.be/f9n0GgjEirg</a></p>",
      "level": 0,
      "highlight": false,
      "children": [
        {
          "id": "64fee2704736620323a1dbc4ad0868ab",
          "author": "ieitZYB",
          "time": "2020年03月13日 22:37",
          "content": "<p>这，汗都下来了，微信都不方便了，还谈 youtube ？</p>",
          "level": 1,
          "highlight": false,
          "children": []
        },
        {
          "id": "1a036e34933af9f79952578ea1001a5d",
          "author": "我的梦",
          "time": "2020年03月14日 19:13",
          "content": "<p>网址更新网址<br/>\n国外的朋友，微信不方便，可以上youtube观看</p>\n<p><a href=\"https://youtu.be/0MGgxXzA4Vg\" rel=\"nofollow ugc\">https://youtu.be/0MGgxXzA4Vg</a></p>",
          "level": 1,
          "highlight": false,
          "children": []
        }
      ]
    },
    {
      "id": "4be9709dbaa01ee7d636ba1b5cce5edf",
      "author": "gordon",
      "time": "2020年03月13日 08:27",
      "content": "<p>期待您把每次在桂林漢唐的治病經歷寫到微博或者博客上分享。謝謝！</p>",
      "level": 0,
      "highlight": false,
      "children": [
        {
          "id": "9d4e7aa310df03d5e22cffa97d36e73e",
          "author": "李宗恩",
          "time": "2020年03月13日 09:43",
          "content": "<p>桂林漢唐?? 那和我沒有關係。</p>",
          "level": 1,
          "highlight": true,
          "children": []
        },
        {
          "id": "444cb37562c94a36fe89475c7cf05b11",
          "author": "gordon",
          "time": "2020年03月13日 21:01",
          "content": "<p>李醫師，不好意思，回復搞錯了。我是想在李晨上面的帖子下回復的，不知道怎麼跑到這裡了。</p>",
          "level": 1,
          "highlight": false,
          "children": []
        }
      ]
    },
    {
      "id": "cce1f269a1f079427d5d17452c562b0d",
      "author": "gordon",
      "time": "2020年03月13日 08:55",
      "content": "<p>提問：從表虛（桂枝湯）—&gt;表實/表寒（葛根湯/麻黃湯）—-&gt;裡寒，肺寒（小青龍湯：主症為流清涕，咳嗽）—&gt;入裡化熱,肺痿(大青龍湯)—-&gt;寒热夹杂,肺癰（射幹麻黃湯）、肺積水（葶藶大棗瀉肺湯….）<br/>\n請問從臨床上，每一步的進展，從哪些關鍵病症進行辯證論治？可以讓中醫愛好者更好學習辨別。謝謝！</p>",
      "level": 0,
      "highlight": false,
      "children": []
    },
    {
      "id": "245c4f1a09cabd97b46e8fb36c042d8a",
      "author": "希望在千聊直播中看到答复。",
      "time": "2020年03月14日 12:21",
      "content": "<p>颗粒中药饮片与中草药效果有区别吗，经方服用后有效果停药反复怎么办？脑积水的案例，李医生可否介绍一下治疗脑积水的方案？原文中的一两到底是现在的3克还是14克？有人说用14克效果翻几倍。</p>",
      "level": 0,
      "highlight": false,
      "children": [
        {
          "id": "bf7ba91cef99f879a9a19f0da89082ff",
          "author": "李宗恩",
          "time": "2020年03月16日 10:40",
          "content": "<p>中成藥不如生藥湯劑，如果停藥後病症再出現，那代表沒有治好，可能有其它問題沒有考慮在內。</p>",
          "level": 1,
          "highlight": true,
          "children": []
        }
      ]
    },
    {
      "id": "675a33c1967731d4e868f4f1dc007981",
      "author": "Serena",
      "time": "2020年03月14日 05:22",
      "content": "<p>李老师，能够有幸认识到倪师和您，我真的很幸运，我一直相信中医，但一直没遇到正真的好中医，即使这样我还是相信中医，直到吃了几年中药的亲人差点因为中医耽误了病情，我有疑惑过，但听了倪师的讲座后确定了老祖宗留下的中医是最好的，只是过去几十年我没有遇到好中医，也希望世界上多一些像你们这样济世救人的好中医。我也会好好学学倪师的人纪，您知道正版可以在哪里买到吗？希望今后您会来中国开课，也愿有机缘能参加，也梦想有一天可以去美国您的诊所跟诊，呵呵，梦想要有的，万一实现了呢！非常感谢您的医者仁心，及无私奉献。您也要注意休息，保重身体！</p>",
      "level": 0,
      "highlight": false,
      "children": [
        {
          "id": "7b503cf5805c82529aa12f855655d0ed",
          "author": "李宗恩",
          "time": "2020年03月16日 10:43",
          "content": "<p>師母那還有正版人紀，可以查詢 <a href=\"http://www.hantang-nihaisha.com/chinese/ch_Articles/copyright4.htm\" rel=\"nofollow ugc\">http://www.hantang-nihaisha.com/chinese/ch_Articles/copyright4.htm</a></p>",
          "level": 1,
          "highlight": true,
          "children": [
            {
              "id": "937ad6ebbbbd702da9931c4252b7e4fb",
              "author": "Serena",
              "time": "2020年03月16日 20:07",
              "content": "<p>收到，谢谢李老师的回复</p>",
              "level": 2,
              "highlight": false,
              "children": [
                {
                  "id": "1f9926881e8e1deb6d3eaec32a5a03ea",
                  "author": "Karunavihari",
                  "time": "2020年03月18日 08:55",
                  "content": "<p>Serena,您好！请问您联系上正版的来源了吗？如果有消息请告知我，谢谢.</p>",
                  "level": 3,
                  "highlight": false,
                  "children": []
                }
              ]
            }
          ]
        }
      ]
    },
    {
      "id": "e44c0ddfc40caa01f9c5ece2866d5f5b",
      "author": "gordon",
      "time": "2020年03月14日 22:30",
      "content": "<p>李醫師講座的錄音我上傳到百度雲上了。方便大家回聽。<br/>\n連結：https://pan.baidu.com/s/1zbzXgViuKwYxyw2sdmBwmA<br/>\n提取碼：j6m4<br/>\n1呼吸憋氣呼氣判斷法-咳嗽肺炎咽喉炎.mp3<br/>\n2炙甘草湯的組方原理.mp3<br/>\n3三焦系統水迴圈生理.mp3<br/>\n4新冠肺炎預防思路十八反.mp3<br/>\n5中下焦寒濕的原因和處理.mp3<br/>\n6回答聽眾問題.mp3</p>",
      "level": 0,
      "highlight": false,
      "children": [
        {
          "id": "68b740a37a9ef381928986c83a256ae9",
          "author": "Karunavihari",
          "time": "2020年03月15日 01:53",
          "content": "<p>对不起，打开显示 网页不存在。</p>",
          "level": 1,
          "highlight": false,
          "children": []
        },
        {
          "id": "8243ea718c731b258dce02ba6ffc50b8",
          "author": "中醫追梦人",
          "time": "2020年12月07日 21:55",
          "content": "<p>对不起 打开网页 显示不存在</p>",
          "level": 1,
          "highlight": false,
          "children": []
        }
      ]
    },
    {
      "id": "0ba2b56424c4b289cfbd68d9169f5980",
      "author": "我的梦",
      "time": "2020年03月14日 22:35",
      "content": "<p>苹果手机，可能需要换appid，换大陆的id，如果有需要，可以直接给我留言，我可以帮忙解决这个问题。</p>",
      "level": 0,
      "highlight": false,
      "children": [
        {
          "id": "4c7d20bce58fd0c41926854f2ebd5b4d",
          "author": "李宗恩",
          "time": "2020年03月16日 10:47",
          "content": "<p>謝謝倪告訴我。我用Pixel 4，方便使用Google Fi世界漫遊，我可以查一查。</p>",
          "level": 1,
          "highlight": true,
          "children": []
        }
      ]
    },
    {
      "id": "e3ebbd9dc106b90d8f08e700608fc643",
      "author": "潜龙勿用",
      "time": "2020年03月15日 12:19",
      "content": "<p>听了老师的课收获很多，会一直关注！</p>",
      "level": 0,
      "highlight": false,
      "children": [
        {
          "id": "fd9b36fbff0f3f5955aae5a974e3b460",
          "author": "李宗恩",
          "time": "2020年03月16日 10:47",
          "content": "<p>我還沒有公眾號，那些是學生們幫忙安排的。</p>",
          "level": 1,
          "highlight": true,
          "children": []
        }
      ]
    },
    {
      "id": "f4225c189f23b35ac8f40c3bbc910780",
      "author": "Karunavihari",
      "time": "2020年03月15日 06:06",
      "content": "<p>李老师，这是刚看到朋友转发的好消息，特发给您过目，希望有一天，深圳特区也有一家如通许人民医院一样的经方教学点，期待<br/>\n3月1日，一份盖有深圳市人民政府办公厅红戳的《深圳市促进中医药传承创新发展实施方案(2020—2025年)》（下称《方案》）公之于众。<br/>\n<a href=\"https://m.toutiaocdn.com/i6801292836282040840/?app=news_article&amp;timestamp=1584125861&amp;req_id=202003140257410100150430181B6269D7&amp;group_id=6801292836282040840&amp;wxshare_count=2&amp;tt_from=weixin_moments&amp;utm_source=weixin_moments&amp;utm_medium=toutiao_android&amp;utm_campaign=client_share&amp;share_type=original&amp;pbid=6798652368302704139&amp;from=timeline&amp;isappinstalled=0\" rel=\"nofollow ugc\">https://m.toutiaocdn.com/i6801292836282040840/?app=news_article&amp;timestamp=1584125861&amp;req_id=202003140257410100150430181B6269D7&amp;group_id=6801292836282040840&amp;wxshare_count=2&amp;tt_from=weixin_moments&amp;utm_source=weixin_moments&amp;utm_medium=toutiao_android&amp;utm_campaign=client_share&amp;share_type=original&amp;pbid=6798652368302704139&amp;from=timeline&amp;isappinstalled=0</a></p>\n<p>也就是说，在接下来的5年，深圳将大力发展中医。<br/>\n仔细阅读《方案》发现，深圳对中医的态度提到了前所未有的高度，《方案》显示：<br/>\n* 以创建国家中医药综合改革试验区为抓手…….加快实现“病有良医”，努力打造“健康中国”深圳样板、一流的中医药传承创新城市、粤港澳大湾区中医医疗高地。<br/>\n* 深圳定的目标不低：到2025年，建成成熟定型的中医药传承创新制度体系，打造“中医药政策创新、中医药标准化、中医治未病”三个体系，构建“互联网+中医药服务、中医药医教研协同创新、中医药产业创新”三个平台……中医药传承创新发展走在全国前列。<br/>\n* 扶持中医发展，深圳态度简而言之五个字：给钱、给政策。<br/>\n* 《方案》明确，要强化财政对中医的补助。进一步完善“以事定费、购买服务、专项补助”财政补助政策，加大向中医药倾斜力度，完善中医药政策性亏损的补助机制。<br/>\n深圳重金力挺中医，我们来细看：<br/>\n* 对提供基本医疗床位的社会办三级中医院给予每床10万元基本医疗床位奖励；<br/>\n* 对取得三级甲等、三级乙等、二级甲等资质且基本医疗服务不少于50%的社会办中医类医院分别一次性奖励2000万元、1000万元、500万元；<br/>\n* 对市级15个中医临床重点专科、65个中医特色专科，深圳市财政每年安排3000万元补助资金；<br/>\n* 对与符合规定的高校共建临床医学院的，政府一次性奖励2000万元；<br/>\n* 深圳还将建设100个市级名老中医药师承工作室，每年补助经费100万元；<br/>\n* 5年内培养不少于300名本土优秀中医药骨干人才，补助经费每年300万元；<br/>\n* 实施中医全科医师倍增计划。每年培养中医全科医师约200名，按规定给予培训经费补助；<br/>\n* 大力引进中医高层次“三名工程”团队，每个团队给予800—1500万元经费支持；<br/>\n* 鼓励社康机构招录中医全科医生，每人生活补助不少于25万元<br/>\n……<br/>\n除了给钱，深圳甚至为此修改政策。<br/>\n* 《方案》明确提出，将推动修订《深圳经济特区中医药条例》；<br/>\n* 全面取消社会办中医选址、距离、数量等限制，鼓励中医医疗机构连锁经营；<br/>\n* 支持知名中医药院校来深办医办学，推进深圳高校开设中医药专业，大力发展中医药职业教育；<br/>\n* 大力推进非中医类医院中医药科室规范建设，建成不少于15个中医药工作示范点；<br/>\n* 中药及针灸等中医类治疗项目“打七折”；<br/>\n……<br/>\n有分析指出，对于深圳而言，发展中医药已经不是一个“要不要发展”的问题，而是一个“怎样去发展”的问题。</p>",
      "level": 0,
      "highlight": false,
      "children": [
        {
          "id": "7bfb67629c180518e2e232bc23c24fa1",
          "author": "李宗恩",
          "time": "2020年03月16日 11:07",
          "content": "<p>是的，這是好的改變。不過，政策正確，不一定代表執行會正確，很多人會趁這個新政策來斂財，執行政策的人不一定了解中醫、有能力分辨真假，很容易被許多包裝給騙了。</p>",
          "level": 1,
          "highlight": true,
          "children": []
        }
      ]
    },
    {
      "id": "749bf3b579e44ed19d06669b3b5446c5",
      "author": "庄朝晖",
      "time": "2020年03月16日 04:39",
      "content": "<p>李医师要保护好自己。在美国，西医的垄断势力更强，治病的或许要更低调些，只做不说。<br/>\n另外，想请教李医师，高血压吃西药转成糖尿病，一般治疗思路和用药是什么？</p>",
      "level": 0,
      "highlight": false,
      "children": [
        {
          "id": "c219e7850b14f3bb1a90b8e53d22622b",
          "author": "李宗恩",
          "time": "2020年03月16日 11:51",
          "content": "<p>高血壓西藥導致糖尿病，通常和肝脾有關，但治療上還是的看病人實際情況而定。</p>",
          "level": 1,
          "highlight": true,
          "children": [
            {
              "id": "e7455479f510506e7d9c94879ef163b4",
              "author": "庄朝晖",
              "time": "2020年03月17日 02:32",
              "content": "<p>谢谢李老师指导！<br/>\n如果是脚踝出现水肿，是不是因为吃西药伤肾了，是否可以考虑使用生硫磺来治疗下焦虚寒？</p>",
              "level": 2,
              "highlight": false,
              "children": [
                {
                  "id": "752d7577a8a477e2e0e2e62296c1d086",
                  "author": "李宗恩",
                  "time": "2020年03月17日 14:46",
                  "content": "<p>單一症狀無法說明什麼，不要隨便亂服用。</p>",
                  "level": 3,
                  "highlight": true,
                  "children": []
                }
              ]
            }
          ]
        }
      ]
    },
    {
      "id": "e1d108bda59b6b30965954b3d1cfb237",
      "author": "嘻嘻",
      "time": "2020年03月16日 05:48",
      "content": "<p>想请问李老师，科学中药哪个牌子好？听说仙丰有加面粉稀释的情况，不知真假…</p>",
      "level": 0,
      "highlight": false,
      "children": [
        {
          "id": "24a6558e469347df898cd9ff543708af",
          "author": "李宗恩",
          "time": "2020年03月16日 11:52",
          "content": "<p>每個牌子的科學中藥粉劑，都是用澱粉去吸取中藥成分。</p>",
          "level": 1,
          "highlight": true,
          "children": [
            {
              "id": "09bc576d8256ddf0ab8a5fb0d142ea5a",
              "author": "嘻嘻",
              "time": "2020年03月16日 15:12",
              "content": "<p>谢谢李老师回复。</p>",
              "level": 2,
              "highlight": false,
              "children": []
            }
          ]
        }
      ]
    },
    {
      "id": "1ae4df50a244315bd9f87c880a422b95",
      "author": "charlesliu",
      "time": "2020年03月18日 09:30",
      "content": "<p>李博士，我是大陆的，也是倪教授的一个忠实FANS,我姐姐也是，我们都受益颇多，也是希望结缘，看能否救助下我的老父亲。</p>\n<p>我爸爸现在77岁，身体偏胖，2012年夏天得的中风，当时没有得到及时的医治，也不懂放血，后来去医院治疗，<br/>\n只是控制了血压，测量发现有高血压，高血脂，血糖正常，左脑脑梗，但是发现中风导致右边偏瘫，然后2019年5月左右，<br/>\n估计是轻微右脑脑梗及时发现并且送去了医院，但是还是发现双手手肿，脚肿，后来去找中医调理，<br/>\n大概一个多月，经过推拿，针灸治疗，可以行走，回来服药，但是2019年年底，又开始反复，而且每况越下。</p>\n<p>现在老人每天卧病在床，每天需要家人照顾起居，只能左手还能吃饭，手脚冰冷，且手脚肿胀，<br/>\n晚上睡眠质量差，一晚起床上厕所几次，大便有时不正常，老人的脾不太好，提不上气，<br/>\n有点耳鸣，全身无力，疲惫，记忆力差，手脚麻木，冰冷，而且脚肿，还有面瘫，会流口水。</p>\n<p>现在只是帮忙推拿，做些辅助治疗，例如按摩，吃药，降低血压，现在想请问下李博士，<br/>\n根据这个症状，我按照网上的补阳还五汤方法，但是不确定效果及所需增加减的药材。</p>\n<p>还想通过一些外治法，例如看到网上的针灸或者艾灸药枕，药浴等方式辅助治疗，不知道是否有好的治疗方法，大陆有哪里可以推荐的？</p>",
      "level": 0,
      "highlight": false,
      "children": [
        {
          "id": "2e6e7a6632abf93740de53fbf470204a",
          "author": "李宗恩",
          "time": "2020年03月22日 12:02",
          "content": "<p>很抱歉，我對大陸的情況不了解，你們多保重。</p>",
          "level": 1,
          "highlight": true,
          "children": []
        }
      ]
    }
  ],
  "page": 25,
  "order": 9,
  "filename": "data\\page25\\page25_order8_8ab8b93f67edf0845c9f44de815e6b75.json"
}