{
  "article_url": "https://andylee.pro/wp/?p=3793",
  "title": "睡眠 – 養兒育女必須知道的21件中醫知識（3）",
  "content": "<p>良好且足夠的睡眠很重要，大家都聽過西醫研究說人平均得睡八小時，而現在中醫知識慢慢普及了，很多人也聽說過半夜十一點到三點是肝膽經的時間，一定得好好睡著，才會身體健康。沒錯，這不僅僅是中醫的說法，現在的西醫研究也發現，人體受生理時鐘的調控，人體非得在半夜這段時間處於睡眠狀態，肝臟才能好好的處理膽固醇及進行其它生理功能。而美國農業部經過十多年的研究，最近總算承認了，人體內膽固醇過高等等現象，和我們每天吃很多高膽固醇食物沒什麼關聯，以前認為一天不能吃超過兩個蛋，現在認為一天吃二十個蛋也沒有關係！臨床上，我們也常常看到人很瘦，吃素、吃的很清淡，結果卻有嚴重的脂肪肝，為什麼？因為不好好睡覺！</p>\n<p>即使大家都知道睡眠很重要，總還是有千萬個理由不好好準時睡覺：工作太多、家事做不完、照顧小孩、上臉書、早睡睡不著、整天下來還沒有一段屬於自己的時間…。大人都如此了，就更難要求小孩子早睡。加上小孩子慢慢長大，功課越來越多，課外活動也變多了，爸爸媽媽為了「不要讓小孩子輸在起跑點上」，不斷提升對小孩子的期待，四五歲就要認識多少英文單字，做完數學題目還要練琴，睡覺的時間也就不斷地往後推遲。也有些爸爸媽媽自己很晚睡，也不太在乎小孩子什麼時候上床睡覺，小孩子玩到很晚也不介意。</p>\n<p>其實，睡眠對小孩子的智能及身體的發育最為重要，不論是醫學研究，還是我個人臨床的經驗，大多數頭腦聰明、身體強健、個性開朗活潑的小孩子，通常九點左右就上床就寢，睡覺的時間遠超過八個小時，到早上七點左右起床，精神飽滿，開開心心正面的展開一天的生活。反觀那些沒有練好琴不準睡覺，或者玩到很晚爸爸媽媽也不管的小孩，常常身體健康有問題。</p>\n<p>小孩子的良好睡眠習慣，最好從出生下來就開始。小孩子一出生就不應該和父母同床睡覺，小嬰兒睡在爸媽床上，對小嬰兒及爸媽的睡眠品質都有不良的影響，也影響爸媽之間的感情，在美國甚至有小嬰兒被悶死的事件發生。小嬰兒可以自己睡在嬰兒床裡，再把嬰兒床擺在爸媽床旁邊，方便就近照顧。等到小嬰兒三四個月大以後，應該把嬰兒床移到單獨的房間，讓他開始學習意識到他自己擁有的空間，只要爸爸媽媽能聽得到小孩的叫喊，能夠很快的反應及安撫小孩子，不需要擔心小孩子會沒有安全感、會害怕，越早開始自己單獨睡一間房間，越不會有什麼不適應，也越不會影響小孩子的睡眠。小孩子的安全感並非由父母陪同睡覺而來，而是來自父母願意真心的、耐心的聽他們說話，適度的相信他們自己處理事情的能力，以及讓孩子感受到「無條件的愛」。「無條件的愛」不是溺愛，而是讓孩子知道，無論他做了什麼不好的事，你會失望、會難過、會做適當的處理、甚至會適當的處罰，但是，你對他這個人的愛並不會減少。我想現在已經很少父母會說「你不好好吃飯，爸爸媽媽就不愛你了」、「你不乖乖聽話，爸爸媽媽就不愛你了」等等恐嚇性的話，但是，還是常常聽到父母告訴小孩「你好棒喔，爸爸媽媽好愛你」、「你功課做的好好喔，爸爸媽媽好愛你」等等，這等於是在反方向的洗腦，小孩子被這樣的稱讚，暫時高興一下，很快就想到「如果我沒那麼棒，爸爸媽媽會不會不愛我了？」、「如果我功課沒有做好，爸爸媽媽會不會不愛我了？」等等，讓小孩子下意識裡陷入一種「如果我讓父母失望，我就得不到他們的愛」的恐懼，這樣的小孩是會缺乏安全感的，必須把「你表現很好」和「爸媽愛你」的關連性拔除，「無論你怎麼樣，爸爸媽媽都一樣很愛你」。</p>\n<p>很多做爸爸媽媽的會抱怨說，他們有要求小孩子早點上床睡覺，但是，小孩子就是不肯，吵著說睡不著、不想睡。在進入「治病」的階段以前，至少有三件事做爸爸媽媽的得先確認一下：（1）爸爸媽媽是不是自己也不重視睡眠時間？不準時睡覺？言教不如身教，如果做父母的自己拖到很晚才睡，小孩子自然「名正言順」的不願意早睡。（2）是不是太晚吃晚餐？如果八點半才吃完晚餐，到了九點肚子還很撐，要小孩子去睡覺，當然會睡不著。（3）是不是把小孩子晚上的行程都排得滿滿的？或者，到了快九點了，小孩子還是瘋狂的跑來跑去？睡覺前要有一段「放鬆安靜的時間（cool down time）」，人不是機器，無法在高速運轉下突然熄火睡覺。</p>\n<p>如果上面幾個因素都沒有問題，小孩子還是無法很快入睡，或者，即使睡著了也是翻來翻去，睡眠品質不好，那麼我們可以從「行為」轉向「生理」去探討。</p>\n<p>中醫對睡眠的分析很精細，不是睡不好就給你一顆安眠藥。中醫在分析睡眠時，至少分成想睡睡不著、不想睡、可以睡著但很快醒、睡得很淺、睡時中間醒來多次、半夜固定時段醒來、可以再入睡、很不容易再入睡、睡得好卻很早就醒、整夜沒有睡、自己以為睡著了卻人非常累、夢很多、有情緒的夢、雜事沒情緒的夢，無意識地翻來翻去、打呼很大聲、沒什麼睡卻精神很好等等，非常多不同的情況，再加上中醫「望聞問切」四診合參，其實還蠻複雜的。</p>\n<p>還好，小孩子的睡眠問題，通常沒有大人那麼麻煩，大多數的是脾和肝互相影響所造成的。簡單的說，小孩子可能飲食習慣不好，或者脾胃本來就比較差，身體得不到足夠的營養，血比較虛。而「血虛」以「肝血虛」先開始，小孩子肝血虛，往往不像大人一樣會比較累、臉色比較不好等等，反而會比較像汽車的冷卻水不足、引擎過熱一般，開始比較躁動、心急、容易生氣等等。這樣的情況下，比較難以入睡，睡著之後比較容易翻來翻去，當睡眠品質開始下降，中醫認為半夜「血歸肝」就不順暢，結果讓肝更差。而「肝剋脾」，肝變差了，更加把脾限制住了，脾主營養吸收，即使小孩子胃口還是很好，實質上營養的吸收更差了，肝血也就更往下掉。如此惡性循環，肝脾越來越差，導致睡眠問題越來越嚴重。會嚴重到什麼程度？臨床上我治療過不少「注意力缺失多動症（Attention-deficit hyperactivity disorder, ADHD）」的小孩子，很大一部份是這樣脾和肝互相影響而來的，有些小孩子已經服用多動症的西藥好幾年，我們從肝和脾下手治療，結果小孩子很快完全脫離所謂的「注意力缺失多動症」。</p>\n<p>不過，做爸爸媽媽的不要太緊張，聽起來好像很可怕，其實臨床上還蠻容易處理，我通常喜歡給這樣睡眠不好的小孩子兩個中藥方劑：一是「小建中湯」來強脾，增加胃口及吸收，二是「酸棗仁湯」來助眠，引血歸肝。兩者可以混在一起服用，小建中湯又有麥芽糖，味道甜甜的，小孩子比較不會抗拒服藥。效果如何？通常很不錯，甚至有好幾個「注意力缺失多動症」的小孩子，服用多種西醫好幾年也沒有起色，結果服用「小建中湯加酸棗仁湯」如此輕的中藥一陣子後，都被西醫重新診斷為沒有任何「注意力缺失多動症」的跡象。</p>\n<p>當然，不是每個睡不好的小朋友都是服用「小建中湯加酸棗仁湯」，還是得找專業中醫師好好看診。不過，治療的細節最好跟中醫師多溝通一下，譬如有些小孩子半夜磨牙很嚴重，不但發出很大聲音，還把牙齒磨壞了。小孩子的磨牙，中醫通常認為是「胃火上炎」，讓小孩子不舒服而磨牙。然而，大多數的情況都不是「實火」，而是「虛火」，也就是說並非胃火太多，而是胃下方寒濕重，胃火無法順利下行，往上反逆，造成「胃火上炎」的現象。這個時候，如果中醫師只是使用寒涼藥物來清熱，短期之間半夜磨牙會好一些，長期下來胃下方的寒濕會更重，反而加重了病情。</p>\n<p>這裡想要告訴做爸爸媽媽的主要是，良好的睡眠真的很重要，很多爸爸媽媽把優先順序排錯了，為了其它一些沒什麼大不了的事情而讓小孩子犧牲睡眠的時間，以為是為了小孩子好，反而損傷了他的健康及長期的快樂。而飲食方面也得多注意，我在臨床治療上遇到過很多溺愛過度的爸爸媽媽，小孩子偏食或每天吃麥當勞就不用提了，竟然還有小孩子不肯吃正餐，連續兩三年都只吃餅乾！還有每天只吃白飯伴肉汁，其它的都不吃！小孩子的飲食及口味習慣，是可以後天養成的，越大越難改變，父母放任小孩子隨便亂吃，是會導致小孩子一輩子的問題。小孩子就是不吃怎麼辦？小孩子不吃，也不應該給垃圾食物給他們充飢，人幾天不吃飯不會出問題，不會真的傷害到身體，小孩子不吃，就讓他餓一陣子，不要心軟而害了他，至於中醫除了「小建中湯」外，如何面對小孩子食慾不佳或偏食，我們後面的章節會討論。</p>",
  "article_time": "2016年09月29日 14:53",
  "comments": [
    {
      "id": "f740c23c8871c5a1133c2203c5ed6ac4",
      "author": "CAT",
      "time": "2016年09月30日 09:59",
      "content": "<p>想請教李醫師，可否討論食慾不佳的食後也一併討論孩子在不同的時期食慾過盛？比如toddler 到底是眼睛餓還是真餓？小孩從嬰兒到青春期不同時後的grow spurt 需注意的地方？common 的現象？謝謝！</p>",
      "level": 0,
      "highlight": false,
      "children": [
        {
          "id": "02651b572453e425ebd02d2dd5a3e3e8",
          "author": "andy",
          "time": "2016年09月30日 10:37",
          "content": "<p>會的，我本來就打算食慾不佳和過盛都討論。</p>",
          "level": 1,
          "highlight": true,
          "children": []
        }
      ]
    },
    {
      "id": "ac47d6ffc24b53224caa6ea6634bc564",
      "author": "妙欣",
      "time": "2018年02月02日 13:37",
      "content": "<p>请问李医生，小建中湯加酸棗仁湯如果用科中药粉应该是按什么比例搭配吃啊？谢谢您！</p>",
      "level": 0,
      "highlight": false,
      "children": [
        {
          "id": "edda2f55436cf74d5f6f9bd3953fe449",
          "author": "andy",
          "time": "2018年02月04日 21:11",
          "content": "<p>嚴格來說，得看病人情況而定，然而，這兩個方劑都很輕，一般情況下使用一比一沒什麼問題。</p>",
          "level": 1,
          "highlight": true,
          "children": [
            {
              "id": "d72d3aa7150beb79cb7e0b51b4b20a8b",
              "author": "妙欣",
              "time": "2018年02月05日 12:47",
              "content": "<p>谢谢您的回复！</p>",
              "level": 2,
              "highlight": false,
              "children": []
            }
          ]
        }
      ]
    },
    {
      "id": "85bfd7dc6dd8a677d210a67c03091c9c",
      "author": "Karunavihari",
      "time": "2020年05月06日 06:33",
      "content": "<p>尊敬的李博士，您好！您的21件中医知识我拷下来发给朋友家人，反应好！国内妹妹的儿子在疫情期间有压力感，后来喝了「小建中湯加酸棗仁湯」情况渐佳，妹妹好欢喜，特留言感恩您的分享和指导，谢谢您，也非常期待后文，疫情期间，望您和阳气诊所的仝人多保重，愿疫情早日结束，祝福您们！来自缅甸Metta</p>",
      "level": 0,
      "highlight": false,
      "children": [
        {
          "id": "1d85e11c00ccf802ed7ee457ccbc935e",
          "author": "李宗恩",
          "time": "2020年05月10日 20:15",
          "content": "<p>謝謝你的支持與鼓勵。</p>",
          "level": 1,
          "highlight": true,
          "children": []
        }
      ]
    },
    {
      "id": "45fe37e7a58cd052dd2016d0e1f04308",
      "author": "shawn",
      "time": "2020年06月23日 19:38",
      "content": "<p>想請教，李醫師幾處提到的早上四五點睡不好一般會從哪方面考慮（非兒童）？</p>\n<p>關於睡眠問題其他地方提到的心血和肝血虛問題，確實很好辯證和應用，幾位（病人或朋友）入睡睡眠質量都很大改善，唯獨还有早上四五點早醒反覆睡不好（睡得好但早醒，堅持下來沒進展），現在很疑惑是從肺入手嗎，還是其他方面（比如陽虛？陽氣出行不暢？），剛開始考慮加了麥冬但感覺效果不理想，想強心的話，有時又會加重虛煩影響其他時段睡眠，不知如何著手？</p>\n<p>謝謝指教。</p>",
      "level": 0,
      "highlight": false,
      "children": [
        {
          "id": "37ab3f6babc8f4659edece9915dedbcd",
          "author": "李宗恩",
          "time": "2020年06月26日 20:59",
          "content": "<p>不一定是因為肺家有問題，許多是因為膽虛。換句話說，不要因為是四五點，就以為是肺家的問題，辨證論治不以單一症狀來定論。</p>",
          "level": 1,
          "highlight": true,
          "children": [
            {
              "id": "296c3409afd36689f4833eedd4ffccba",
              "author": "shawn",
              "time": "2020年06月27日 20:15",
              "content": "<p>感謝。很有啟發。</p>",
              "level": 2,
              "highlight": false,
              "children": []
            }
          ]
        }
      ]
    },
    {
      "id": "f20e300b43db74562470768340cc3c54",
      "author": "明遠",
      "time": "2020年06月26日 23:29",
      "content": "<p>李醫師 您好:</p>\n<p>請問如果是凌晨1點~3點睡不著，除了肝的問題外，還有哪些因素可能性較高?</p>\n<p>謝謝</p>",
      "level": 0,
      "highlight": false,
      "children": [
        {
          "id": "1f290db439502c65e758dc34307985c3",
          "author": "shawn",
          "time": "2020年06月27日 20:31",
          "content": "<p>睡不著和睡不深，惡夢之類還是不太一樣。</p>\n<p>人入睡心率大概會降低20bps（陽回位），而有些人心率無法降低，否則身體其他部位會缺氧或者什麼，可以認為因此大腦得到錯誤訊息不想入睡。單單心率降不下來，裡面可能蘊含很多問題，可能心陽不足心臟代償工作，可能心血不足，可能血的質量太差，也可能肝出問題無法藏血，可能肝血不足，可能有痰飲佔據甚至攻擊心臟，半夜心悸驚醒（心陽回位無法維持本來的平衡）。每個問題都可以延伸，再結合脈相舌相眼相望診，應該有線索。這只是舉例個思路，心陽不足也可能連自救的嘗試的沒有。</p>",
          "level": 1,
          "highlight": false,
          "children": []
        },
        {
          "id": "8c33ecb923c50c7dd6028b5b5759e57f",
          "author": "李宗恩",
          "time": "2020年06月29日 11:22",
          "content": "<p>你這樣的問法有些偏差，不是一個凌晨1點~3點睡不著的症狀就對應幾個可能的病因。換句話説，肝心脾肺腎任何一個有問題，都有可能導致如此的症狀。而是反過來想，凌晨1點~3點睡不著很可能和肝臟或肝經有關，病人到底哪裡有問題，因而影響了肝臟或肝經的正常運作？可能是肝心脾肺腎任何一個或數個，可能是上中下焦哪個有問題等等，你得從病人身上搜集資料來判斷，而不是先想病人是幾個可能因素中的哪一個。</p>",
          "level": 1,
          "highlight": true,
          "children": []
        }
      ]
    },
    {
      "id": "5bfd6250070b821ac24e0929b079f3bb",
      "author": "Alia",
      "time": "2021年04月10日 12:03",
      "content": "<p>李醫師您好，</p>\n<p>我們是新手爸媽，想請教您關於寶寶睡眠的問題（目前7個半月）。<br/>\n根據西醫對睡眠的研究，新生兒睡眠週期是40-50分鐘，而且淺眠時間佔大部分，也就是半夜容易自己醒來，有的小孩容易自己睡回去有的不會。而每一個小孩成長到大人的睡眠週期所需要的時間也不一樣，即使到一歲也有半數的小孩半夜會醒來。<br/>\n想請教中醫對此的看法是什麼呢？又，在這樣的情況下是否依然可以跟如何判定睡眠品質的好壞呢？</p>\n<p>謝謝</p>",
      "level": 0,
      "highlight": false,
      "children": [
        {
          "id": "0ac29f7c79e5e7cf46ccdbdb21f2d74f",
          "author": "李宗恩",
          "time": "2021年04月11日 18:04",
          "content": "<p>西醫看到的是普遍的現象，不代表嬰兒睡不好是健康的，中醫臨床看來，嬰兒睡不好覺的解釋和大人是一樣的，只是治療上得注意不要揠苗助長。</p>",
          "level": 1,
          "highlight": true,
          "children": []
        }
      ]
    },
    {
      "id": "a459a34d455aab5055f3b6cba31b28d4",
      "author": "Joanne",
      "time": "2021年08月27日 02:10",
      "content": "<p>李醫師您好，我女兒目前6歲，胃口和睡眠品質都不佳，總是掛個黑眼圈，常磨牙或是作夢，有時也會半夜醒來又自己入睡，平時容易便秘，也比較怕冷、容易疲勞，4歲時有頻尿史現已痊癒，看了好陣子中醫進步幅度不大，已做到每天九點上床、飲食戒冰冷，想請問小建中湯合酸棗仁湯之外，在治療上有什麼其他建議嗎？感謝您</p>",
      "level": 0,
      "highlight": false,
      "children": [
        {
          "id": "620c7b4c5edca57d323b61840f668c3f",
          "author": "Joanne",
          "time": "2021年08月27日 02:17",
          "content": "<p>補充一下，舌苔白、舌尖紅，還有就是非常非常容易暈車，幾乎超過十分鐘的車程就會暈，很困擾</p>",
          "level": 1,
          "highlight": false,
          "children": []
        },
        {
          "id": "ad46c2ccc467645049d0c554a36bd450",
          "author": "李宗恩",
          "time": "2021年08月29日 12:22",
          "content": "<p>我不在網上針對個案一一討論。</p>",
          "level": 1,
          "highlight": true,
          "children": []
        }
      ]
    },
    {
      "id": "543c0d3ed376d07bab47521f11f1d557",
      "author": "Joanne",
      "time": "2021年08月27日 02:27",
      "content": "<p>李醫師您好，我女兒6歲，胃口及睡眠都不佳，常掛個黑眼圈，幾乎每天睡覺都磨牙，也常常作夢或是半夜醒來又自己睡回去，怕冷、易疲勞，容易便秘，4歲時有頻尿史現已痊癒，看中醫好一陣子感覺沒什麼進步，觀察她幾乎都是舌苔白、舌尖紅，想請問除了小建中湯合酸棗仁湯之外，治療上還有什麼其他建議嗎？非常感謝您。<br/>\n(剛有留言一次，但重新整理後發現留言不見了，所以再留一次，若有不妥很跟您說聲抱歉)</p>",
      "level": 0,
      "highlight": false,
      "children": []
    },
    {
      "id": "330944cf511c166de83a38ec9b6a4acc",
      "author": "珍惜",
      "time": "2022年08月05日 21:48",
      "content": "<p>李醫師您好，達芬奇睡眠法對人體保持健康是否有影響</p>",
      "level": 0,
      "highlight": false,
      "children": [
        {
          "id": "5496653c73522ee46da840f7bb0731c6",
          "author": "李宗恩",
          "time": "2022年08月10日 10:14",
          "content": "<p>我不了解達芬奇睡眠法，從網上有限的資訊看來，我不認為間斷式睡眠是對的。</p>",
          "level": 1,
          "highlight": true,
          "children": []
        }
      ]
    }
  ],
  "page": 46,
  "order": 5,
  "filename": "data\\page46\\page46_order4_d72d3aa7150beb79cb7e0b51b4b20a8b.json"
}