{
  "article_url": "https://andylee.pro/wp/?p=3582",
  "title": "從一個奇特的病例談阿兹海默症（老年痴呆）",
  "content": "<p>我有一對印度裔的母子病人，母親約75歲，兒子快50歲了，一年多前在另一位中醫師的推薦下來找我看診，因為不住在矽谷，只能每隔一陣子來診所看診一次。幾次下來也就熟了，和我聊了很多。據這位兒子解釋，他父親早年是矽谷的名人，為推動矽谷半導體產業的功臣之一。然而，他父親對他母親很兇，常常動手打她，那個年代對第一代移民美國的印度裔而言，是很辛苦的，所以，他母親也只好選擇默默承受。後來，他父親過世了，並沒有留下多少存款，他憑自己的努力，在科技業展現頭角，年紀輕輕就被掛名當上了白宮科技顧問。</p>\n<p>幾年前，他母親開始生病，右眼眼壓極高，無法清楚看見東西。西醫使用很強的藥物設法來減低眼壓，效果不彰，反而引起了許多副作用，常常半夜不睡覺，偶而會突然神智不清，搞不清楚時間與空間，記憶混亂，把他當做他已經過世的父親，會破口大罵，用力打他，或者打其他幫忙的人，清醒後又完全記不得。據他表示，他母親跟他妹妹住了一陣子，他妹妹生活習慣很差，每天吃垃圾食物，把自己弄得很胖，住的公寓非常髒亂，滿屋子塵霾，而他母親也是跟他妹妹住以後才開始生病。後來，他把母親接過來跟他住，也請了人來照顧他母親，可是，每次他母親都會突然無緣無故的打看護的人，他只好放下工作，自己來照顧母親，手頭上的存款不斷下降，到現在居無定所，到處找便宜的地方住，自己的身體也出現許多問題。</p>\n<p>斷斷續續地幫這位印度老太太看診，她身體有許多的問題，我們就不一一陳述，但是，有兩個現象讓我們覺得非常值得討論。這位老太太很容易便秘，只要飲食不注意就會幾天不排便，而當她幾天不排便時，她就會突然失神、失去正常的記憶，她會把兒子當成已故的先生、父親、或者在印度的兄弟，她會非常生氣，會打人，完全變了一個人。這個時候，如果能讓她排便，不管是用中藥或其它辦法，只要她一排便，馬上恢復正常，變回她年輕當護士時的那樣和藹可親，只是完全記不得發作時發生的任何事情。另一個現象是，老太太對空氣裡的塵霾非常敏感，只要室內灰塵多、通風管許久未清、或是有黴菌在浴室牆角等，她同樣的會突然失神、失去正常記憶、非常生氣、打人等等，清醒後也是記不得發生了什麼事。而因為這對母子一直搬來搬去，找便宜又適合的地方住，有時候住小旅館，有時侯用Airbnb找短期住宿，有時候租公寓，這個現象也就非常容易觀察出來，而且屢試不爽。</p>\n<p>老太太的現象完全符合中醫的理論，當大腸不通暢，不乾淨的東西不斷累積在大腸裡，「沼氣」會由大腸進入肝臟，表現出「金剋木」的情況，而如果肝臟不夠健康、解毒能力不足，這個「沼氣」會沿著血脈入腦，而導致發狂、失神、失去記憶等等，在傷寒雜病論裡多有著墨。同時，肺和大腸為表裡，同屬金，當肺臟受到塵霾的侵襲，肺與大腸津液的傳輸會受到影響，這個「沼氣」也會由肺到大腸，再到肝臟，如果肝臟守不住，就會導致同樣的發狂、失神、失去記憶等等。這個現象，很多中醫師都知道，在長期臨床上也可以觀察的出來，不過，這位印度老太太的敏感度及對中藥的反應速度，可能是一般人的十倍以上，不管發作或復原，都幾乎是立即可以觀察到，連她不懂中醫的兒子都覺得這樣的「tight correlation」非常特殊，甚至自己上網研究，發現當他母親發作大怒時，按她的太衝、足臨泣等穴位，症狀會好轉。</p>\n<p>我們回頭來看一看最近的兩篇文章（一篇是這位印度病人寄給我的，另一篇是一位物理學博士、我台大的老學長及病人寄給我的）：</p>\n<p>The New York Times: <a href=\"http://www.nytimes.com/2016/05/26/health/alzheimers-disease-infection.html?alg=&amp;_r=0\">Could Alzheimer’s Stem From Infections? It Makes Sense, Experts Say</a></p>\n<p>Scientific American: <a href=\"http://www.scientificamerican.com/article/antimicrobial-mechanism-gone-rogue-may-play-role-in-alzheimer-s-disease/\">Antimicrobial Mechanism Gone Rogue May Play Role in Alzheimer’s Disease</a></p>\n<p>這兩篇文章都在討論阿兹海默症（老年痴呆）可能和大家原本想的不一樣，有可能是因為細菌、黴菌、或其它微生物（microbes）在人體裡累積，加上人體的免疫系統因為某些原因沒有適當地處理這些微生物，而直接或間接的導致了阿兹海默症。</p>\n<p>如果我們比較這個對阿兹海默症的新想法和我這位印度老太太病人的情況，雖然細節上的連結仍不明確，我們會覺得兩者似乎指向同一個方向。而我們也不得不承認，古老的中醫理論確實很讓人驚豔。如果現代的醫學研究人員們能夠更謙虛的去了解古代人傳下來的中醫理論，先假設中醫理論是對的，願意花時間與精神往下深入研究，再想辦法連結回現代的生物化學理論，或許現代的西醫會少走很多年的冤枉路，也比較不會有每十年就有重大「昨是今非」的改變，讓全世界幾百萬個病人接受治療，十多年後才告訴他們原來的理論與治療方法是錯誤的！</p>\n<p> </p>",
  "article_time": "2016年06月01日 15:13",
  "comments": [
    {
      "id": "624b3750d9284b9b2da6a6993d98be66",
      "author": "Hemi Luan",
      "time": "2016年06月14日 08:42",
      "content": "<p>李博士，我手上几个课题是做肠道菌群代谢与退行性疾病的关系研究，我们已经拿到一些证据显示，帕金森病的倡导菌群和代谢有明显区别于普通人群，临床上显示帕金森病人便秘非常多，但是老年痴呆缺并没有便秘，或者肠道菌群代谢显著的异常。可能老年痴呆也与肠道菌群有关，但是不是普遍原因。</p>",
      "level": 0,
      "highlight": false,
      "children": [
        {
          "id": "e8476f5bac87adc7e22172d9a8365f7b",
          "author": "andy",
          "time": "2016年06月16日 13:40",
          "content": "<p>謝謝告知你們的研究。</p>",
          "level": 1,
          "highlight": true,
          "children": [
            {
              "id": "3df1c7f414d04eafc595f6048b8da8d1",
              "author": "Hemi Luan",
              "time": "2016年06月26日 02:24",
              "content": "<p>这个现象也许是个不错的研究课题。您的临床经验和思路非常重要。如果有机会来香港，希望跟您请教。</p>",
              "level": 2,
              "highlight": false,
              "children": [
                {
                  "id": "3e32aff6afaad01869e7e5d6c3fdfa22",
                  "author": "andy",
                  "time": "2016年06月30日 14:26",
                  "content": "<p>下次到香港再和你多討論。美國已經開始有這方面的研究，我還沒時間深入了解，有知道的人告訴我，他們正在研究利用換血的方式來治療老年痴呆症，因為他們認為血液中的毒素會導致老年痴呆症，目前在老鼠實驗上似乎有效，不過只能維持一兩周，這再度指向肝臟解毒的問題，即使是「乾淨」的血液，肝臟無法正常解毒，新換的血液也維持不了多久，已經有人把我的一些想法及臨床病例告訴這些研究人員，或許我們會找機會見面討論。</p>",
                  "level": 3,
                  "highlight": true,
                  "children": []
                }
              ]
            }
          ]
        }
      ]
    },
    {
      "id": "cc87c8d8f7c5aa2648b05477c74ab7b2",
      "author": "Allen Tsaur",
      "time": "2017年06月26日 12:57",
      "content": "<p>幾年前跟黃煌教授上課時，他也提到了用柴胡龍牡湯治療老年失智的案例，但是自己臨床上還沒有遇過</p>",
      "level": 0,
      "highlight": false,
      "children": [
        {
          "id": "22293da4f1365bd7fa0d41e19f4c1a31",
          "author": "andy",
          "time": "2017年07月04日 18:44",
          "content": "<p>治療老年失智及其它複雜的病例，都不是一個藥方吃到底，是一個辨證論治的思維，怎麼佈局打仗，還是得因個案級治療階段而異。</p>",
          "level": 1,
          "highlight": true,
          "children": []
        }
      ]
    },
    {
      "id": "a12c3ad6355e87d3698a7a18e8730f76",
      "author": "秦嗷嗷",
      "time": "2021年09月25日 18:39",
      "content": "<p>李宗恩医师好！身边的西医说没有生育要求或者绝经的妇女，为了子宫病变而把子宫切掉，这个没有什么影响，是真的嘛？</p>",
      "level": 0,
      "highlight": false,
      "children": [
        {
          "id": "1aa64a3466fa5bac7efecd6c67bc568a",
          "author": "李宗恩",
          "time": "2021年10月02日 19:52",
          "content": "<p>任何器官切除，都會影響到身體內部的平衡。</p>",
          "level": 1,
          "highlight": true,
          "children": []
        }
      ]
    },
    {
      "id": "a537278877b9c0f3a92af830df2435e8",
      "author": "暗香疏影",
      "time": "2024年03月26日 20:46",
      "content": "<p>请教李博士老年痴呆是不是与肾气衰关系也很密切？</p>",
      "level": 0,
      "highlight": false,
      "children": []
    }
  ],
  "page": 46,
  "order": 10,
  "filename": "data\\page46\\page46_order9_d7bc4b39b3e185ccc1cf489dd8a3a645.json"
}