{
  "article_url": "https://andylee.pro/wp/?p=3644",
  "title": "第六屆國際經方班（廣州）暨第十六期全國經方臨床運用高級研修班－ 11月13日至15日",
  "content": "<p><a href=\"https://andylee.pro/wp/wp-content/uploads/2016/07/Screen-Shot-2016-07-27-at-11.04.27-AM.png\"><img alt=\"Screen Shot 2016-07-27 at 11.04.27 AM\" class=\"alignnone size-full wp-image-3649\" decoding=\"async\" fetchpriority=\"high\" height=\"553\" sizes=\"(max-width: 583px) 100vw, 583px\" src=\"https://andylee.pro/wp/wp-content/uploads/2016/07/Screen-Shot-2016-07-27-at-11.04.27-AM.png\" srcset=\"https://andylee.pro/wp/wp-content/uploads/2016/07/Screen-Shot-2016-07-27-at-11.04.27-AM.png 583w, https://andylee.pro/wp/wp-content/uploads/2016/07/Screen-Shot-2016-07-27-at-11.04.27-AM-300x285.png 300w\" width=\"583\"/></a></p>\n<p> </p>\n<p>我剛剛從歐洲度假回美國，接到廣州中醫藥大學李賽美教授的邀請，參加第六屆國際經方班（廣州）演講授課。由中國國家中醫藥管理局主管，廣東省中醫藥學會、廣州中醫藥大學主辦的國際經方班，歷年來越辦越成功，目前已經是國際中醫界最主要的研討會之一。這次的第六屆國際經方班，分為兩場，一場七月3日4日在台北舉行，同時紀念已故國醫張步桃先生，另一場十一月13日至15日回到廣州中醫藥大學本部舉行。據了解，剛剛在台北舉辦的首場非常成功（<a href=\"http://www.gztcm.com.cn/tabid/58/ArticleID/6130/Default.aspx\">http://www.gztcm.com.cn/tabid/58/ArticleID/6130/Default.aspx</a>），恭喜李賽美教授及其它主辦人員的辛苦得到很好的迴響！</p>\n<p> </p>\n<p><a href=\"https://andylee.pro/wp/wp-content/uploads/2016/07/1大会主席团合照_缩小大小.jpg\"><img alt=\"1大会主席团合照_缩小大小\" class=\"alignnone size-full wp-image-3651\" decoding=\"async\" height=\"434\" sizes=\"(max-width: 650px) 100vw, 650px\" src=\"https://andylee.pro/wp/wp-content/uploads/2016/07/1大会主席团合照_缩小大小.jpg\" srcset=\"https://andylee.pro/wp/wp-content/uploads/2016/07/1大会主席团合照_缩小大小.jpg 650w, https://andylee.pro/wp/wp-content/uploads/2016/07/1大会主席团合照_缩小大小-300x200.jpg 300w, https://andylee.pro/wp/wp-content/uploads/2016/07/1大会主席团合照_缩小大小-480x320.jpg 480w\" width=\"650\"/></a></p>",
  "article_time": "2016年07月27日 11:20",
  "comments": [
    {
      "id": "7b2e9bc9dc5575d4931fc62979b4d565",
      "author": "張生",
      "time": "2016年08月24日 20:50",
      "content": "<p>李博士，我是在大陸的深圳，只是一個中醫的愛好者和倪師的追隨者，到時能否聽您的報告演講？</p>",
      "level": 0,
      "highlight": false,
      "children": [
        {
          "id": "4a5051d3dc369e5ea8e471864a71ef27",
          "author": "andy",
          "time": "2016年08月29日 13:26",
          "content": "<p>需要向主辦單位報名，我不確定是不是得有醫師執照，非執業醫師可能也可以報名參加。</p>",
          "level": 1,
          "highlight": true,
          "children": []
        },
        {
          "id": "395da9b2f37f2d351e0c9edfb9ef81dc",
          "author": "Isaac Chau",
          "time": "2016年09月01日 04:41",
          "content": "<p>期待andylee 老师的讲课！上次重庆的课也有支持啊！<br/>\n可以关注李賽美工作室的微信号，非執業醫師也能已参加，10月15号前好像有优惠价。</p>",
          "level": 1,
          "highlight": false,
          "children": []
        }
      ]
    }
  ],
  "page": 46,
  "order": 3,
  "filename": "data\\page46\\page46_order2_395da9b2f37f2d351e0c9edfb9ef81dc.json"
}