{
  "article_url": "https://andylee.pro/wp/?p=7064",
  "title": "FM96.1：「養生大師」澳洲被判10年 求醫訪藥該如何做判斷",
  "content": "<figure class=\"wp-block-audio\"><audio controls=\"\" src=\"https://andylee.pro/wp/wp-content/uploads/2020/01/S-12182019「養生大師」澳洲被判10年-求醫訪葯該如何做判斷.mp3\"></audio></figure>\n<p>\n\n（ 語音檔案由FM96.1電台提供，文章摘錄撰寫中，請稍加等待。謝謝。）\n\n</p>",
  "article_time": "2019年12月18日 18:40",
  "comments": [],
  "page": 28,
  "order": 7,
  "filename": "data\\page28\\page28_order6_d9b827c1789fadcb79fcbc7c7c74bf82.json"
}