{
  "article_url": "https://andylee.pro/wp/?p=6357",
  "title": "FM96.1：沒有病就真的健康嗎？",
  "content": "<figure class=\"wp-block-audio\"><audio controls=\"\" src=\"https://andylee.pro/wp/wp-content/uploads/2019/10/s-20191015沒病就真的健康嗎.mp3\"></audio></figure>\n<p>（ 語音檔案由FM96.1電台提供，文章摘錄撰寫中，請稍加等待。謝謝。）</p>",
  "article_time": "2019年10月15日 22:29",
  "comments": [],
  "page": 28,
  "order": 7,
  "filename": "data\\page28\\page28_order6_a2fecce8fe090ed10b65a4c6005eb93e.json"
}