{
  "article_url": "https://andylee.pro/wp/?p=6365",
  "title": "正本清源",
  "content": "<p>倪海廈老師一生致力於中醫臨床治療及經典中醫學術傳承，其臨床療效及對中醫的貢獻，有目共睹。倪老師辭世後，其教導與製作的人紀中醫教學內容，被世界各地的中醫師及中醫愛好者廣為流傳，讓非常多的人感到驚艷、敬佩、及感動，倪老師的聲望不但沒有因為他辭世而減低，反而更加聲名遠播。</p>\n<p>倪老師推展的經方中醫，越來越受到重視，固然是件很好的事情，卻也讓許多心術不正的人有機可乘，以各種方式來消費倪老師名聲，換取自己的利益。到處都有人盜版倪老師的人紀及天紀教材，有些人謊稱傳承倪老師學術來招攬病人及學生，也有些倪老師的學生，跟著老師學習沒有多少天，臨床也沒看好過幾個重症，卻打著倪老師的大旗來教學，教學內容卻非倪老師教導的，而是自己編撰出來、似是而非的言論。這些魚目混珠的行為，導致了許多的誤解，嚴重損害了倪老師的名聲，畢竟如果所謂的高徒如此教學、如此看診，那麼，倪老師那些重症、急症的病例一定是假的，倪老師的中醫闡述也一定是騙人的！</p>\n<p>這樣的情況，讓很多倪老師的學生感到痛恨及擔心，如果繼續放任其發展下去，必然讓倪老師一生的辛苦化為灰燼，也害了其他為中醫盡心盡力的中醫師及中醫愛好者。鑑於如此，許多位原本在倪老師身邊有代表性的人士決定聯合起來，成立一個有公信力的正式管道，宗旨在正本清源，並以真實臨床病例來傳承經典中醫學術，聯合發起的人士眾多，包括倪老師最早期的學生及數十年的法律顧問徐光佑律師、倪老師數十年摯友及診所總管李大叔Jack、台北漢唐中醫診所教學工作主持人梵中翔老師、通許人民醫院倪海廈中醫教學培訓基地指導老師楊貞醫師等等，人數眾多，不一一列舉，當然，我個人也是推動這個管道的主要負責人之一。</p>\n<p>這個正式管道的細節，會在近期內公佈，目前規劃的工作內容包括：</p>\n<p>（1）正本清源，建立公信力</p>\n<p>（2）重新整理及註解倪老師的醫案及網頁內容</p>\n<p>（3）列出倪老師學生、學生的學生名單，學習背景，執業資料等等</p>\n<p>（4）列出倪老師學生、學生的學生醫案，讓大家公開討論</p>\n<p>（5）與各地中醫愛好者及粉絲互動，也讓大家分享自己的學習經驗及困惑</p>\n<p>（6）宣傳各種教學及活動的行程</p>\n<p>這樣的工作，不可能一步到位，有瑕疵的地方還請大家多見諒及指導。如果有什麼建議，也非常歡迎大家提出來討論，功成不必在我，而是需要大家一起參與及努力！</p>",
  "article_time": "2019年10月22日 18:00",
  "comments": [
    {
      "id": "5133cf958e4ca08bff78778200681258",
      "author": "chunyi",
      "time": "2019年10月22日 21:04",
      "content": "<p>民眾和粉絲終於有明確的依據了，小弟從2008開始閱讀倪醫師的文章，期間在網路上搜尋了一些倪醫師學生的名單，但是都不清楚每位醫師和倪醫師的關係和淵源，和倪醫師關係深的又通常不在台灣(覺得很可惜)，也有介紹朋友就近去名單上的醫生那裡就醫，結果被直接建議看西醫，當然名單可能是有問題的，但是像我這樣只是一位粉絲實在無法分辨，未來終於有一個明確的依據，感謝你們的付出</p>",
      "level": 0,
      "highlight": false,
      "children": [
        {
          "id": "0d8643d721c34a748168b89edab81bb3",
          "author": "andy",
          "time": "2019年10月22日 21:48",
          "content": "<p>感謝支持及鼓勵！我們一直希望大家可以自重，畢竟醫生是一個良心事業，然而，這幾年下來，證實了不是每個人都會自重，還是得有個機制來制衡。</p>",
          "level": 1,
          "highlight": true,
          "children": []
        }
      ]
    },
    {
      "id": "4ab379aaea88a42c88fca83dec7f3ab0",
      "author": "ieitZYB",
      "time": "2019年10月22日 21:12",
      "content": "<p>深圳汉唐、桂林汉唐什么的，确实迷惑人。</p>",
      "level": 0,
      "highlight": false,
      "children": [
        {
          "id": "5e6ae4fd51bc59d1d767e6acec5eab83",
          "author": "andy",
          "time": "2019年10月22日 21:53",
          "content": "<p>深圳漢唐已經因為一些特殊情況而關閉了，而桂林漢唐並非倪海廈老師設立，而是倪老師弟弟倪伯時主導，倪老師生前和弟弟的關係如何，問一問和倪老師親近的學生及診所同仁們就會知道。</p>",
          "level": 1,
          "highlight": true,
          "children": [
            {
              "id": "9665c3c441f86646b7f608dc0a747d58",
              "author": "杨",
              "time": "2019年11月30日 18:54",
              "content": "<p>andy:<br/>\n    你好：<br/>\n    偶然看到你们的正本清源计划，我想提提我个人的建议。<br/>\n    我是大陆的中医爱好者，非医从业人员，受益于倪师的汉唐中医知识，感恩倪师大爱无疆的精神。使得我希望能尽一点绵薄之力。<br/>\n    大陆盗版猖獗，一部分人是通过盗版敛财，一部分人是真的在做传播。如果没有理解错你们的意思，主要痛恨假借倪师之名敛财之徒，这种主要有三类。一类做盗版书的，一类借倪师之名宣传非倪师之学，一类借倪师之名开业行骗。<br/>\n    针对大陆的情况，我的建议是你们通过正常的官方渠道发行倪师生前的书籍。当然你们必须得到倪师直系家属的授权，要不也是盗版了。在书中公布授权书及倪师生前认可的弟子及开业地址，这样能以正视听，打击盗版，让借倪师之名的人无处遁形。至于以前做盗版之人是否追究要看倪师家属的意见。<br/>\n    如果此建议能被采纳，本人可以尽一点绵薄之力，帮助在大陆联系出版的事宜，（本人非出版界人士）本人保证绝为过此事牟利。<br/>\n                                                江西 南昌 杨</p>",
              "level": 2,
              "highlight": false,
              "children": [
                {
                  "id": "380c98acaea6aba8a1d27ccb93d680c9",
                  "author": "andy",
                  "time": "2019年12月02日 10:23",
                  "content": "<p>倪老師教材的版權為家屬擁有，我們並不能發行，而根據倪老師原意，原來製作的教材全部賣出後，就不再出版發行。</p>",
                  "level": 3,
                  "highlight": true,
                  "children": [
                    {
                      "id": "9688ac9b0247b4fef108980fcd75b626",
                      "author": "江西 南昌 杨",
                      "time": "2019年12月05日 21:00",
                      "content": "<p>andy:<br/>\n    你好！<br/>\n    小小的遗憾，因为我也是盗版的受益者，因为对中医的喜爱，对倪师的崇拜，又不能放下倪师的书，我也希望能用到正版的。一直在用盗版的总觉得对不起倪师，好在并没有借倪师之名招摇撞骗。我想大陆有缘能读到倪师著作的中医爱好者绝大部分还是好的。都希望用到正版的，如果有正版的谁会专买盗版的。<br/>\n    还有一点我个人的观点，你们通过网络正本清源只是少数人能看到。绝大部分还是看不到现在大陆的社交软件以微信为主，能宣传盗版也能宣传正版，但无正版宣传所以盗版流行。打着“倪海厦老师人纪交流群”微信的群主有很多，多的有近万粉丝，少的也有近千粉丝。这些人都是可能团结的力量。这就要看你们是主动出击。还是坐等别人访问你们的网站。<br/>\n    因为你们是倪师最亲近的人，同时也是得到倪师医术传承和精神传承的人。所谓精神传承，就是说你们最懂你们的恩师，最知道倪师在想什么，最知道倪师想做什么，最知道应该怎样做。<br/>\n    倪师在世时也聘请了大陆律师做正版保护工作，但是现在这些律师形同虚设。所以用堵的方法可能行不通。只能用疏通的办法。你们与倪师的家属是能联系上的，只有你们才能说服他们。至少可以试试。只有这样汉唐中医才能在大陆发扬光大，才能得到最好的传承。这不就是倪师的心愿吗。<br/>\n    不好意思，在此大放厥词。只是真心希望中医能大放异采，真心希望倪师的愿望在大陆得以实现。<br/>\n    祝各位安好！<br/>\n                           江西南昌 杨<br/>\n                            2019/12/6</p>",
                      "level": 4,
                      "highlight": false,
                      "children": []
                    },
                    {
                      "id": "fc85c6dd79e77bdef6f9150c8e3262a3",
                      "author": "andy",
                      "time": "2019年12月06日 10:44",
                      "content": "<p>如何處理盜版的問題，得倪老師的家屬決定，我們不能也不適合介入。我們出面正本清源，是為了釐清許多似是而非的人事物，譬如打著倪老師的名字來收錢授課，教的內容卻非倪老師的學說，或者根本自己臨床療效不佳，卻講得天花亂墜，讓大眾覺得倪老師及其學生們都是騙人的等等。</p>",
                      "level": 4,
                      "highlight": true,
                      "children": []
                    },
                    {
                      "id": "eb6458e38def0e9922ee9e6f5d23241f",
                      "author": "江西 南昌 杨",
                      "time": "2019年12月07日 20:09",
                      "content": "<p>andy:<br/>\n    谢谢！<br/>\n    这几天打扰您了。<br/>\n    本人今年48岁，在此之前因为喜欢中医，也有近十的自学中医过程，只是将这作为一个爱好，从没想过我能学会中医。是三年前才接触到倪师的资料，自此我才真正认识了中医，才真正想到学好中医，才真正认为我能学好中医，也立志做一名中医，为此我在做准备工作。按大陆的政策非中医专业人士至少要跟师学习五年后才有资格考医师。但我认为还是非常值得的。无论最终我能否成为一名中医，我认为我的选择没有错。<br/>\n按中国的古话，人过四十不学艺。我都快五十的人了，等我学会了，学好的，已是行将就木之人。但是看了倪师的教学资料如同着了魔一样，就舍不得放手。当然在这个学习过程中没有人指导，没人人交流真的是很苦闷的。学习过程是快乐的。我相信全中国也非常非常多我这样的，甚至有很多年青人也在学习倪师的著作。相信倪师的思想会在大陆开花结果。只是在这个过程中会乱象从生，鱼龙混杂，因为每个人的动机是不一样的。自古以来任何事情，都是先乱而后治。也许是机缘未到，机缘到了乱象自会有人有办法治理。你们的努力也一定会有成果的。<br/>\n在我心目中倪师是我中医之路的引路人。因为有缘读到倪师的著作，我才真正认识中医，才树立学好中医的信心。读了倪师的著作才对中医有清晰的认识，因为有了清晰的认识我才知道我的后半生应该做什么，我希望我能成为“张仲景”，即使自己成不了“张仲景”，也尽力帮助身边的人成为“张仲景”。也许这是不可能的，但总要去试试。我会用我的后半生去试试。感恩倪师！感恩为正本清源计划努力的你们。谢谢！</p>\n<p>                                                 江西 南昌  杨</p>\n<p>                                                 2019/12/8</p>",
                      "level": 4,
                      "highlight": false,
                      "children": []
                    },
                    {
                      "id": "79749ed566eef56634ce1a69a79748a8",
                      "author": "andy",
                      "time": "2019年12月09日 09:09",
                      "content": "<p>加油，好好學中醫，無論能不能真的臨床看診，人生都會很有意義的。</p>",
                      "level": 4,
                      "highlight": true,
                      "children": []
                    },
                    {
                      "id": "2653678671c69ecf990e551d90133d86",
                      "author": "义欣",
                      "time": "2020年01月10日 15:36",
                      "content": "<p>andy你好<br/>\n现在在哪能买到倪师人纪的正版？<br/>\n无意之中看到这些文章。很吃惊<br/>\n我在伯师中医Q群里，买人纪可以与他跟诊，一直有这个想法。还好今日看到这文章</p>",
                      "level": 4,
                      "highlight": false,
                      "children": []
                    },
                    {
                      "id": "977e2b72fcfb2de37004b2cfb3ca3936",
                      "author": "andy",
                      "time": "2020年01月10日 17:08",
                      "content": "<p>倪伯時先生幫忙師母代售的人紀教材是正版的，至於和他跟診能不能學到倪海廈老師的真傳，那你得自己判斷了。台北漢唐中醫診所也有幫忙師母代售正版人紀教材。</p>",
                      "level": 4,
                      "highlight": true,
                      "children": []
                    }
                  ]
                }
              ]
            }
          ]
        }
      ]
    },
    {
      "id": "02f44baf85b727f2d57399aa63dcf250",
      "author": "Jonson Ku",
      "time": "2019年10月22日 22:38",
      "content": "<p>李醫師，是有耳聞有扛著  漢唐中醫 的牌子，在大陸開中醫館的。正本清源是必須的。</p>",
      "level": 0,
      "highlight": false,
      "children": []
    },
    {
      "id": "d8619d15623505e14e06d8a3005bcc3d",
      "author": "Lee",
      "time": "2019年10月23日 05:31",
      "content": "<p>倪老師在世的時候，新北市有個自稱倪老師大弟子的學生，開課教學，收費驚人，教學品質卻很低落。我相信除了他之外，一定還有很多不肖人士，仍打著倪老師的名義，圖一己之私利。<br/>\n非常期待倪老師留下的寶貴智慧，能透過李醫師等倪老師的門下弟子，盡可能原汁原味流傳下來。</p>",
      "level": 0,
      "highlight": false,
      "children": [
        {
          "id": "6239a06d9877e2ece6c0d9a98726f12f",
          "author": "andy",
          "time": "2019年10月23日 21:31",
          "content": "<p>師門內外很多亂象，我們一直希望大家能自重，畢竟行醫是個良心事業，沒有良心的人又何能留在醫界呢？然而，這樣的期待已不切實際，得有制衡亂象的機制來撥亂反正。</p>",
          "level": 1,
          "highlight": true,
          "children": [
            {
              "id": "c5c3cf20544bf9ed4fd13803ffda6d9b",
              "author": "ieitZYB",
              "time": "2019年10月26日 12:26",
              "content": "<p>我也是人纪DVD学员，本身工作是IT软件从业者，还好了解一些也有能力查证分辨。<br/>\n以 <a href=\"http://www.gsxt.gov.cn/\" rel=\"nofollow ugc\">http://www.gsxt.gov.cn/</a> 国家企业信用信息公示系统，搜索“汉唐经方”4个关键字有6个正规注册机构出现，其中“深圳汉唐经方健康管理有限公司”（龙岗区，法定代表人：石丽）不知道的会误以为是（跟原深圳汉唐经文中医馆，罗湖区，法定代表人：方亮，太接近）<br/>\n总之，支持，努力，也许我也能多做什么。</p>",
              "level": 2,
              "highlight": false,
              "children": [
                {
                  "id": "d75f01575ceee11938d0ec05f1c2573a",
                  "author": "李晨",
                  "time": "2019年10月26日 21:44",
                  "content": "<p>现在开的一个桂林汉唐，后续还有一个深圳汉唐经方，在筹备中。据了解，汉唐经方，会在全国每一省，设置一个分部，江苏分部等，每一个分部放一个汉唐的弟子。他们的老师是倪伯时。</p>",
                  "level": 3,
                  "highlight": false,
                  "children": []
                }
              ]
            }
          ]
        }
      ]
    },
    {
      "id": "711fa5ebac8312b44179962e797039fd",
      "author": "明遠",
      "time": "2019年10月23日 20:11",
      "content": "<p>李醫師 您好:</p>\n<p>謝謝您的努力與無私的奉獻!</p>",
      "level": 0,
      "highlight": false,
      "children": [
        {
          "id": "d1cf1e2c5d3f76f9a27e376ea6b79c65",
          "author": "andy",
          "time": "2019年10月23日 21:31",
          "content": "<p>感謝你的支持與鼓勵！</p>",
          "level": 1,
          "highlight": true,
          "children": []
        }
      ]
    },
    {
      "id": "3f56627abe232f013306ebb3fd9a7a28",
      "author": "JOJO",
      "time": "2019年10月25日 06:01",
      "content": "<p>全力支持李医师和倪师弟子及倪师朋友们的这一伟大决定！！等这一天等了很久了，感谢你们伟大的付出！！到时更新出来我定要在朋友圈告诉其他人，让大家了解！</p>",
      "level": 0,
      "highlight": false,
      "children": [
        {
          "id": "65374abcd8f0e691101b3bdc692ee75e",
          "author": "andy",
          "time": "2019年10月25日 15:27",
          "content": "<p>感謝你的支持與鼓勵！</p>",
          "level": 1,
          "highlight": true,
          "children": []
        }
      ]
    },
    {
      "id": "b1e4359fcfe92a003fbf1f1a18ba25fa",
      "author": "瑞芳",
      "time": "2019年10月25日 07:17",
      "content": "<p>必须正本清源！支持！我之前一直让深圳汉唐代购HT38玉华丸和护肝丸，还购买了正版人纪针灸教程+DVD，可惜深圳汉唐倒闭了，从此在国内再也没有正规渠道买HT科学中药和人纪教程了</p>",
      "level": 0,
      "highlight": false,
      "children": []
    },
    {
      "id": "927e5385aa8812b93e2512699d468085",
      "author": "一位在校中医生",
      "time": "2019年10月26日 21:57",
      "content": "<p>李医师，你好，最近总是听到好消息，习主席对中医药做出重要指示后，又发布了改革意见，其中在中药质量方面加强控制，在人才培养方面重视了经典与临床等等许多对中医药发展的好措施，现在又看到你们为倪师正本清源，万分感谢，中医一定越来越好，倪师的愿望一定可以实现。</p>",
      "level": 0,
      "highlight": false,
      "children": [
        {
          "id": "da717aae85f8c57e4e736463adbec28d",
          "author": "andy",
          "time": "2019年10月28日 11:18",
          "content": "<p>感謝你的支持與鼓勵！</p>",
          "level": 1,
          "highlight": true,
          "children": []
        }
      ]
    },
    {
      "id": "bd9d1c22c0fe2a224ab4e8b7556ae4dc",
      "author": "瑞芳",
      "time": "2019年10月31日 22:32",
      "content": "<p>Good evening Andy ,关于这一action”列出倪老師學生、學生的學生名單，學習背景，執業資料等等” ,plan 什么时候公布出来？我现在想在大陆江浙沪一代，找个正统的好中医，最好有合法渠道可以代购/代销HT系列科学中药，没有代购/代销许可的，很容易被坏人拉下水，大陆法制还是很严格的，只要非法出售药品，只要获利，无论多少，都是要获刑罚处置的。</p>",
      "level": 0,
      "highlight": false,
      "children": [
        {
          "id": "40e997dbfa3c513719dbf17486323b99",
          "author": "andy",
          "time": "2019年11月07日 09:27",
          "content": "<p>學生名單事宜，會是一步步整理公布。中國大陸並未核准台灣科學中藥及丸劑，銷售是違反大陸法規的。</p>",
          "level": 1,
          "highlight": true,
          "children": [
            {
              "id": "253636586440e8425e4d663f1b77456a",
              "author": "瑞芳",
              "time": "2019年11月08日 03:57",
              "content": "<p>嗯，懂了</p>",
              "level": 2,
              "highlight": false,
              "children": [
                {
                  "id": "c8a2b1a79d798a9e1342487ff343ca1a",
                  "author": "瑞芳",
                  "time": "2019年11月16日 02:56",
                  "content": "<p>Andy，有个好消息share一下，新医药法下个月一日起实施，之前对于的假药的界定范围和描述均有所调整，未批准的上市的进口药品已不视为假药，代购这类药品的，按照新法，有可能从轻处罚，临床少量的急用是符合新法的，并不构成犯罪。也就是说，之前深圳汉唐被抓的医师，如果刑期比较长的，待新法颁布后，是有机会从轻处罚的</p>",
                  "level": 3,
                  "highlight": false,
                  "children": []
                }
              ]
            }
          ]
        }
      ]
    },
    {
      "id": "89bfd4ed695a76a0792c086c548205e9",
      "author": "子超RayZ",
      "time": "2019年11月12日 07:02",
      "content": "<p>感谢李医师的付出！！</p>",
      "level": 0,
      "highlight": false,
      "children": [
        {
          "id": "af1f5664016c710de57157957b2d150d",
          "author": "andy",
          "time": "2019年11月19日 11:29",
          "content": "<p>謝謝你的支持與鼓勵！</p>",
          "level": 1,
          "highlight": true,
          "children": []
        }
      ]
    },
    {
      "id": "fa8622a3a561d202cb8cabdc7fd76e80",
      "author": "云南边境小书童",
      "time": "2020年05月27日 08:12",
      "content": "<p>其实，盗版也有负面，也有推广信息发布的一面。在特殊的时期，坏事也要看到好的一面。希望andy医师能办一个考试项目，以验证广大倪师经方爱好者的学习功底，到底是驴是马，是马是上品还是下品。人品方面，就请andy医师慢慢考虑了，所谓日久才能见人心，暂时也没有一个特别有效的方法。</p>",
      "level": 0,
      "highlight": false,
      "children": [
        {
          "id": "b0308a211c21f68851b2a68440830fc6",
          "author": "李宗恩",
          "time": "2020年05月27日 10:18",
          "content": "<p>盜版並非最大的問題，而版權由師母親自管理，我們都沒有參與幫忙。最大的問題是，許多人臨床療效很差，道德品性不良，卻假藉倪老師名義招攬病人及學生來斂財，延誤病情，誤導學生，也嚴重損害了倪老師的聲譽。</p>",
          "level": 1,
          "highlight": true,
          "children": []
        }
      ]
    },
    {
      "id": "b3949fbba23ba700186be1cbf638adac",
      "author": "韩英畴",
      "time": "2020年05月28日 07:57",
      "content": "<p>即便买到盗版的，如果一心向善，不为钱财而治病救人，我想倪师也会很欢喜的！·</p>",
      "level": 0,
      "highlight": false,
      "children": [
        {
          "id": "05d57d8710f0ae55933375d1fcb22d3f",
          "author": "李宗恩",
          "time": "2020年05月31日 20:06",
          "content": "<p>這個我無法評論，版權由師母親自管理，學生們無權表示如何適當如何不適當。</p>",
          "level": 1,
          "highlight": true,
          "children": []
        }
      ]
    },
    {
      "id": "ddd6d1e5ab2726f68d3875ee0fc06bb4",
      "author": "ieitZYB",
      "time": "2020年10月14日 15:22",
      "content": "<p>突然关联想到“诺贝尔”基金会模式，遗憾倪师或师母之前可能没有安排好一个按当下法定环境下的可持续的传承教育模式。<br/>\n师母补一个应该也来得急，组织开业学员在世界主要地区有核心基金会成员这样。</p>",
      "level": 0,
      "highlight": false,
      "children": []
    },
    {
      "id": "7fa79608b323ff1bc54da2f255a25836",
      "author": "傳承",
      "time": "2021年11月11日 17:51",
      "content": "<p>李博士，你好，非常感謝你的分享，我找到了蕘欽醫生看診，持續恢復中，感謝</p>",
      "level": 0,
      "highlight": false,
      "children": []
    }
  ],
  "page": 28,
  "order": 6,
  "filename": "data\\page28\\page28_order5_380c98acaea6aba8a1d27ccb93d680c9.json"
}