{
  "article_url": "https://andylee.pro/wp/?p=8902",
  "title": "我的人生哲學",
  "content": "<p>最近出版社趕忙著編輯和設計即將出版的新書，希望我找幾位不同領域的重量級人士寫推薦序文及書評，這讓我反思涉入過的領域。說真的，我跨越了許多的領域，雖然在各個領域中不是涉入最深的，卻很少遇到「領域廣度」比我更廣的。在不同的領域裡，我也有許多可以深談的大師級前輩及朋友，而他們常常對我提出一個相同的問題來討論，那就是在我跨越過許多領域後，認為有什麼「理念」、「思維」或「法則」在各個不同領域中都是適用的？這也是我多年來一直思索的問題，到底有什麼簡單的道理，可以橫跨自然現象、生物運作、人類行為、商業競爭、宗教哲學等等？這個尋求答案的過程，逐漸形成了我的人生哲學。</p>\n<p>我曾經在幾個偏向靈性及宗教的演講上討論過這個題目，文字解釋比較不容易，我們先跳到「結論」，我的人生哲學：</p>\n<p>「人生從來沒有真正擁有什麼，一切都是上天借給我們來體驗這個世界的， 而我們轉借給別人的越多，上天借給我們的也越多 …… 這就如同自然定律中，能量藉由阻力最低的路徑傳遞， 我們傳遞出去的好事越多，發生在我們身上的好事越多。」</p>\n<p>對於能量傳遞有些了解的讀者，可能已經猜到上段話背後的意義。自然科學定律告訴我們，能量藉由阻力最低的路徑傳遞，即使小小的局部可以改變，總體而言，這個定律主宰了整個自然科學。另一方面，整個人類認知的宇宙裡，所有的東西都是某種形式的能量，大自然是能量，人們的身體和喜怒哀樂是能量，就連金錢的運作及積蓄也是能量，只不過能量的表現不一定是物理學認知的直接形式。而既然是各種直接與間接的能量形式，是不是也都遵守「最低阻力路徑」的定律？</p>\n<p>我們很難直接測量各種事物對不同「能量」的「阻力」，但是，如果我們觀察「能量」的「輸入」與「輸出」，可以得到許多的推論。舉幾個粗淺的例子，一個人常常幫助別人，往往也就得到更多人的幫助，代表他對「幫助」的阻力很小；一個人常常對人發脾氣，別人也就常常對他生氣，代表他對「生氣」的阻力很小；一個企業提供越多的價值給客戶，也就得到越多價值的回報，代表企業對「價值」的阻力很小。雖然這些例子非常粗淺、抽象，我們仔細想想，會發現這個簡單的「最低阻力路徑」理念，其實還真的適用在各種不同的領域，我們不在這裡一一討論，哪天有足夠的時間及精力，再來寫本書深入探討。另一方面，幾乎所有宗教都教導人們要寬恕別人，這不僅僅是要你做個好人，而是讓你降低對「寬恕」的阻力，因而得到更多人對你的寬恕。古今中外各種文化下，也都有「己所不欲，勿施於人」這句話，這也不僅僅要你別害人，而是提醒你「What goes around comes around （善有善報、惡有惡報）」，你對好壞事的阻力，也是你自己的行為造成的。</p>\n<p>換句話說，我們都是各種能量的傳遞物，沒有哪種形式的能量會永遠停留在我們的身上。我們想要有怎麼樣的人生，就得降低對那樣人生的阻力，最好的方法就是提供價值給社會，幫助其他人得到那樣的人生。如果我們從這樣的角度來看待人生，做人做事的道理會變得清晰容易許多，工作也會變得更有意義及快樂。換句話說，就算這樣「最低阻力路徑」理念是「胡思亂想」，也不失為一個不錯的「人生哲學」！</p>",
  "article_time": "2020年10月14日 22:52",
  "comments": [
    {
      "id": "a1a41c2a4ebeb07997104cc90d0ca6ba",
      "author": "ieitZYB",
      "time": "2020年10月15日 15:33",
      "content": "<p>舍·得。<br/>\n我为人人，<br/>\n人人为我。</p>",
      "level": 0,
      "highlight": false,
      "children": [
        {
          "id": "13a6a4057d7778d71d11502ee873db49",
          "author": "dare",
          "time": "2020年12月15日 03:10",
          "content": "<p>谢谢老师，留言何须登陆</p>",
          "level": 1,
          "highlight": false,
          "children": [
            {
              "id": "8775f453a96d0387dd9f14b02ca89b8a",
              "author": "ieitZYB",
              "time": "2020年12月15日 16:29",
              "content": "<p>客气，不过我真没读明白你的回复。<br/>\n还有这个：<br/>\n<a href=\"http://8.135.29.76/author/lory/\" rel=\"nofollow ugc\">http://8.135.29.76/author/lory/</a></p>",
              "level": 2,
              "highlight": false,
              "children": []
            }
          ]
        }
      ]
    },
    {
      "id": "dd5973bc18a4c1f3e79420037588167a",
      "author": "明遠",
      "time": "2020年10月15日 19:20",
      "content": "<p>李醫師 您好:</p>\n<p>佛法可以圓滿您的人生哲學，佛說過很多話，如:三界唯心、萬法唯識、十二緣起…等等，都可以拿來做為建構人生哲學的參考。佛法與其他宗教最大的不同在於佛法是理性的，只要深入學習佛教的經典就會了解，一般來說學習理工的人對於佛法中的唯識學會很有興趣，建議如果要學習佛法可以先從唯識學開始。另外，所謂的藏傳佛教(或簡稱密宗)，不是佛法，自稱法王、活佛、上師等等皆非佛教徒。懂佛法的人少之又少，情況和中醫完全一樣，建議您可以參考成觀法師的書籍或講經視頻(網路上可以搜尋到)。</p>",
      "level": 0,
      "highlight": false,
      "children": [
        {
          "id": "2618212b2a57504985ccedfb495f03b1",
          "author": "李宗恩",
          "time": "2020年10月16日 14:46",
          "content": "<p>我很多年前開始認識唯識宗。</p>",
          "level": 1,
          "highlight": true,
          "children": []
        }
      ]
    },
    {
      "id": "209bba803955ae4f05d5a022a8503f94",
      "author": "四川 颜永信",
      "time": "2020年10月16日 03:39",
      "content": "<p>李医生：大法在你身边，周围。你指导河南通许县人民医院成功抗击肺炎病毒，功德无量。你传播正统中医，功德无量。我们都在向你学习。</p>",
      "level": 0,
      "highlight": false,
      "children": [
        {
          "id": "0d71f5d1a6a6f9311eb8d67086b355a3",
          "author": "李宗恩",
          "time": "2020年10月16日 21:01",
          "content": "<p>謝謝你的支持及鼓勵。</p>",
          "level": 1,
          "highlight": true,
          "children": []
        }
      ]
    },
    {
      "id": "449f6c05ea8bea9efe93642ffae6ebf9",
      "author": "艸水平",
      "time": "2020年10月16日 17:32",
      "content": "<p>推薦各位看看中醫書籍《陳士鐸醫學全書》</p>\n<p>李宗恩醫師您推崇中醫的古書，且期望能整合古書資料，雖然《陳士鐸醫學全書》年代不久遠（清朝），一位自學中醫10年的朋友，很看重 推崇這本書，請您撥冗閱讀，謝謝</p>",
      "level": 0,
      "highlight": false,
      "children": [
        {
          "id": "635c2fe91a2cd82a9a4996016f95671d",
          "author": "李宗恩",
          "time": "2020年10月16日 20:01",
          "content": "<p>我看過好幾本陳士鐸的書，確實值得看，然而，我還是建議大家先仔細研讀古籍，有基本認識後，再閱讀後代名醫的書。</p>",
          "level": 1,
          "highlight": true,
          "children": [
            {
              "id": "86b9bf4d2ce1764030a6a69a4558f1ae",
              "author": "乾中明",
              "time": "2020年10月27日 09:17",
              "content": "<p>这样省走弯路和迷失，现快把老师从针灸到金匮了解完了，工作之余用了一年零三个月，确实通过您之前指导的剂量使用方法，临床用几次跟老师讲的一样啊无一例外，好用到像假的一样没人信，真是感到因缘遇之幸运兴奋高兴，等老师的天纪人纪通盘理解后再去找陈士铎千金汤头歌等看。又有您的博客重要的问题还可以请教您别提多高兴了！</p>",
              "level": 2,
              "highlight": false,
              "children": []
            }
          ]
        }
      ]
    },
    {
      "id": "790934f417933b75197b160b2987cfcd",
      "author": "周杰",
      "time": "2020年10月17日 10:32",
      "content": "<p>李博士您好：最近悟到的请多指教</p>\n<p>治疗方法（中医，西医，开刀，针灸，汗蒸、刮痧等）＝数学（加减乘除）</p>\n<p>治疗思路（生病：加法，乘法，治病减法，除法）</p>\n<p>说明：</p>\n<p>（加法）生病都是一点一点积累变多的（七情六欲，外感六淫+以酒为浆，以妄为常。醉以入房，以欲竭其精，以耗散其眞。不知持满，不时御神。务快其心，逆于生乐，起居无节等……）</p>\n<p>（乘法）生病突然得到很重（流感，麻疹，艾滋，疟疾，埃博拉，黑死病，刀枪伤，跌伤，打伤，疫情）</p>\n<p>（减法）治病都是一点点去除的（刮痧，拔罐，汗蒸，导引，运动食饮有节，起居有常，不妄作劳等……）</p>\n<p>（除法）伤病也可以更快的见效（针灸，中药，放血，急救，止痛）</p>\n<p>生病前：遇到加法怪不怪别人，遇到乘法不怪老天（中工治欲病）<br/>\n生病中：教病人自己每天做减法，医生来做难一点的除法（下工治已病）<br/>\n健康时：一天都在忙家庭子女，应酬，别忘了每天做做减法喔（上工治未病）</p>",
      "level": 0,
      "highlight": false,
      "children": [
        {
          "id": "6f9cf067946e1b3d813b5c18bdadc700",
          "author": "李宗恩",
          "time": "2020年10月17日 21:17",
          "content": "<p>是個「想法」，但不知道你如何拿來做實際的事情。</p>",
          "level": 1,
          "highlight": true,
          "children": []
        }
      ]
    },
    {
      "id": "17b081409d732075414dfd27c0a88222",
      "author": "steven",
      "time": "2020年10月17日 23:43",
      "content": "<p>精簡歸納 詮釋因果律 果然是物理系高材生<br/>\n就如牛頓 運動定律</p>",
      "level": 0,
      "highlight": false,
      "children": []
    },
    {
      "id": "6777a29cfd7ceea63e7173a183e5fce1",
      "author": "李晨",
      "time": "2020年10月21日 07:35",
      "content": "<p>请问李医生，男性睾丸被自己按压睾丸里的筋有痛，后面发现水肿，变持续性隐痛，又表面突起静脉曲张，坠下。这几种不是自发的，而是由于手按压睾丸里面的筋一下刺痛。说起来复杂，有熬夜的习惯。<br/>\n 这种是否可用，补肝血，去肝寒，健脾利水，温肾方法来得到一些改善？</p>",
      "level": 0,
      "highlight": false,
      "children": [
        {
          "id": "9c5e0197d5da41045d8feb558c0646e0",
          "author": "李宗恩",
          "time": "2020年10月22日 11:00",
          "content": "<p>可以試試看。</p>",
          "level": 1,
          "highlight": true,
          "children": []
        }
      ]
    },
    {
      "id": "fb59d0847e6a6fc5c47ba1916400e30b",
      "author": "张",
      "time": "2020年10月21日 18:26",
      "content": "<p>李老师好，林大栋医生您认识吗，和您一起师从倪海厦医师吗？大陆这边已经正式出版了他跟诊的日志“佛州汉唐跟诊日志”，您认识吗？</p>",
      "level": 0,
      "highlight": false,
      "children": [
        {
          "id": "1f9eacf72fbef755e3b68830477bb9a9",
          "author": "李宗恩",
          "time": "2020年10月22日 11:06",
          "content": "<p>出書推廣倪老師中醫教學是好事。林大棟醫生到佛州診所跟診了兩次，各十天左右，在跟診學生中算是比較短的，期待長期跟診的學生們也加入推廣倪老師中醫教學的工作。</p>",
          "level": 1,
          "highlight": true,
          "children": [
            {
              "id": "f567113e77c007dc3718c93ad3117fa7",
              "author": "张",
              "time": "2020年10月22日 18:01",
              "content": "<p>确实时间有点短，出书后，失望有点大，没有反应倪师的思想，流水账式记录，您准备出书吗，让倪师的医术能恩泽更加广大的众生</p>",
              "level": 2,
              "highlight": false,
              "children": [
                {
                  "id": "4ed74506884e8190c49c8affcb9daf55",
                  "author": "李宗恩",
                  "time": "2020年10月22日 19:48",
                  "content": "<p>推展倪老師中醫教學，最重要的第一步是提高自己的醫術，治療急重症有卓越的療效，否則，就只是依樣畫葫蘆，轉述中很容易有錯誤，反而誤導了學習者。我的第一本書即將出版，以我自己的病例來闡述倪老師對中醫經典古籍一小部份的解釋。</p>",
                  "level": 3,
                  "highlight": true,
                  "children": [
                    {
                      "id": "152207dd4e40bc4abfa07549dd671fcc",
                      "author": "张",
                      "time": "2020年10月23日 01:44",
                      "content": "<p>非常期待，能在中国发行，让大家看到真正的倪师传人的风采</p>",
                      "level": 4,
                      "highlight": false,
                      "children": []
                    },
                    {
                      "id": "b33fb087ee82579311e0e17159148379",
                      "author": "乾中明",
                      "time": "2020年10月24日 05:57",
                      "content": "<p>哇太好了！人生迷茫的看到李博士这篇也会很有帮助，至少至诚为他人好，为社会创造价值总没错，您这样的医师太好了，医实际病痛不说还帮助人们更重要的观念！</p>",
                      "level": 4,
                      "highlight": false,
                      "children": []
                    },
                    {
                      "id": "9b64fe0c2659c8991e9fddb4005123ae",
                      "author": "李宗恩",
                      "time": "2020年10月24日 11:02",
                      "content": "<p>無論從事哪個行業、做什麼事，都應該對所有生命有基本的尊重。而依照「最低阻力路徑」的理念，即使一個人完全自私地為自己，最好的辦法也還是提供價值給社會、對其他人友善，這樣他對這些「好事」的阻力減少，自己也就獲得更多，不過，心態很重要，因為心態也是一種能量，也遵循同樣的法則。</p>",
                      "level": 4,
                      "highlight": true,
                      "children": []
                    }
                  ]
                }
              ]
            },
            {
              "id": "177f0ca9bbad76822d152a7bc9c3262e",
              "author": "张",
              "time": "2020年10月22日 18:08",
              "content": "<p>倪师走了很久了，市面上面有神话他的心态和污蔑他的心态，也就是捧杀和棒杀并存，他正式的学术合集，不知何时才能现世以正视听，或者随着时间的流逝慢慢的变成一个传说。</p>",
              "level": 2,
              "highlight": false,
              "children": [
                {
                  "id": "97655b9fae2580791770b37d4828b2ee",
                  "author": "李宗恩",
                  "time": "2020年10月22日 20:10",
                  "content": "<p>倪老師的著作都在外流傳，不難找到。然而，重點是讀者能不能讀懂、不同文化及學術領域的人能不能接受，這也是倪老師交付給我的任務，他要我重新整理他的教學，以現代科學的思維及方法，推展到世界學術主流。這是一個很艱難的任務，多年來我一直在做，也得到了不少正面的反饋，譬如這次中國對抗新冠肺炎疫情，我們在河南的表現，得到了官方及民間很大的認可，非常推崇倪老師的中醫教學方向。不過，進入國際層次，仍有很長的路要走、很高的山要爬。</p>",
                  "level": 3,
                  "highlight": true,
                  "children": [
                    {
                      "id": "3ce173bb129dba614e947af33bde7915",
                      "author": "张",
                      "time": "2020年10月23日 01:42",
                      "content": "<p>随喜赞叹您的努力，这次新冠看到了经方的神威，板蓝根双黄连成为了笑谈</p>",
                      "level": 4,
                      "highlight": false,
                      "children": []
                    }
                  ]
                }
              ]
            }
          ]
        }
      ]
    },
    {
      "id": "f88bd8c5ad217d0b3211618bb115f691",
      "author": "蘇子",
      "time": "2020年10月23日 05:41",
      "content": "<p>加油!加油! 多虧有你的努力, 雖然我中醫的學習及推廣之路很艱難但是有看到光亮..</p>",
      "level": 0,
      "highlight": false,
      "children": []
    },
    {
      "id": "a16336bcb1d2f4be6369840622dba80c",
      "author": "无显示",
      "time": "2020年10月23日 20:58",
      "content": "<p>李医师，您好！ 7岁小孩每晚刚睡后，头和上身全汗湿。今年夏天午睡时也盗汗。夏天逮住他手淫，动作不像小孩。睡前恐噩梦有1年，尿床2年半（之前晚上会上厕所）。 全口牙齿蛀牙，最近半年第一次换了两颗牙。怕渴，喜喝冷水。这个盗汗不知道什么时候才能止？用玉屏风散吗？这个盗汗是胃虚汗吗？ 我一年只有1/3时间能见到他。</p>",
      "level": 0,
      "highlight": false,
      "children": [
        {
          "id": "3ad355a00deb79d5c595bf0e570cd4b7",
          "author": "无显示",
          "time": "2020年10月24日 12:23",
          "content": "<p>桂枝汤加炮附子可以止盗汗吗</p>",
          "level": 1,
          "highlight": false,
          "children": []
        },
        {
          "id": "4ef5b89c5ca1103ee185052f2fb57233",
          "author": "李宗恩",
          "time": "2020年10月24日 10:12",
          "content": "<p>下焦寒，心火、胃火反逆，你得帶他去看中醫師，不是隨便給個中藥方試一試。</p>",
          "level": 1,
          "highlight": true,
          "children": []
        }
      ]
    },
    {
      "id": "fc3e361df0201de49ff6f050c9dc7b53",
      "author": "江湖小曾",
      "time": "2020年10月24日 08:18",
      "content": "<p>李老師您好，今天看到您當年Web3.0的講訴，十分震撼和佩服您的超前思維。我是壹名工作5年的優秀本科畢業生，常常會思考未來的道路，很開心能拜讀李老師的博客進步。</p>",
      "level": 0,
      "highlight": false,
      "children": [
        {
          "id": "c4cefb2fa6d18179ef3bd032c5e762d3",
          "author": "李宗恩",
          "time": "2020年10月24日 11:13",
          "content": "<p>那是好多年前，一時興起參加「贏在中國」，當時中國所謂的創新創業還停留在「實業」上，使用科技來幫助實業，而非使用科技來開創全新未知的應用及商業模式。</p>",
          "level": 1,
          "highlight": true,
          "children": []
        },
        {
          "id": "9ccb1d8b4b0b9f739e74b1062cb08e8f",
          "author": "ieitZYB",
          "time": "2020年10月24日 16:14",
          "content": "<p>優秀</p>",
          "level": 1,
          "highlight": false,
          "children": []
        }
      ]
    },
    {
      "id": "4cef881b1f50e422b7e17d40b7f668fb",
      "author": "汉唐小皮皮",
      "time": "2020年10月31日 05:05",
      "content": "<p>李医师要出书啦~~~~什么时候啊~~~好开心，我们在哪里可以购买得到呢？</p>",
      "level": 0,
      "highlight": false,
      "children": [
        {
          "id": "ebf612bc77df5c7b7d568d9dce0cd2b8",
          "author": "李宗恩",
          "time": "2020年10月31日 16:09",
          "content": "<p>十二月在台灣發行，台灣實體及網路書店應該都可以買得到，其它地區目前還不清楚。</p>",
          "level": 1,
          "highlight": true,
          "children": []
        }
      ]
    },
    {
      "id": "2fe1c50e1b2a0577a51710453c1502fa",
      "author": "郑金宝",
      "time": "2020年11月01日 07:14",
      "content": "<p>李老师好：我是一名经方爱好者，学习中一直有一个疑问，希望您能指点迷津。<br/>\n散剂在使用的时候如何操作？比如说五苓散，四逆散等。是直接将中药饮片打成粉直接食用，还是有其他方法。<br/>\n还有丸剂的制法，比如金贵肾气丸，是把药材粉碎后和蜜为丸，还是有其他药材的净化方式。<br/>\n倪师曾提到，汤药是最好的，因为经过蒸煮以后，不管农药残留或者重金属，都会沉淀进药渣里被过滤掉。但是当必须使用散剂或者丸剂的时候，应该怎样操作呢？倪师提到仙丰药厂所制的药粉最好，是将药材蒸煮后再提炼成粉。我们没有大厂的技术，那在使用到散剂或者丸剂的时候要怎样做呢？<br/>\n期待您的指导。谢谢！</p>",
      "level": 0,
      "highlight": false,
      "children": [
        {
          "id": "73cec43403569de1fe3f78d96c04968b",
          "author": "李宗恩",
          "time": "2020年11月03日 13:30",
          "content": "<p>散劑本來是生藥打粉而成，但現在擔心生藥中的細菌數過高，許多情況下改為湯劑。丸劑也是生藥製作而成，但加了蜂蜜及烘培的一些過程，細菌數量好一些。</p>",
          "level": 1,
          "highlight": true,
          "children": []
        },
        {
          "id": "0f33bfbf620432798066cb787512414f",
          "author": "哦或",
          "time": "2020年12月15日 01:30",
          "content": "<p>哦啦</p>",
          "level": 1,
          "highlight": false,
          "children": []
        }
      ]
    },
    {
      "id": "757cc09571f224dbaa03c8536f575efc",
      "author": "郑金宝",
      "time": "2020年11月04日 07:13",
      "content": "<p>谢谢李医师！</p>",
      "level": 0,
      "highlight": false,
      "children": [
        {
          "id": "a15a9b889d41c1624e50061485dd82b8",
          "author": "哦或",
          "time": "2020年12月15日 02:43",
          "content": "<p>谢谢</p>",
          "level": 1,
          "highlight": false,
          "children": []
        }
      ]
    },
    {
      "id": "a3ac6e8d067487dcfcd5377dd38f0b0d",
      "author": "Jane",
      "time": "2020年11月13日 18:29",
      "content": "<p>李醫師好，<br/>\n您所說的「能量」，和莊子的大自然的「息」很像⋯⋯令人親切</p>",
      "level": 0,
      "highlight": false,
      "children": [
        {
          "id": "c21205401b89b0d8b62187b4ef70cad9",
          "author": "李宗恩",
          "time": "2020年11月14日 11:26",
          "content": "<p>是的，許多不同文化背景下的哲理都有類似的觀點，我以前有一陣子也花了不少時間研讀莊子。</p>",
          "level": 1,
          "highlight": true,
          "children": []
        }
      ]
    },
    {
      "id": "3887c5b6495e986e78b94f01100f24da",
      "author": "carey",
      "time": "2020年12月18日 01:39",
      "content": "<p>李医师，您好！在这浩瀚的网络中终于找到您的阳气诊所,看到您的blog.不得不感慨这是与倪师相关的一片净土, 网络上充斥着太多真真假假,有太多打着倪师旗号的人… 李医师,大陆太需要您这样的人继承并推动倪师的医术, 可惜的是网络上找不到您的诊所开在大陆, 多么希望您能回大陆看诊,惠泽众生.此时能否请您推荐一下倪师在上海的嫡传弟子,不胜感激！</p>",
      "level": 0,
      "highlight": false,
      "children": [
        {
          "id": "d69808bcef34c4ed3dafa4788cd1200a",
          "author": "李宗恩",
          "time": "2020年12月18日 13:57",
          "content": "<p>謝謝你的支持及鼓勵。很抱歉，我不認識哪位倪老師學生在上海行醫。</p>",
          "level": 1,
          "highlight": true,
          "children": []
        }
      ]
    },
    {
      "id": "22ac0e5ba406c1267e84a373e3a3f5f8",
      "author": "葛根",
      "time": "2021年03月02日 19:09",
      "content": "<p>《穷爸爸富爸爸》里有段话:如果我可以给你提供一种新思路，那一定是这个思路：当你感到手头“有点紧”或是想得到什么时，首先要想到给予，只有先“予”，你才能在将来取得丰厚的回报，无论金钱、微笑、爱情还是友谊都是如此。我知道人们常把给予放在最后，但事实证明勇于付出对我总是大有裨益。<br/>\n先予后取。</p>",
      "level": 0,
      "highlight": false,
      "children": []
    },
    {
      "id": "e23a6120c4515770601aa4fa70e45b33",
      "author": "Fn",
      "time": "2022年06月11日 06:43",
      "content": "<p>李老师，中医可以治疗下肢（小腿）静脉曲张吗？</p>",
      "level": 0,
      "highlight": false,
      "children": [
        {
          "id": "18f17c5df81977f8aff91f6adc408c0c",
          "author": "李宗恩",
          "time": "2022年06月11日 10:54",
          "content": "<p>一般而言，可以，但可能得耗上一段不短的時間。</p>",
          "level": 1,
          "highlight": true,
          "children": [
            {
              "id": "25b5b7298af5a59c9a2a0f035aaa7414",
              "author": "Fn",
              "time": "2022年06月11日 21:54",
              "content": "<p>好的，主要我才21岁就患上了这种怪病，上网查了一圈手术几乎都是以剥除静脉摧毁静脉为主，主要对此我感到害怕，觉得剥掉静脉会有什么后遗症</p>",
              "level": 2,
              "highlight": false,
              "children": []
            }
          ]
        }
      ]
    },
    {
      "id": "0f07f1300ccf296cc8798e0ed89dec8b",
      "author": "Fn",
      "time": "2022年06月24日 08:20",
      "content": "<p>李老师您好，请问中医可以治疗噪声损伤损害的耳鸣耳聋及耳闷吗？我大概2年前开始制作音乐，在学校读书时宿舍没有条件我只好戴上耳机制作音乐，每天做的都是一些以噪声为主的音乐（打击乐、鼓这些低频为主）一开始只会在做久之后摘下耳机感到耳朵有点发疼，休息一会儿可能就没感觉了所以我没怎么在意，但是有一天开始摘下耳机之后除了感到疼痛外疼痛消失后我还感到耳闷，一般过一天或几个小时后会消失，突然有一天开始我戴耳机做音乐时耳朵会突然发生耳鸣，是声音很高频持续时间大概几秒到十几秒的突然耳鸣（两边耳朵都有）耳鸣发生时耳朵会感到收缩，有种突然耳聋的感觉（除了耳鸣声其他都听不见）然后耳鸣消失后耳朵会感到疼痛以及耳闷；这个症状一直伴随到了现在，大概一年半多的时间；而且出现这个症状之后我明显感觉我耳朵变得和我之前不一样了，我对噪音异常敏感，我开始受不了噪声，走在马路上有时候车流经过我的耳朵都会受不了感到发闷疼痛，听到打击乐鼓等各种低频或者大响度的噪声我耳朵会发疼，紧接着过一会儿就会发生突然的耳鸣耳聋耳疼，然后恢复。我去医院看的时候听力在正常范围内（可能曲线有一些波动），医生就给我开了些活血的药（银杏叶片和甲钴胺），这些药我大概吃了几百粒也没什么作用，我这个症状一直没好，但后来晚上睡觉时我甚至能听到持续的耳鸣（右耳）；后来我也尝试过高压氧舱治疗，也没有什么效果，请问医生这种关于耳朵的疑难杂症有办法解决吗？我只想让我的耳朵变回之前的样子，和正常人一样。</p>",
      "level": 0,
      "highlight": false,
      "children": [
        {
          "id": "843cb3c9acfa221744f38c639dd7ab18",
          "author": "李宗恩",
          "time": "2022年06月29日 09:43",
          "content": "<p>如果耳膜沒有永久性的傷害，一般而言，中醫是可以幫忙改善的。</p>",
          "level": 1,
          "highlight": true,
          "children": []
        }
      ]
    }
  ],
  "page": 20,
  "order": 1,
  "filename": "data\\page19\\page19_order10_790934f417933b75197b160b2987cfcd.json"
}