{
  "article_url": "https://andylee.pro/wp/?p=12061",
  "title": "中醫淺談系列之四：新冠治療與預防",
  "content": "<figure class=\"wp-block-image size-full is-resized\"><a href=\"https://andylee.pro/wp/wp-content/uploads/2022/12/mmexport1671557080803.jpg\"><img alt=\"\" class=\"wp-image-12058\" decoding=\"async\" fetchpriority=\"high\" height=\"980\" sizes=\"(max-width: 582px) 100vw, 582px\" src=\"https://andylee.pro/wp/wp-content/uploads/2022/12/mmexport1671557080803.jpg\" srcset=\"https://andylee.pro/wp/wp-content/uploads/2022/12/mmexport1671557080803.jpg 582w, https://andylee.pro/wp/wp-content/uploads/2022/12/mmexport1671557080803-178x300.jpg 178w\" width=\"582\"/></a></figure>\n<p><strong>時間：</strong>加州時間12月30日周五下午6pm / 北京時間12月31日周六上午10am</p>\n<p><strong>內容：</strong>新冠治療與預防</p>\n<p><strong>主辦單位：</strong>岐黃聖賢智慧公益學習平台</p>\n<p><strong>觀看直播通過方式預約：</strong></p>\n<p>用微信（WeChat）掃描圖片中的二維碼，點擊預約直播，屆時進入微信視頻號觀看直播。</p>\n<p><strong>簡介：</strong></p>\n<p>2020年一月，新冠疫情剛剛爆發時，李宗恩博士在網上公開討論治療的思路及方法，三年很快就要過去了，即使新冠病毒多次變種，始終逃不過中醫對這類外感疫病在人體内發展的分析，從最早的武漢毒株、Delta、Omicron，到現在的幾個傳染性强大的變種，李博士依據三年前討論過的思路，治愈了世界各地非常多的確診病人，西醫束手無策的急重症病患也被搶救回來。</p>\n<p>然而，隨著中國大陸的解封，新冠疫情在全國大幅肆虐，死亡病例頻傳，醫療系統束手無策，民眾搶購各種中西藥，甚至還要海外的親朋好友從世界各地大量購買退燒藥等寄回國内。爲什麽？明明中醫治療的成效在2020年就受到國家衛健委、央視、人民日報、新華社等認可及讚揚，繞了一大圈以後，中醫爲什麽又被踢到路邊、棄如敝屣？大眾寧可冒著加重病情的風險來胡亂服用沒有療效的西藥，也很少人知道及相信中藥幾天内就可以治愈？</p>\n<p>問題的癥結在於一大群所謂的中醫專家，臨床沒有能力治療急重症，卻提出一堆寒濕疫、溫熱疫，溫毒疫、溫熱濁毒、寒濕熱濁毒、熱病等的説法，臨床遇到嚴重一些的病人就變成了西醫主治中醫輔助。更有不懂中醫的各類人士，把連花清瘟等清熱解毒的方劑捧上天，說可以抑制新冠病毒複製，有效治療新冠確診病例。結果呢？臨床病例飆升、急重症病例一多起來後，這些講得天花亂墜的説法都被打趴在地上，越清熱解毒，咽喉越加灼熱疼痛，呼吸越加困難，只好放棄中醫治療，臣服於新冠疫情的淫威之下。</p>\n<p>李宗恩博士將在講座中再次解説新冠的治療及預防方法，再次强調無論新冠病毒如何變種，經方中醫的思維不變，近三年來在世界各地非常多的治愈病例下，驗證正統中醫可以快速、有效、價位低廉地治愈感染新冠各類變種病毒的病人。</p>",
  "article_time": "2022年12月20日 19:16",
  "comments": [
    {
      "id": "093d9d52d15672c39d50f23b80385a31",
      "author": "C",
      "time": "2022年12月20日 21:23",
      "content": "<p>李医生您好，我父亲牙龈萎缩严重，牙齿非常松动，牙体还行，已经影响正常吃饭，脾胃也不算好，身体有些瘦弱。他大概25岁时牙龈就已经开始出血，他有学习倪师中医，尝试过 桂附地黄汤、八珍汤，但没有得到较好的效果，我想从您这里得到一些治疗方向。</p>",
      "level": 0,
      "highlight": false,
      "children": [
        {
          "id": "515e2f73aa730a75cb8bad2ba34cbca0",
          "author": "李宗恩",
          "time": "2022年12月28日 17:36",
          "content": "<p>使用中藥牙粉刷牙。</p>",
          "level": 1,
          "highlight": true,
          "children": [
            {
              "id": "1e4c00459cf38476f80c4695c0218d29",
              "author": "張漢",
              "time": "2023年01月02日 23:09",
              "content": "<p>李博士，您好：<br/>\n   看倪海廈老師的人紀中有提到用《青鹽+炮附子》等量打粉用來刷牙齒，可以起到堅固鬆動的牙齒，您指的中藥牙粉是這個配方麼？如果不是能不能請您提供一個牙粉的配方。謝謝！</p>",
              "level": 2,
              "highlight": false,
              "children": [
                {
                  "id": "9bc1e8cc00bf8dc6cc5bab2ffa3bfbcb",
                  "author": "李宗恩",
                  "time": "2023年01月10日 09:20",
                  "content": "<p>除了倪老師的牙粉方外，清代陳修園的固齒方也挺好的，網上查得到。</p>",
                  "level": 3,
                  "highlight": true,
                  "children": [
                    {
                      "id": "4d4e9ee26dc38747827792acc07b12e6",
                      "author": "張漢",
                      "time": "2023年01月11日 05:44",
                      "content": "<p>收到，謝謝您的解答。</p>",
                      "level": 4,
                      "highlight": false,
                      "children": []
                    }
                  ]
                }
              ]
            },
            {
              "id": "5bdc3a3f1f9b8f5efdadf22550787842",
              "author": "安丁丁",
              "time": "2023年06月11日 05:51",
              "content": "<p>您好，尊敬的李博士，我是大陆一名新冠后遗症患者，到目前为止已经6个月时间，现在症状，左胸后背阵痛，左乳头周围，咳白痰，乏力，走路200米左右就胸闷。大便一天一次，不怎么成型，小便有点点黄。不知道能不能得到李博士帮助，我是倪师的粉丝。</p>",
              "level": 2,
              "highlight": false,
              "children": [
                {
                  "id": "c43a7161946032c48270de9832caea26",
                  "author": "李宗恩",
                  "time": "2023年06月12日 10:40",
                  "content": "<p>我不在網上針對個案一一討論，有醫療需要，請聯絡診所info@youngQi.com</p>",
                  "level": 3,
                  "highlight": true,
                  "children": []
                }
              ]
            },
            {
              "id": "7c562f92f9754c63ddb508dc5a59c45c",
              "author": "安丁丁",
              "time": "2023年06月11日 06:09",
              "content": "<p>您好，尊敬的李博士，我是大陆一名34岁新冠后遗症患者，到目前为止服用中药已经6个月时间，之前不知道中医有好多派别，<br/>\n自从看了倪师视频才知道中医博大精深。但是一直没有好转。现在症状，左胸后背阵痛，左乳头周围，咳白痰，乏力，走路200米左右就胸闷。大便一天一次，不怎么成型，小便有点点黄。不知道能不能得到李博士帮助，我是倪师的粉丝。能看到可以留言真的谢天谢地！</p>",
              "level": 2,
              "highlight": false,
              "children": [
                {
                  "id": "b84a05855a54a7d12fc02316a348c0a9",
                  "author": "李宗恩",
                  "time": "2023年06月12日 10:41",
                  "content": "<p>同樣的問題，不要重複留言。</p>",
                  "level": 3,
                  "highlight": true,
                  "children": []
                }
              ]
            }
          ]
        },
        {
          "id": "554ba9ebbcf4ae8622e1b57e9c7c1ec1",
          "author": "Andy",
          "time": "2022年12月29日 06:53",
          "content": "<p>你父亲的唇沿是否有黑紫?脚上是否有感染脚气?</p>",
          "level": 1,
          "highlight": false,
          "children": []
        }
      ]
    },
    {
      "id": "6a3fff47b2fa07e3491ed4cadad9c8c4",
      "author": "T3",
      "time": "2022年12月20日 22:49",
      "content": "<p>看到某局发布的居家中医药干预指引，真的很失望，不知道这三年经历了什么，让某局又恢复到了清一色的清热解毒、扶正气的温病派治疗方法。<br/>\n学习经方这么久了，知道这次放开是验证自己水平的一次好机会，治疗身边几人，都能做到第一天证状大幅缓解，第二第三天痊愈的效果，远比大众流传的7天“痊愈”要优秀。但即使如此，也没能让身边所有人完全相信中医是有独立治疗能力的，也许是认为是自己打的疫苗有效果，或是吃的西药也很有用……而我自己没有打疫苗，在身边全是小羊人的情况下，运用我的水平也成功达到“无症状”的效果。<br/>\n这里真的要非常感谢李医师开设博客普及知识，当初学习倪师视频是不认为中医能做到治疗新冠的，2020年也曾经害怕过一阵子，自从找到李医师的博客后，翻阅了很多文章， 改变了很多对中医错误的认识，也明白到中医有着以不变应万变的能力，现在应对自己及家人的健康问题已经从容了很多。</p>",
      "level": 0,
      "highlight": false,
      "children": [
        {
          "id": "09444aaa2bd754d6d9f8b389c6ff9ff2",
          "author": "李宗恩",
          "time": "2022年12月28日 17:38",
          "content": "<p>這次新冠大爆發，立刻可以分出來哪些中醫師真的有臨床治病的能力，哪些中醫師只是紙上談兵。</p>",
          "level": 1,
          "highlight": true,
          "children": []
        }
      ]
    },
    {
      "id": "0cf8f31bfd3bf0fab1017d5f94052370",
      "author": "鄭皓澜",
      "time": "2022年12月21日 12:14",
      "content": "<p>国内已将麻黄列为二类有毒中药，不是真正的青龙，而是煮过的黄龙，所以治疗外感病效果不彰。</p>",
      "level": 0,
      "highlight": false,
      "children": [
        {
          "id": "0d5649b78925d449caf6c2888efaf529",
          "author": "李宗恩",
          "time": "2022年12月28日 17:39",
          "content": "<p>你的資訊不正確，中國大陸可以買得到品質良好的麻黃。</p>",
          "level": 1,
          "highlight": true,
          "children": [
            {
              "id": "89c33b7f6803a62586f25269886e3db3",
              "author": "Mc",
              "time": "2023年01月01日 21:28",
              "content": "<p>李老师感谢您百忙之中的回复。我作为初学者也在追求临证治疗。不相信一方治一病。当初也是好奇阴阳毒治，为何有效，因此来询问您。包括咽痛，身如杖痛，是否能应用在那些形容身好似被打一样的病人。又跟葛根汤有何区别。包括升麻的杀毒蛊，辟温疾。障的作用，是否能在新冠病毒中生效。这是我当初好奇的问题。如今看来确实不是正解。开始是由群内吉林的医师，说他临床应用这两方加减治疗新冠效果很好。具体数据不清。后有5，6位大夫自身原方应用。多半数有效，但很奇怪的是目前观察到有效的都是东北的大夫。。另个虽然在退热，睡眠，食欲有效。但同时有个人也产生了腹泻，咽痛，喜冷饮，易饿等症状。目前还在观察。。另个感谢您的直播课程。尤其咳嗽治症，我学到很多。望您新的一年一切安康</p>",
              "level": 2,
              "highlight": false,
              "children": []
            }
          ]
        }
      ]
    },
    {
      "id": "95db3af26972c4ac72d0bbdb5d7eee45",
      "author": "Yingnan",
      "time": "2022年12月22日 18:49",
      "content": "<p>李博士您好，家人在大陆这次放开之后感染了新冠，在经方的帮助下，我通过使用葛根汤和小青龙及时拦截的病程，1天退烧，第2天基本没有不适，只有些许疲劳。<br/>\n但是有一个问题想请教您，那就是病人恢复后会不会产生足够抗体，以对抗未来的感染（假设是同一种病毒）。<br/>\n因为在经方的帮助下，病程实在太短，所以好奇于西医所谓的免疫应答有没有完全激活，产生抗体。（现在药物很难买到，忧心于多次感染可能会带来药物不足情形）<br/>\n如果李博士有相关的资讯答案，希望可以告知一下，感谢！！</p>",
      "level": 0,
      "highlight": false,
      "children": [
        {
          "id": "8e35aa16fa6a621d1fbf20ff4ef88cf5",
          "author": "李宗恩",
          "time": "2022年12月28日 17:40",
          "content": "<p>你還是以西醫的思維來想中醫，如果中醫治療得好、病人身體健康，那你擔心什麼？</p>",
          "level": 1,
          "highlight": true,
          "children": [
            {
              "id": "d30294547a72aebc2454483fb0342b9b",
              "author": "Yingnan",
              "time": "2023年01月03日 17:52",
              "content": "<p>确实您说的对，不需要担心这些。谢谢指点。</p>",
              "level": 2,
              "highlight": false,
              "children": []
            }
          ]
        }
      ]
    },
    {
      "id": "000e03d4fb0ce0563f881c58ab3309ee",
      "author": "tomlzt",
      "time": "2022年12月23日 04:57",
      "content": "<p>李医生您好，国内有人（微信公众号叫村长侃）认为奥密克戎是狐惑病，应当用甘草泻心汤治疗，据说疗效不错，您怎么看</p>",
      "level": 0,
      "highlight": false,
      "children": [
        {
          "id": "5bcd9e1e0ec3888df1d0642128a9b479",
          "author": "李宗恩",
          "time": "2022年12月28日 17:43",
          "content": "<p>如果你隨隨便便就相信微信上的言論，那你可能不適合學中醫。</p>",
          "level": 1,
          "highlight": true,
          "children": []
        },
        {
          "id": "2820513e46aeefc7ab86e3edbf41a2a6",
          "author": "vincent.Do",
          "time": "2023年01月04日 22:47",
          "content": "<p>这个人的演讲极具诱惑性，我看过他的讲课视频，理法听上去很有道理，但经不住仔细推敲。因本人看到此视频时正好赶上感染，经一碗麻杏石甘汤退烧后出现嗓子疼，试用甘草泻心汤两付，只是感觉身体有所通畅，对嗓子疼痛无效果。此时就清楚知道了此人所说是在混淆视听，其理法经不起推敲。之后按宗恩老师的解释，嗓子疼是水代谢问题，服苓桂术甘汤两付即好。<br/>\n后来听说有很多人服用泻心汤后拉肚子严重，明显是引邪入里入阳明，还好本人平时身体就很通畅未造成什么后果。如果盲目用泻心汤，除引邪入里外，恐怕还有不该下则下，而产生结胸等更严重问题。<br/>\n此人立论依据是“状如伤寒”，就认为所有病毒类的这些感染是状如伤寒但不是伤寒，应为狐惑病，且“蚀于喉为惑”，“蚀于上部则声嗄，甘草泻心汤主之”。而倪师早就说过狐惑病，“狐惑病，就是寄生虫引起的病。这种虫，有的时候可能是血丝虫，<br/>\n可能是肠子里面的蛔虫，有的时候可能是性病的毒”。</p>",
          "level": 1,
          "highlight": false,
          "children": []
        },
        {
          "id": "96c38f3b3b99abc4695511f8f1195a9e",
          "author": "vincent.Do",
          "time": "2023年01月04日 23:13",
          "content": "<p>梦游、性病、寄生虫、凭依证等等为狐惑病。</p>",
          "level": 1,
          "highlight": false,
          "children": []
        }
      ]
    },
    {
      "id": "316b7bcdec8cdab2dc67cbebbef62a40",
      "author": "Mc",
      "time": "2022年12月28日 23:02",
      "content": "<p>李宗恩老师。现在大陆这头也有很多人认为新冠是狐惑病阴阳毒，临床用到了升麻鳖甲汤去蜀椒雄黄。还有甘草泻心汤，效果据说也很好。您可以一起讲解下吗。麻烦您了，感谢感谢。</p>",
      "level": 0,
      "highlight": false,
      "children": [
        {
          "id": "be03f72b0449bd9a8d0038a99ccd1800",
          "author": "李宗恩",
          "time": "2022年12月30日 10:10",
          "content": "<p>「很多人认为新冠是狐惑病阴阳毒」？網路上亂傳的消息很多，即使有些病人服用而退燒，也不代表是正確的治療方式，更何況你查驗到多少個病例？</p>",
          "level": 1,
          "highlight": true,
          "children": []
        },
        {
          "id": "40e7d4d65613c161685090a4b4df4e17",
          "author": "vincent.Do",
          "time": "2023年01月05日 01:17",
          "content": "<p>这个也是微信公众号叫村长侃的人所讲，其视频极具诱惑性，医理讲起来头头是道，尤其对似是而非理解传统中医不深刻的人具有很大误导。但仔细分析其所说，根本经不起推敲，而且此人明显没有多少临床经验（自己在视频中也承认），试想一个没有多少临床经验的人讲得有多少可信度呢？我还是坚定不移相信倪师，相信会治病的医生说的话。</p>",
          "level": 1,
          "highlight": false,
          "children": []
        }
      ]
    },
    {
      "id": "1460cf698bf7cb48beca0acda81f6a84",
      "author": "Mc",
      "time": "2022年12月28日 23:11",
      "content": "<p>思路源于之前清朝甲午核（鼠）疫用的金贵阴毒方。。我身边确实有大夫用。本身他们用了麻桂类后，高烧反复，心慌，睡眠不好。用了升麻鳖甲汤去蜀椒，雄黄后。确实睡眠好了。烧退了。。</p>",
      "level": 0,
      "highlight": false,
      "children": [
        {
          "id": "d6f8284e49cc4a72d528419eebded8cb",
          "author": "学人子明",
          "time": "2022年12月30日 15:37",
          "content": "<p>我也在网上看好多人传这方。如果你有好的医案可以分享下。升麻鳖甲汤不是治疗阳明太阴内毒的吗。<br/>\n高烧反复，可能药缓了。之前有个小孩子不好好吃药高烧反复，开药一直追到了射干麻黄汤才完全好。至少我身边的人吃了麻桂类睡得口水都流出来。我个人病初时用了葛根汤一觉到天亮被饿醒，没经历过发烧。</p>",
          "level": 1,
          "highlight": false,
          "children": []
        }
      ]
    },
    {
      "id": "136bde35e9401aa8f00650562286e143",
      "author": "zxc",
      "time": "2022年12月30日 18:41",
      "content": "<p>李老师，曾经听倪师说过发生瘟疫有办法预防自己不感染，不知道是什么方子</p>",
      "level": 0,
      "highlight": false,
      "children": [
        {
          "id": "26fafd688d9134dc1649db5910269bd5",
          "author": "李宗恩",
          "time": "2022年12月31日 15:10",
          "content": "<p>五苓散。下次有問題，先查詢，你這個問題已經說過很多次了。</p>",
          "level": 1,
          "highlight": true,
          "children": []
        }
      ]
    },
    {
      "id": "9db1bc949e637bef95dad4cca3957fc5",
      "author": "高度",
      "time": "2023年01月01日 04:21",
      "content": "<p>请问李老师脾肾阳虚会导致肝脾不和吗，一些医书上记载说肾阳虚久之后会导致脾阳不足这时吸收能力会下降也会导致肝血不足，而肝血不足肝就比较虚亢，又会克制脾脏，我有一个疑问肝脏是如何克脾的，是肝血的问题还是肝气郁结的原因呢？在大陆这边很多中医一看肝脾不和只会开一些疏肝理气的药，理气又伤气同时肝脾不和也治不好。<br/>\n如果脾肾阳虚导致肝血不足从而引起肝脾不和那么一直补他的肾阳肝脾不和会好转吗？</p>",
      "level": 0,
      "highlight": false,
      "children": [
        {
          "id": "0cd2c7f1d6099cf1c7fb519ff1782314",
          "author": "李宗恩",
          "time": "2023年01月02日 16:07",
          "content": "<p>一個臟腑有問題，會影響到所有其它臟腑。</p>",
          "level": 1,
          "highlight": true,
          "children": []
        }
      ]
    },
    {
      "id": "8ca22fab55da819dc3599c00c41fe86d",
      "author": "高度",
      "time": "2023年01月01日 04:32",
      "content": "<p>请问李老师为什么有些人吃麻黄附子细辛汤吃后小便量很大，小便量大是因为寒湿被排出去了，可是还有一些人明明寒湿很重用麻黄附子细辛汤完全无效，就发挥不出来这药的真实作用，吃完石沉大海，我也查过一些资料包括倪老师的伤寒论讲的一些话，倪老是说过这样一句话当血脉有湿时用什么药都无效，难道血脉有湿会导致用药无效发挥不出药物的真实作用吗？<br/>\n如果我用桂枝芍药知母汤先把血脉中的湿排出之后再吃麻黄附子细辛汤会有效吗</p>",
      "level": 0,
      "highlight": false,
      "children": [
        {
          "id": "6f5911f31cadf25468343d6a52b34de7",
          "author": "李宗恩",
          "time": "2023年01月02日 16:09",
          "content": "<p>我不確定你在說些什麼，看起來你學得很亂。</p>",
          "level": 1,
          "highlight": true,
          "children": []
        }
      ]
    },
    {
      "id": "354f90bb1b23249a94cb4b0c8f5bec28",
      "author": "高度",
      "time": "2023年01月01日 04:50",
      "content": "<p>请问李老师如果这个病人肾阳肝血脾胃非常虚弱应该如何下手去治，这时候的病人稍微寒凉一些的药不能吃一吃拉肚子肾阳更虚，热一些的药肝又受不了因为肝血太虚了无法制衡补进去阳气就会上火，用煅龙骨牡蛎收敛也不行甚至血虚生风眼睛也痉挛半夜三点醒啊都会出现，如果用小建中汤恢复他的脾胃更不行，肾阳大亏的人吃小建中汤只会拉肚子，像这种情况应该先从哪里下手</p>",
      "level": 0,
      "highlight": false,
      "children": [
        {
          "id": "4152603368abb5e64be0ce08a65534b8",
          "author": "李宗恩",
          "time": "2023年01月02日 16:10",
          "content": "<p>我不確定你在說些什麼，看起來你學得很亂。</p>",
          "level": 1,
          "highlight": true,
          "children": []
        }
      ]
    },
    {
      "id": "dc7bd8aa28d887350b9923bd1179e4ec",
      "author": "桂花",
      "time": "2023年01月03日 12:49",
      "content": "<p>感谢李医师，我刚刚听完这个讲座，讲解思路比较清晰，也比较好理解，很好的科普讲座</p>",
      "level": 0,
      "highlight": false,
      "children": []
    },
    {
      "id": "180e042aa71e067b1ea77473ae1fc02b",
      "author": "桂花",
      "time": "2023年01月03日 12:51",
      "content": "<p>李医师，讲话速度一直都这么快的吗？这速度真没谁了，太快了，就跟视频设置了1.5倍的速率差不多</p>",
      "level": 0,
      "highlight": false,
      "children": [
        {
          "id": "0f11d67445851d87c0abfd6ccf1d5854",
          "author": "经方爱好者",
          "time": "2023年01月03日 16:36",
          "content": "<p>说明你听李医师的讲课太少了，我早就习惯了，而且都能听清楚。</p>",
          "level": 1,
          "highlight": false,
          "children": []
        }
      ]
    },
    {
      "id": "fdea4185b2c873215e2f91c3961a64f1",
      "author": "vincent.Do",
      "time": "2023年01月25日 04:13",
      "content": "<p>youtube录像供大家参考： <a href=\"https://youtu.be/w8a3F5JapSE\" rel=\"nofollow ugc\">https://youtu.be/w8a3F5JapSE</a></p>",
      "level": 0,
      "highlight": false,
      "children": []
    },
    {
      "id": "22b47ba1cb477ef4862929ecceba843a",
      "author": "大兔子",
      "time": "2023年01月25日 22:12",
      "content": "<p>我本人的新冠是少阴病，表现为但欲寐，发烧，身疼痛。发烧那天不想动，实在懒得熬药。吃了布洛芬效果不大，第二天咬牙熬了麻附辛，2到3小时退烧。</p>\n<p>感觉身边人大多是寒证，顶多后面入里化热，根本不是温病。</p>\n<p>中医口碑差一方面是时方派技术太渣，还有一群打着中医名头的骗子在浑水摸鱼，一方面网络上很多收了钱的中医黑带节奏，玩梗。</p>",
      "level": 0,
      "highlight": false,
      "children": [
        {
          "id": "7285e16e4ebe2a331b004d6a2c078616",
          "author": "內經初學者",
          "time": "2023年01月26日 21:08",
          "content": "<p>竟然吃了布洛芬？！</p>",
          "level": 1,
          "highlight": false,
          "children": []
        }
      ]
    },
    {
      "id": "e8396a1bc4bff834ca6f9b7f39e51a1f",
      "author": "陈",
      "time": "2023年02月08日 23:58",
      "content": "<p>您好，李医师。 我宝宝快三个月了  刚出生医院都会采足底血筛查，半个月过后得到结果说需要前往医院再次复查足底血，tsh值不过关，得到说要复查消息的当天就去了医院采血，第二天出结果医生确诊甲减，就开了优甲乐，我虽然没有医学知识，但是觉得宝宝才出生十多天 数值应该不稳定，还是38+3出生的，预产期提早生的，并且咨询过中医，小孩可不用药，在家人的质疑中，我坚决没有使用优甲乐，并且孩子29天的时候去了另一家医院复查，我老公他们还是想看的数值，感谢数值一切正常。 我再想，我在网上也看到相关的信息，有人用药，有人没用药，现在的我只能自学中医，加入岐黄，一起打卡学中医。 知道您，很早是看到您和史玉柱先生马云先生的 07年的对话，您高瞻远瞩，后来才知道您是倪师弟子。  您如果有时间是否可以多说说幼儿方面的知识，当了妈妈才会更加想知道这方面知识。</p>",
      "level": 0,
      "highlight": false,
      "children": [
        {
          "id": "e1fd8e2322dfa078ea86a48070581a04",
          "author": "李宗恩",
          "time": "2023年02月20日 09:58",
          "content": "<p>網頁上有養兒育女的文章系列。</p>",
          "level": 1,
          "highlight": true,
          "children": []
        }
      ]
    },
    {
      "id": "7d223e1ce27e2c480e382d12ae53801c",
      "author": "黎勇",
      "time": "2023年04月18日 16:31",
      "content": "<p>你好李医师，很庆幸翻到你的资讯！想请教一下，最近我肺部和左肋骨下有些疼痛，干咳刺痛，睡眠不是很好，由于长期夜班工作，医院检查结核杆菌皮试阳性，另外睾丸外伤多年疼痛，该如何治疗！想学习经方，求个学习交流群渠道这些的，目前在西瓜视频上下载的倪师讲义看，还没买到书记。</p>",
      "level": 0,
      "highlight": false,
      "children": [
        {
          "id": "271b8750e4694479bf64a639ff9c3223",
          "author": "李宗恩",
          "time": "2023年04月20日 09:05",
          "content": "<p>我不在網上針對個案一一討論。</p>",
          "level": 1,
          "highlight": true,
          "children": []
        }
      ]
    },
    {
      "id": "6981c9821d4bb4d293326cce529016b8",
      "author": "熊了个猫",
      "time": "2023年08月28日 02:30",
      "content": "<p>李医生，您好！想请教一下，您在此次讲座中提到新冠的舌诊，说舌头白厚，代表情况不严重，只是寒入里。这里的舌头白厚，有特指是舌头上半部分白厚吗？<br/>\n如果中下白厚，上半部分却无胎，或少胎，寒入里未化热严重时，请问会出现这样的舌苔吗？</p>",
      "level": 0,
      "highlight": false,
      "children": [
        {
          "id": "afe20fc75b747094d8bab3853c426e3d",
          "author": "李宗恩",
          "time": "2023年08月28日 09:26",
          "content": "<p>這點看情況，一開始肺家寒不嚴重時，也會有類似的舌苔。</p>",
          "level": 1,
          "highlight": true,
          "children": []
        }
      ]
    },
    {
      "id": "4e9252e09fb6c6f95af9ee838e25bd29",
      "author": "熊了个猫",
      "time": "2023年08月30日 06:57",
      "content": "<p>谢谢李医生！明白了，这里的厚白，不拘泥于上中下焦的分段，重点还是整体判断。<br/>\n李医生，不知道怎么感谢您！感恩您为新冠拟了通方，相当于给了一个有架构的新冠应对公式。我们之前看了不少医生，没有好转，咳嗽越来越严重。主要是您的号不好挂啦，要等10个月~~还好知道您有通方，我把您对新冠相关的讲座全部看了一遍，吃了通方个别量的加减后，感觉还不错，总算上了一个台阶。<br/>\n现在这个阶段，我想请教一下您，如果刚开始寒热夹杂，吃了您拟的中重症通方加减后，痰开始不黄、量不多，舌苔也不黄，只是厚白，看上去没有热症了，是否就可以去掉石膏、柴胡和黄芩（只吃了中药），主要以射干麻黄、五苓散、麦门冬汤这三者组合成方呢？还是整个架构最好不要再动，继续吃用来巩固呢？</p>",
      "level": 0,
      "highlight": false,
      "children": [
        {
          "id": "2419ea300d21de4eafe10d3f9e462431",
          "author": "李宗恩",
          "time": "2023年08月30日 19:11",
          "content": "<p>熱症去除後，也就不需要石膏等，但也不一定需要射干麻黄加減，病情清很多後，有時小青龍湯、葛根湯等就夠了。</p>",
          "level": 1,
          "highlight": true,
          "children": []
        }
      ]
    }
  ],
  "page": 11,
  "order": 10,
  "filename": "data\\page11\\page11_order9_554ba9ebbcf4ae8622e1b57e9c7c1ec1.json"
}