{
  "article_url": "https://andylee.pro/wp/?p=12105",
  "title": "新冠變種XBB導致腹瀉",
  "content": "<p>新冠變種XBB在中國大陸傳染開來，許多病人腹瀉多日，引起民眾恐慌，瘋狂搶購止瀉西藥「蒙脫石散」，導致一片混亂。</p>\n<p>這其實是很可笑也很可悲的事情。第一，「蒙脫石散」等止瀉的西藥，只是暫時緩解拉肚子的現象，並不能治好病人真正的問題，就連消化科西醫都站出來强調「蒙脫石散」的用處非常侷限，無法治療新冠感染。第二，很多人聽到腹瀉多日，就以為非常嚴重，非常擔心，以為又是一個末日疾病。</p>\n<p>其實，中醫早在東漢時期就已經知道外感可能導致嚴重腹瀉的來龍去脈。從「傷寒雜病論」闡述外感的發展過程中，我們很容易理解一大半Omicron病患都是「葛根湯證」及其延伸，而如果病人平時腸胃不好或者正好吃到不易消化的食物，外邪從體表轉入腸胃，津液運化失調而化熱，造成「葛根黃芩黃連湯證」的熱痢，連續不停地拉黃色糞水，三味中藥葛根、黃芩、黃連就可以快速治癒。</p>\n<p>有些病人本來脾胃寒涼，外邪從體表轉入腸胃，雖然津液運化失調卻無法化熱，這時依然會腹瀉，但多為寒痢，連續不停地拉帶有食物渣、清水樣的糞水。這時不是使用「葛根黃芩黃連湯」，而是以快速溫中為主，「附子理中湯」為代表性的方劑，中下焦溫熱了，寒痢自然會緩解。</p>\n<p>還有一些病人，本來大小腸運作不良，常常便秘，外邪從體表轉入腸胃後，雖然造成平衡失調卻無法藉由腹瀉來排出體外，這時往往會讓病人不斷地狂吐。治療方法和上面一樣，如果吐出的東西黃臭髒濁，治療以「葛根黃芩黃連湯」為主，如果吐出未消化的食物及清水，治療以「附子理中湯」為主。</p>\n<p>這三年來，快速治癒過非常多的新冠確診病人，包括很多的急重症病患。到目前為止，無論新冠病毒怎麼變種，依然逃不出「傷寒雜病論」的闡述。很多年前倪海厦老師曾經說過，哪個國家真心誠意地大力推展中醫，那個國家就會成為全世界最富強的國家。新冠疫情橫掃全球三年了，我們反觀檢討，可以知道倪老師的論點千真萬確。很可惜，中國大陸中皮西骨，口口聲聲宣傳中醫，到了關鍵時刻，依然全面倒向西藥，「中醫抗疫」流為學者教授的紙上談兵，連中醫專家們都緊張地服用西藥、中醫教授們討論如何使用激素救治肺臟白霧化，「中醫富國」的理念早已消失地無影無蹤。</p>",
  "article_time": "2023年01月04日 13:10",
  "comments": [
    {
      "id": "b3e9adfca9b77e3673b9a293414b4ff3",
      "author": "桂花",
      "time": "2023年01月04日 16:59",
      "content": "<p>后人哀之而不鉴之，亦使后人而复哀后人也！</p>",
      "level": 0,
      "highlight": false,
      "children": []
    },
    {
      "id": "2c7ce97ccfc7ebc9ef7562ac21b6fd01",
      "author": "carey",
      "time": "2023年01月04日 18:18",
      "content": "<p>谢谢老師，學到了如何對辨別熱痢寒痢以及用藥。<br/>\n國内這一波的疫情應該讓人看清很多，但很可惜，沒有官方沒有媒體做正確的宣導！那天老師幫我看診時，多次囑咐我如果身邊有人新冠可以使用您給我的藥方，當我把藥方送到朋友面前，很多人都不屑，情願用布洛芬反復發燒以及退燒后的各種難受的後遺症，而中藥的退燒像下樓梯一樣直到恢復正常，中藥治療新冠，沒有水泥封鼻，沒有嚴重的咳嗽等後遺症，可是又如何呢？很多人根本不願意嘗試，只能說太悲哀了。蒙脫石散的脫銷來源一个普通人微信朋友圈的内容，據説此人已被刑拘，這個插曲何嘗不是一個縮影呢？</p>",
      "level": 0,
      "highlight": false,
      "children": [
        {
          "id": "f2c613ef341f2a23943fe6facf16cfa0",
          "author": "jl619312",
          "time": "2023年01月05日 16:07",
          "content": "<p>打扰咯。也么可以约到李医生看诊  谢谢</p>",
          "level": 1,
          "highlight": false,
          "children": []
        },
        {
          "id": "b3916049125e496ff69a0b52ca71c1b9",
          "author": "李宗恩",
          "time": "2023年01月10日 10:34",
          "content": "<p>每個人有他自己的理念及執著，許多人對西醫的依賴已經如宗教信仰一般，單憑講道理是無法改變他們的。</p>",
          "level": 1,
          "highlight": true,
          "children": [
            {
              "id": "92037197b1b8dec92c31f2e7e30a6a8d",
              "author": "yogi",
              "time": "2023年01月12日 12:51",
              "content": "<p>我是一个小白， 自学倪师的视频把自己这十几年来没医好的身体给医好了，这么多年来看过无数的医生 从西医到中医，到后来我都不敢再去就医了，因为每次给我的药吃了后更让我身体不舒服，我的胃已经无法承受他们给的任何药物了，西药就更别提了 吃了简直要了我的小命，这次新冠 我就吃了大青龙汤 ，其他所有的流行药品我一律不吃</p>",
              "level": 2,
              "highlight": false,
              "children": []
            },
            {
              "id": "d7cfaab5cfddb7e13cb6e00ee25d2949",
              "author": "王坤",
              "time": "2023年01月31日 04:28",
              "content": "<p>老师您好，我现在长了一颗横的智齿，慢慢在顶前面的牙齿，但是并不痛，我不知道该不该把它拔掉，请您开解。</p>",
              "level": 2,
              "highlight": false,
              "children": [
                {
                  "id": "f9efe69e5f81e7d6c4b3ef8b6e30d856",
                  "author": "李宗恩",
                  "time": "2023年02月07日 11:25",
                  "content": "<p>你應該咨詢牙醫。</p>",
                  "level": 3,
                  "highlight": true,
                  "children": []
                }
              ]
            }
          ]
        },
        {
          "id": "e95556c93273b4b6159762f9b170c0d2",
          "author": "黄连",
          "time": "2024年02月22日 22:19",
          "content": "<p>我周边很多人也是如此，一有感冒感觉有点发烧，就马上吃退烧药，嗓子痛有痰什么的，就赶紧去吃头孢等消炎药。我让他们买点中药煮了喝，他们说的最多就是：中药只能调理身体、缓慢的来，但是对于新冠流感等没什么用，只会耽误病情</p>",
          "level": 1,
          "highlight": false,
          "children": []
        },
        {
          "id": "0db883363572ba12f36b6f51027ac244",
          "author": "暗香疏影",
          "time": "2024年03月20日 09:00",
          "content": "<p>生老病死三千疾，唯有贱骨不可医！</p>",
          "level": 1,
          "highlight": false,
          "children": []
        }
      ]
    },
    {
      "id": "3079d0d924bd6668f3faff0c753eaae7",
      "author": "闫中天",
      "time": "2023年01月04日 18:40",
      "content": "<p>李老师赶紧启动教学计划吧，时不我待。</p>",
      "level": 0,
      "highlight": false,
      "children": [
        {
          "id": "3527798cc044a21e1f0112fb597e87b8",
          "author": "內經初學者",
          "time": "2023年01月04日 21:36",
          "content": "<p>還是自己制定一個學習計劃，把倪師的人紀教材琢磨一遍， 這樣至少從認知上不被蓮花清瘟了。</p>",
          "level": 1,
          "highlight": false,
          "children": []
        },
        {
          "id": "62c91eba98b6850fc47845549a398158",
          "author": "jl619312",
          "time": "2023年01月05日 04:47",
          "content": "<p>赞同</p>",
          "level": 1,
          "highlight": false,
          "children": []
        }
      ]
    },
    {
      "id": "f07c69743bba8077ddae9696f18e1d30",
      "author": "張漢",
      "time": "2023年01月04日 19:48",
      "content": "<p>何其無奈！中醫發源地如今已很難找到明醫，讓我等空對中醫理念有信心而無法享受祖先遺澤。</p>",
      "level": 0,
      "highlight": false,
      "children": []
    },
    {
      "id": "435ba849533588be77f058987f54787b",
      "author": "张",
      "time": "2023年01月04日 21:16",
      "content": "<p>老师 我转阴有一周以后 开始连续好几天凌晨4点10分左右醒来 自己按摩发现皮肤表面从膻中穴到璇玑穴都是疼的 里面也有不适微疼 这是严重的表现吗</p>",
      "level": 0,
      "highlight": false,
      "children": [
        {
          "id": "f420fc74f0316ffa32446bc76d92b3e8",
          "author": "jl619312",
          "time": "2023年01月05日 04:49",
          "content": "<p>听李医师的讲座有讲到。你得细心听听 舌苔  肺部憋气。  多看几遍李医师有讲到</p>",
          "level": 1,
          "highlight": false,
          "children": []
        },
        {
          "id": "c02101035bec0333259490e12dc075d9",
          "author": "李宗恩",
          "time": "2023年01月10日 10:55",
          "content": "<p>聽起來不嚴重，但得看診才知道，不是單純幾個症狀能判斷的。</p>",
          "level": 1,
          "highlight": true,
          "children": []
        }
      ]
    },
    {
      "id": "fc689af20b62755133bddb32ac0cfe8b",
      "author": "張漢",
      "time": "2023年01月05日 12:22",
      "content": "<p>李博士，您好：<br/>\n  請問在上海有沒有推薦的醫生，對中醫很有信心，但一直無法找到明醫。謝謝您！</p>",
      "level": 0,
      "highlight": false,
      "children": [
        {
          "id": "6941d3d39e77ffc060e83eb3ca648f20",
          "author": "李宗恩",
          "time": "2023年01月10日 10:57",
          "content": "<p>我不清楚。</p>",
          "level": 1,
          "highlight": true,
          "children": [
            {
              "id": "1a04ea306113d7aaf35815d57796d41f",
              "author": "張漢",
              "time": "2023年01月11日 05:45",
              "content": "<p>收到，謝謝您的極大。</p>",
              "level": 2,
              "highlight": false,
              "children": []
            }
          ]
        }
      ]
    },
    {
      "id": "e8227aeb2f7a9d9361745a9964a7cfb8",
      "author": "jl619312",
      "time": "2023年01月05日 04:46",
      "content": "<p>哀其不幸 怒其不争。  中国必然布美国的后尘。  今日您如同当时倪师  从字里行间可以体会出。  还好过往有倪师  现在有您。  恐怕以后。。。</p>",
      "level": 0,
      "highlight": false,
      "children": [
        {
          "id": "2744ef8929524f36260b8036b608dbbc",
          "author": "李宗恩",
          "time": "2023年01月10日 10:59",
          "content": "<p>正統經方中醫會傳承下去的。</p>",
          "level": 1,
          "highlight": true,
          "children": []
        }
      ]
    },
    {
      "id": "331a565d13b0837e8457c24d4496c9e9",
      "author": "lucie",
      "time": "2023年01月05日 05:41",
      "content": "<p>倪师、李医生您们都是好人，中国中医为什么会出现这种局面？！好痛心！</p>",
      "level": 0,
      "highlight": false,
      "children": []
    },
    {
      "id": "62fbb21f40b06ce3b7c8b3d8b732c8de",
      "author": "殇羽",
      "time": "2023年01月05日 18:14",
      "content": "<p>李师傅，能流一个联系方式或者交流群吗？有些问题想和大师一起沟通交流一下</p>",
      "level": 0,
      "highlight": false,
      "children": [
        {
          "id": "7dcec379d44e25e37d0a7a6992997ec3",
          "author": "李宗恩",
          "time": "2023年01月10日 11:01",
          "content": "<p>有事請聯絡診所info@youngQi.com</p>",
          "level": 1,
          "highlight": true,
          "children": []
        }
      ]
    },
    {
      "id": "6941e5be60121eaef40012199880165f",
      "author": "金喜鸟",
      "time": "2023年01月07日 12:51",
      "content": "<p>李师说得太对了,倪师的战略眼光无人能敌!!  传承中医,我希望李师不要太过劳累,我们敬爱的倪师就是太过劳累了.</p>",
      "level": 0,
      "highlight": false,
      "children": []
    },
    {
      "id": "57fc05fd995415d322d78795a6806459",
      "author": "鄭皓澜",
      "time": "2023年01月07日 06:07",
      "content": "<p>中国有3-4亿人属于中产，待宰的羔羊，全球资本都要想方设法进行围猎。而医疗市场恰好是市场化运作，走的是资本主义道路，所以中医很难有出头之日，除非是九运之后。</p>",
      "level": 0,
      "highlight": false,
      "children": []
    },
    {
      "id": "49ed1411f32cdc12beb7663217dc8c6e",
      "author": "想",
      "time": "2023年01月13日 20:17",
      "content": "<p>我是倪师和您的铁粉，也是大陆的一名公职人员。从字里行间能体会到李博士的心情，爱之深责之切吧。不过深度思考，西医能有今天的统治地位，与工商业文明在这个时代占主导地位有密切关系，也与西方文明的强势有密切关注。一百多年前西方列强用大炮轰开了中国的大门，当然旧中国自身也一大堆问题（外邪很强，自身正气也虚弱），西医随着军舰大炮也进入了中国，作为西方文明输出的一部分，西医逐步渗透到国家经济社会文化各方面，也绑架了各方面，人民自然也被绑架了，被卖了还帮人数钱。不过，中华文化包容性非常强，中土的运化一直在进行，只是需要时间，中华文明复兴一定意味着中医的复兴，只是个人是比较理性而悲观的观点，中医的复兴不一定意味着经方的复兴，真理的确只能掌握在少数人手中（因为多数人都是平庸的普通人），经方一定会传承，却不一定能成为主流。我非常庆幸和感恩遇到倪师和您，遇到经方，我从34岁开始学习人纪学习经方，至今已有3年，我坚定的知道自己以后的路如何走！</p>",
      "level": 0,
      "highlight": false,
      "children": [
        {
          "id": "2a0072935e4d6434cfddbd1f801ad06f",
          "author": "想",
          "time": "2023年01月15日 06:13",
          "content": "<p>东方砭石，西方毒药，西医真的很像所谓的“毒”。</p>",
          "level": 1,
          "highlight": false,
          "children": []
        },
        {
          "id": "261855e94093fd8b0c9c3c489f00a739",
          "author": "李宗恩",
          "time": "2023年01月15日 20:12",
          "content": "<p>目前中醫最大的問題不是西醫的打壓，而是中醫充滿了紙上談兵的教授學者和誇大斂財的中醫師。</p>",
          "level": 1,
          "highlight": true,
          "children": [
            {
              "id": "c6198a4554e80a9c56d421ed63d62b12",
              "author": "想",
              "time": "2023年01月16日 08:53",
              "content": "<p>很多行业都有骗子和滥竽充数的教授学者，然而并不会影响这个行业或者专业的发展。就说回西医，很多发明创造被推向社会和人民，刚开始都包装和宣传得很好，可后面不是推翻了吗？这也是骗，是更大的骗，是更处心积虑的骗，穿上了所谓“科学”的外衣，资本、专家、媒体、知名人士等也为了名利、各怀鬼胎的帮腔，用尽各种手段欺骗、洗脑、绑架不具备辨别力的老百姓，窥一斑而知全豹。所以中医这个行业衰落的根本原因不在于此，而在于过去中华文明的衰落，让这个时代不帮中医。其实也不能责怪西医，应该责怪人类自己吧，是人性选择了西医，所以中医治人，上医治国，人们如果还能懂中医的智慧，才有的救。</p>",
              "level": 2,
              "highlight": false,
              "children": []
            },
            {
              "id": "b328200f1d4e5b10d8faa3b9f1e94f56",
              "author": "Soking",
              "time": "2023年01月17日 07:46",
              "content": "<p>中肯</p>",
              "level": 2,
              "highlight": false,
              "children": []
            }
          ]
        }
      ]
    },
    {
      "id": "903b7bd40f6041787686a8059a3a7296",
      "author": "乌鸦夸克",
      "time": "2023年01月14日 20:45",
      "content": "<p>宗恩博士，在在没有附子理中汤的情况下，针对寒痢甘草泻心汤可否作为替代呢？</p>",
      "level": 0,
      "highlight": false,
      "children": [
        {
          "id": "2abcbd81162bf995dae4abbf0ea3a161",
          "author": "李宗恩",
          "time": "2023年01月15日 20:17",
          "content": "<p>兩者相差甚遠，附子理中湯以炮附子來溫中，甘草瀉心湯中黃連黃芩為涼藥，怎麼會和附子理中湯止寒痢相提並論呢？下次自己查清楚再問，不要亂問。</p>",
          "level": 1,
          "highlight": true,
          "children": []
        }
      ]
    },
    {
      "id": "ab48f9d60012a5ae0d75a3c2c6b5eb6d",
      "author": "乌鸦夸克",
      "time": "2023年01月16日 05:28",
      "content": "<p>谢谢博士的回复。</p>",
      "level": 0,
      "highlight": false,
      "children": []
    },
    {
      "id": "da0b2afc2411db08c260bbf020ee2a88",
      "author": "vivi",
      "time": "2023年01月17日 04:55",
      "content": "<p>看来中医只有回归民间才能得到传承和发展，有价值的东西只有在民间才不会消失。中医是高级的东西，曲高和寡，所以不是一般的人所能认识的，我等还是抓紧时间学中医。</p>",
      "level": 0,
      "highlight": false,
      "children": []
    },
    {
      "id": "aee2eff9dec1483a4c8fcc988641fcd9",
      "author": "Qihuang -chen",
      "time": "2023年01月17日 20:39",
      "content": "<p>李博士您好，我是岐黄智慧吉祥平台学员，听了您的直播买了书学习，看到有关抑郁症的病例，我孩子最近抑郁症严重，表现症状和书中第一个患者很像，想请您视频给孩子看诊，另外书中有方，我可以按照方先用吗，不过没有剂量，能告诉我吗。谢谢盼复！</p>",
      "level": 0,
      "highlight": false,
      "children": [
        {
          "id": "254806949e3985f1ff4b54acd407855d",
          "author": "李宗恩",
          "time": "2023年01月18日 10:00",
          "content": "<p>每個個案不一樣，我無法在網上針對個案一一討論。</p>",
          "level": 1,
          "highlight": true,
          "children": [
            {
              "id": "a363bf6370a0ef1b0228c190aea5901b",
              "author": "梁",
              "time": "2023年01月29日 01:14",
              "content": "<p>李博士，最近几天一天24小时都在脑鸣，这种情况怎么办，有什么方法可以治疗吗？</p>",
              "level": 2,
              "highlight": false,
              "children": [
                {
                  "id": "12f9060153e92521ecebd129544a9143",
                  "author": "李宗恩",
                  "time": "2023年02月07日 11:24",
                  "content": "<p>中醫不以單一症狀來辨證論治。</p>",
                  "level": 3,
                  "highlight": true,
                  "children": []
                }
              ]
            }
          ]
        }
      ]
    },
    {
      "id": "5754a596316655fbeabebc1b8f9bcc73",
      "author": "Qihuang -chen",
      "time": "2023年01月18日 15:06",
      "content": "<p>谢谢李博士，我邮件预约了视频看诊</p>",
      "level": 0,
      "highlight": false,
      "children": []
    },
    {
      "id": "caa85f689f9e969362fb3a91aaf21c8a",
      "author": "yyyy",
      "time": "2023年02月04日 05:58",
      "content": "<p>您好，李医师。我想请问针对肺癌痛有什么好的办法呢 具体位置为前后胸胁 艾灸 肝经是否会有效果呢 我的爷爷前段诊断为肺癌</p>",
      "level": 0,
      "highlight": false,
      "children": [
        {
          "id": "bb99b1cab9c426bc2011d372039a85a9",
          "author": "yyyy",
          "time": "2023年02月04日 05:59",
          "content": "<p>除此之外 可以留下您的邮箱和您联络吗 感谢 祝您生活愉快</p>",
          "level": 1,
          "highlight": false,
          "children": []
        },
        {
          "id": "eeb83e089b4ec8beba5e864fce1b3403",
          "author": "李宗恩",
          "time": "2023年02月07日 11:27",
          "content": "<p>癌症的疼痛很棘手，得中醫看診治療，不是自己灸哪個位置來緩解。</p>",
          "level": 1,
          "highlight": true,
          "children": []
        }
      ]
    },
    {
      "id": "5910a4ac05b519648a660719fa2fc9c3",
      "author": "王坤",
      "time": "2023年02月07日 06:24",
      "content": "<p>老师您好，我现在长了一颗横的智齿，慢慢在顶前面的牙齿，但是并不痛，我不知道该不该把它拔掉，请您开解。</p>",
      "level": 0,
      "highlight": false,
      "children": [
        {
          "id": "642a86307e4c0621251c6540da6e934d",
          "author": "李宗恩",
          "time": "2023年02月07日 11:34",
          "content": "<p>你得咨詢牙醫。</p>",
          "level": 1,
          "highlight": true,
          "children": []
        }
      ]
    },
    {
      "id": "1e487e808e2817aad6ce4fa1c90581ba",
      "author": "寻求李宗恩医师远程网诊",
      "time": "2023年02月12日 18:53",
      "content": "<p>李宗恩医师，您好！我想预约李宗恩医师的远程网诊，为我的母亲大人看诊。我的母亲1951年出生，目前72岁，她的问题是头晕五六年了，影响日常生活，不敢怎么走动，怕跌倒，只能拄着拐杖慢慢移步，去年九月份坐大巴晕车导致脑部轻微出血，住院输液一个星期，医生说小脑出血，后来大概基本上吸收了，但是感觉头晕加重了。还有睡觉不好。右边乳房有肿块，肿块开始比较大，里面像有水一样，后来渐渐缩回去了，没水分了，现在用手摸是很硬的一块东西，看到皮肤也紧紧贴在缩小后的肿块上，硬硬皱皱的，没有感觉疼过， 手脚温热。从未开过刀。目前有服用降高血压的药物，降胆固醇的药物。有时会饮黑茶。胃口一般。诚心求医，望李宗恩医师不吝赐诊！真心感恩！</p>",
      "level": 0,
      "highlight": false,
      "children": [
        {
          "id": "1edfee97880a96052d219edbaf8920ce",
          "author": "李宗恩",
          "time": "2023年02月20日 09:58",
          "content": "<p>請聯絡診所info@youngQi.com</p>",
          "level": 1,
          "highlight": true,
          "children": [
            {
              "id": "6f69fa4263f5d1e706770f9c4e60d468",
              "author": "戎荣",
              "time": "2023年02月26日 15:48",
              "content": "<p>好的，谢谢！</p>",
              "level": 2,
              "highlight": false,
              "children": []
            }
          ]
        }
      ]
    },
    {
      "id": "57b2a3fbe9c9d397d6a5a8c605db8e60",
      "author": "煮药器皿",
      "time": "2023年02月16日 21:32",
      "content": "<p>有一次在老师的视频中说到了可以用3011以上的不锈钢锅，我想问一下 市面上宜家那种304不锈钢锅能电磁炉的可以用来煮药吗？谢谢！</p>",
      "level": 0,
      "highlight": false,
      "children": [
        {
          "id": "0e40bc53220c9a8e8cab044b8fe90e3c",
          "author": "李宗恩",
          "time": "2023年02月20日 10:16",
          "content": "<p>電磁爐使用的不鏽鋼鍋，鋼材通常會更好一些。</p>",
          "level": 1,
          "highlight": true,
          "children": []
        }
      ]
    },
    {
      "id": "9be65eb961b930242ac98d2ae8406dac",
      "author": "WangXK",
      "time": "2023年03月17日 04:51",
      "content": "<p>倪海厦先生在推动中医复兴方面的成就前无古人后无来者，正统中医不会断代，只是眼下人民还分不清孰好孰坏，自疫情以来全国增加了无数自学中医的人，大势所趋，时不我待，天行健君子以自强不息</p>",
      "level": 0,
      "highlight": false,
      "children": []
    },
    {
      "id": "02b674d0509f9ed2baf097d708fce8de",
      "author": "文成",
      "time": "2023年03月27日 20:36",
      "content": "<p>李老师好</p>",
      "level": 0,
      "highlight": false,
      "children": []
    },
    {
      "id": "ccb3b28256d122422208b800b49a8d46",
      "author": "太阳是我的女神",
      "time": "2025年02月26日 02:14",
      "content": "<p>我还记得二三年六月份第一次得新冠，什么都没有胃口，连着四天只吃了黄桃罐头。其中第一天发热加关节疼痛，哇，从没有过关节疼，这辈子感冒发烧的第一个新花样。第二天就缓解了，热度可能有可能没反正不高记不清了，关节基本不难受了，不过还是懒懒的，什么都不想干，之后第三、四也是这样。<br/>\n因为新冠就四天，主要痛苦在第一天，所以今年的甲流，我大意了。真是个教训！<br/>\n新冠的确很厉害，无症状感染者的身体可真好啊。</p>",
      "level": 0,
      "highlight": false,
      "children": []
    }
  ],
  "page": 11,
  "order": 8,
  "filename": "data\\page11\\page11_order7_b59ea7e85e1c2bcef816021269c26313.json",
  "timestamp": 1742184206.596399
}