{
  "article_url": "https://andylee.pro/wp/?p=9029",
  "title": "新書推薦序文（續）",
  "content": "<figure class=\"wp-block-image size-large\"><img alt=\"\" class=\"wp-image-9027\" decoding=\"async\" fetchpriority=\"high\" height=\"746\" sizes=\"(max-width: 545px) 100vw, 545px\" src=\"https://andylee.pro/wp/wp-content/uploads/2020/11/Screen-Shot-2020-11-04-at-9.06.34-AM.png\" srcset=\"https://andylee.pro/wp/wp-content/uploads/2020/11/Screen-Shot-2020-11-04-at-9.06.34-AM.png 545w, https://andylee.pro/wp/wp-content/uploads/2020/11/Screen-Shot-2020-11-04-at-9.06.34-AM-219x300.png 219w\" width=\"545\"/></figure>\n<p>上次和大家分享了三篇新書的推薦序文，這裡還有兩篇推薦序文，再次感謝幾位老師、前輩、朋友的大力幫忙。新書分幾個部份：</p>\n<p>緣起：出版社希望我講述個人的故事，從成長到生涯改變，一個一個的時間點是如何連接在一起的，約七千字。</p>\n<p>第一部分：從臨床治療新冠肺炎病患來討論中醫的一些觀點及思路，約兩萬字。</p>\n<p>第二部分：按照出版社原本邀約出書的構想，重新整理及解釋網頁上三十多個病例，這也是為什麼書名使用網頁同名《當張仲景遇上史丹佛》，約七萬五千字。</p>\n<p>第三部份：討論中醫的一些亂象，以及個人認為該如何重振中醫，約八千字。</p>\n<p>至於目錄、詳細的介紹、訂購方式等等，得尊重出版社的安排計劃，等十二月正式出版時，再配合出版社一起在網頁上公佈，感謝讀者們的支持！</p>\n<p><strong>李文華：當代張仲景，開創新中醫</strong></p>\n<p>（中央研究院院士、美國國家發明家學院院士、台灣中國醫藥大學前校長、加州大學爾灣分校Bren講座教授暨系主任）</p>\n<p>很榮幸能先閱讀好友李宗恩博士的新書《當張仲景遇上史丹佛》，非常高興寫下我的感受。</p>\n<p>經由柏克萊學弟、好友王南雷博士的引薦，我認識了李宗恩博士。宗恩是一位奇才，從台大物理、史丹佛電機、柏克萊的MBA，到成為中醫大師倪海廈的關門弟子，讓我讚嘆這位世界級的台灣傑出人才。</p>\n<p>身為一位專攻癌症的分子生物學者，我對古老中醫有一份莫名的崇拜及熱愛。西方生命科學及醫學在本世紀有耀眼的進步，但仍有許多無法解決的瓶頸。譬如若想從分子生物的角度去了解生命及人體的運作，並非永遠無法企及，但也要耗費數百至千年的鑽研努力，這正是目前所看到的無休無止的生命科學研發過程。</p>\n<p>如同分子生物學，中醫學更是如此。歷經千年的古老學問，在理論面及應用面總是挾著一團迷霧。中醫的深奧，令人難以全面了解，因此常被誤認中醫不科學。然而，宗恩有嚴謹的科學訓練，對中醫的造詣更是宏觀、深入。他提倡西醫精準化檢驗、中醫客製化治療的模式，如此便能印證中醫的科學性及有效性，為中醫學的根基開創高峰。</p>\n<p>宗恩在書中所列舉的疑難雜症，正是人體最困難的三大體系：「免疫」「神經」及「代謝」所造成的問題。他詳盡地解說治療的過程及效果，但仍無法一窺其中過程變化的奧妙；若加入精準檢測，整個療程將更加客觀與科學化，相信很快就會開啟中醫學的燦爛前景。</p>\n<p>宗恩無疑的是醫界的奇葩，更是中醫界的現代張仲景。我期待不久的將來，他會超越張仲景，為中醫做出巨大的貢獻。這本好書值得學醫的人、健康的人及醫界領導人仔細一讀！</p>\n<p><strong>王南雷：經方中醫的最佳入門書</strong></p>\n<p>(矽谷創業家及新創導師、前工研院資通所技術長、 小蘋果園計畫主持人、台灣創新創業中心首任執行長)</p>\n<p>近二十年前，我透過科技新創認識李宗恩博士；之後得知他為了照顧其先尊的肝癌， 拜倪海廈為師學習中醫。十年前他全職投入中醫，讓周圍的科技朋友非常吃驚。</p>\n<p>接著，李醫師等弟子邀請倪老師在矽谷做了一次千人的演講，當時是我第一次接觸到經方中醫！在好奇心的驅使下，我常以科技人追根究柢的習慣向他請教。</p>\n<p>有次李醫師與其師弟討論關於眩暈的治療，兩位醫師的病人都有眩暈的症狀，但竟然使用不同的藥方治療！我追問這是怎麼回事？原來病人除了眩暈外，其他的症狀都不同；逼著他翻開《傷寒論》，檢視這兩個病人的案例，我這才學到原來病因不同，表現的症狀 除了眩暈之外都不同，當然下藥也不同。另一次，我問李醫師下藥的分量如何拿捏，尤其 是草藥等問題。他看著我說，反饋迴路:視病人的反應而調整。這與麻醉做法相似，也是現在講求的「個人化醫療」做法。</p>\n<p>如同一般高科技人，李醫師也歡迎疑難雜症的考驗。二○二○年，他指導河南通許縣人民醫院，以「西醫檢驗、中醫治療」的方針治療新冠肺炎，更是檢證經方中醫效力的一 個明確臨床驗證。很高興他能勻出時間，以臨床經驗深入淺出地闡述經方中醫的觀念及做 法，為關心中醫的朋友們編寫了一本極佳的入門書籍。</p>\n<figure class=\"wp-block-image size-large\"><img alt=\"\" class=\"wp-image-9033\" decoding=\"async\" height=\"674\" sizes=\"(max-width: 312px) 100vw, 312px\" src=\"https://andylee.pro/wp/wp-content/uploads/2020/11/Screen-Shot-2020-11-04-at-9.17.43-AM.png\" srcset=\"https://andylee.pro/wp/wp-content/uploads/2020/11/Screen-Shot-2020-11-04-at-9.17.43-AM.png 312w, https://andylee.pro/wp/wp-content/uploads/2020/11/Screen-Shot-2020-11-04-at-9.17.43-AM-139x300.png 139w\" width=\"312\"/></figure>\n<figure class=\"wp-block-image size-large\"><img alt=\"\" class=\"wp-image-9044\" decoding=\"async\" height=\"715\" sizes=\"(max-width: 520px) 100vw, 520px\" src=\"https://andylee.pro/wp/wp-content/uploads/2020/11/Screen-Shot-2020-11-04-at-3.15.48-PM.png\" srcset=\"https://andylee.pro/wp/wp-content/uploads/2020/11/Screen-Shot-2020-11-04-at-3.15.48-PM.png 520w, https://andylee.pro/wp/wp-content/uploads/2020/11/Screen-Shot-2020-11-04-at-3.15.48-PM-218x300.png 218w\" width=\"520\"/></figure>",
  "article_time": "2020年11月04日 17:10",
  "comments": [
    {
      "id": "01d4b21e3621e3c54f5221a020759300",
      "author": "魯豆腐",
      "time": "2020年11月04日 17:49",
      "content": "<p>Dr.李，恭喜你為經方中醫出版一本可以入門瞭解何謂正統中醫的書。當年倪師苦口婆心要大家在未完全參透學精中醫之前別輕易寫書立論，如今看來您已站在巨人的肩膀上成長茁壯，當可為經方派出書教導有意願的大眾何為正統中醫，正統中醫又可以做到什麼地步。</p>\n<p>您累積的治病成功經驗終於可以對大家侃侃而談，為不瞭解經方中醫的門外漢開啟了一扇大門，令他門可以清楚的知道中醫的簡易之理。</p>\n<p>有了您的書，我們也才好推薦他人觀看，畢竟要他人全盤瞭解正統中醫思想不容易，但透過您的書籍來瞭解中醫才是正道。</p>\n<p>也希望您這本書能盡快出版全球，好讓大家能容易購得。</p>",
      "level": 0,
      "highlight": false,
      "children": [
        {
          "id": "c8bc0905254f6c5d0ad37f6bb1181fe0",
          "author": "李宗恩",
          "time": "2020年11月05日 19:40",
          "content": "<p>謝謝你的支持及鼓勵！這本書定位為「科普」與「專業書」之間，算是正式教學工作開始前的熱身，但可以從這本書的反饋來多加了解如何說法及教導不一樣思維的人群。</p>",
          "level": 1,
          "highlight": true,
          "children": [
            {
              "id": "5b13174ea3865a5d4248d2e7424abb3a",
              "author": "魯豆腐",
              "time": "2020年11月07日 17:06",
              "content": "<p>謝謝你，要等到下個月出版後才能訂購。就把這本書用來普及大家的中醫知識，讓專業知識教導我們，不用爭論</p>",
              "level": 2,
              "highlight": false,
              "children": []
            }
          ]
        }
      ]
    },
    {
      "id": "5cbc4b8d1b07d01594cbafb02f9faff1",
      "author": "Mr. Simple",
      "time": "2020年11月05日 19:19",
      "content": "<p>大陆也要尽快出版啊</p>",
      "level": 0,
      "highlight": false,
      "children": [
        {
          "id": "5bbe508ed30a459a8ff8769544ebecaa",
          "author": "李宗恩",
          "time": "2020年11月05日 19:41",
          "content": "<p>可能先從台灣網路書店的電子書開始，大陸是可以進入那些網站的。</p>",
          "level": 1,
          "highlight": true,
          "children": []
        }
      ]
    },
    {
      "id": "0e0e932caa35d2b63ec6cc3911eb20df",
      "author": "Conlin",
      "time": "2020年11月05日 20:07",
      "content": "<p>李博士您好，我是大陆重庆的一位中医学习爱好者，最近亲人生病了，是我舅舅，他常年在广州打工，倒班工作，上月突发急性心梗，心脏骤停长达半小时，经过紧急抢救，得以暂时保住性命！<br/>\n高血压，痛风，一直有，因心脏骤停时间太长，医生说大脑以及中枢神经损伤，目前是睁眼无意识状态，亲人呼唤无任何反馈，但用手掐他，有自然回缩反应！<br/>\n我舅舅是个好人，对待家庭有责任心，对待朋友也常常帮助，对待晚辈严厉，对待父母也很孝顺！<br/>\n他是家里的顶梁柱，上有四位老人，下有两个小孩！<br/>\n望李博士，给我个建议，针对大脑神经系统的中医治疗思路，谢谢！</p>\n<p>经过舅舅这件事，我了解到，用医保可以报销的西药，作用不是很大，自费西药的作用就有！</p>",
      "level": 0,
      "highlight": false,
      "children": [
        {
          "id": "724e68a32cf8dda4ab75a3b3d281662c",
          "author": "李宗恩",
          "time": "2020年11月07日 13:29",
          "content": "<p>這樣的情況下，很不容易硬灌病人中藥湯劑，得先下針，從四平八穩的針法開始，按照病人反應一步一步加重針法。</p>",
          "level": 1,
          "highlight": true,
          "children": []
        }
      ]
    },
    {
      "id": "2892479546314ffd51ce2af7cfe66168",
      "author": "邱健恒",
      "time": "2020年11月08日 16:27",
      "content": "<p>請問新書可以預購嗎？</p>",
      "level": 0,
      "highlight": false,
      "children": [
        {
          "id": "1b23d77b4c10e69b25743bd4b268e349",
          "author": "李宗恩",
          "time": "2020年11月08日 19:02",
          "content": "<p>十二月正式出版時，如果缺貨，應該可以預購。</p>",
          "level": 1,
          "highlight": true,
          "children": [
            {
              "id": "efb434c9e59476ecf8df9ff85842e701",
              "author": "邱健恒",
              "time": "2020年11月09日 16:11",
              "content": "<p>期待！！！</p>",
              "level": 2,
              "highlight": false,
              "children": []
            },
            {
              "id": "f08716cc01876921e275391ec04a0e16",
              "author": "张小宇",
              "time": "2020年11月09日 19:54",
              "content": "<p>李老师您好，新书怎么预约</p>",
              "level": 2,
              "highlight": false,
              "children": [
                {
                  "id": "fb352ff27aca5b551586973a1545fda9",
                  "author": "李宗恩",
                  "time": "2020年11月12日 21:26",
                  "content": "<p>十二月正式發行時會公佈。</p>",
                  "level": 3,
                  "highlight": true,
                  "children": []
                }
              ]
            }
          ]
        }
      ]
    },
    {
      "id": "aa7ae7611baee61a1725386d921a12a0",
      "author": "三",
      "time": "2020年11月09日 03:27",
      "content": "<p>你好李老师，请问能不能买到汉唐把过关的中药材，或者哪里可以买到？因为是初学，如果没有好的中药材治疗疾病的话，会对信心打折扣</p>",
      "level": 0,
      "highlight": false,
      "children": [
        {
          "id": "1cf659de3a64c10ae1216e54aa03bee6",
          "author": "三",
          "time": "2020年11月09日 03:29",
          "content": "<p>如果有的话请邮件回复，多谢.</p>",
          "level": 1,
          "highlight": false,
          "children": []
        },
        {
          "id": "504f1257df9d5c54cd4f133fa76486fa",
          "author": "李宗恩",
          "time": "2020年11月12日 21:22",
          "content": "<p>大陸沒有所謂漢唐把關過的中藥材，以前倪老師診所的藥材是總管李大叔負責進口到美國，目前我的診所的藥材是我們自己把關。</p>",
          "level": 1,
          "highlight": true,
          "children": []
        }
      ]
    },
    {
      "id": "303d62c99e8b9cc0f21a949da52a4af9",
      "author": "无显示",
      "time": "2020年11月09日 17:29",
      "content": "<p>李医师，请问小孩每晚盗汗（头和上身）+每晚尿床+每晚睡前害怕噩梦， 怎么解释？7岁</p>",
      "level": 0,
      "highlight": false,
      "children": [
        {
          "id": "431039cda387bb7ad4b364f81bb377fe",
          "author": "李宗恩",
          "time": "2020年11月12日 21:25",
          "content": "<p>可以有許多不同的原因，譬如陽不能收、腎陽不足等，不過，我不在網頁上針對個案一一討論。</p>",
          "level": 1,
          "highlight": true,
          "children": []
        },
        {
          "id": "93925feec4ba5bff34c58b9f738729ce",
          "author": "委付凡醫恣其所措",
          "time": "2020年11月15日 04:59",
          "content": "<p>請問小孩家長，李醫師說小孩陽不能收、腎陽不足，那麼小孩為何會陽不能收、腎陽不足呢？<br/>\n如依黃帝內經言，[女子七歲，腎氣盛，齒更髮長；丈夫八歲，腎氣實，髮長齒更]，七八歲階段應該腎氣強盛充實啊！</p>",
          "level": 1,
          "highlight": false,
          "children": []
        }
      ]
    },
    {
      "id": "eca2e557d44af3d339d85faed576bb50",
      "author": "山",
      "time": "2020年11月13日 02:06",
      "content": "<p>李医师，请问你临床诊病时会常常用到腹诊吗。</p>",
      "level": 0,
      "highlight": false,
      "children": [
        {
          "id": "e63778721a3851c4b3776d6d99e285a2",
          "author": "李宗恩",
          "time": "2020年11月14日 11:23",
          "content": "<p>需要時會用到腹診。</p>",
          "level": 1,
          "highlight": true,
          "children": []
        }
      ]
    },
    {
      "id": "563f5c1f311332879a055b37564808e7",
      "author": "三",
      "time": "2020年11月13日 02:46",
      "content": "<p>李老师，那请问关于药材的鉴别这方面的书，或者大陆这边的哪些人，哪些店的药材可以购买</p>",
      "level": 0,
      "highlight": false,
      "children": [
        {
          "id": "6505128226e9605d6b1bde36509ec15b",
          "author": "ET",
          "time": "2020年11月13日 19:32",
          "content": "<p>同学们提问请经过思考，李医师是台湾生长再到美国定居后才学中医的，怎么可能告诉你大陆哪家药店可以用呢？<br/>\n人物的话，曾经在《中医人沙龙（第九辑）》里看过中华药王金世元的访谈，你可以试找他的书看。在访谈里，他是说北京同仁堂对品质要求比较高，给的价钱也好，很多药商是把最好的留给它的。<br/>\n我近几年都有在淘宝买中药，个人推荐“经方集”的店家，虽然价格稍稍贵一点，但是品质是不错的。它的药如果不冷藏的话常常会生虫，可以侧面的证明是无硫磺或少硫磺的。而且它每味药的页面还有详细的图文介绍地道药材的鉴别。有些会混淆的药如防己、木通，它也会说明汉代用的是那一种。唯一不足是它不卖附子，这你可以搜寻“无胆无硫”附子再看哪家口碑比较好的。</p>",
          "level": 1,
          "highlight": false,
          "children": [
            {
              "id": "2defe302db8d56c4feb6a3da99eb4735",
              "author": "三",
              "time": "2020年11月14日 05:30",
              "content": "<p>抱歉，多谢了</p>",
              "level": 2,
              "highlight": false,
              "children": []
            }
          ]
        },
        {
          "id": "f769eba88034cbc9fc2ff764fabe63e7",
          "author": "李宗恩",
          "time": "2020年11月14日 11:23",
          "content": "<p>這你得自己做研究。</p>",
          "level": 1,
          "highlight": true,
          "children": []
        }
      ]
    },
    {
      "id": "025e2d7fc0bfe46c75cc5d793e541aa2",
      "author": "三",
      "time": "2021年01月09日 20:41",
      "content": "<p>李老师，家里小子两岁多，每天晚上都睡不安稳，大部分时间是2点多醒来哭闹，但也有1点多和5点左右，出生的时候黄疸很重，后来渐好，从小一直身痒，包括头部感觉很干燥，最近我用蛇床子打粉给他煎浴，痒好了许多，但是睡不安稳这个症状还是没有解决，胃口还不错，白天也都正常，可能是肝虚，现在的我没有办法解决这个问题，所有请教一下老师，多谢了</p>",
      "level": 0,
      "highlight": false,
      "children": [
        {
          "id": "57c2d1eeb25fe6d9eaa3f5ab9a8acde0",
          "author": "李宗恩",
          "time": "2021年01月10日 18:43",
          "content": "<p>聽起來確實和肝血虛有關，但是，肝不一定是問題的源頭，譬如如果脾胃不好，吃再多也吸收不到什麼營養，那麼補肝血的效果就會很差，得先加強脾胃，你得找中醫師看診。</p>",
          "level": 1,
          "highlight": true,
          "children": [
            {
              "id": "8bdad1e12ec9ced208cf9562d01eb36b",
              "author": "三",
              "time": "2021年03月03日 01:50",
              "content": "<p>老师，请问湖北有倪师弟子吗？我想去学习</p>",
              "level": 2,
              "highlight": false,
              "children": [
                {
                  "id": "d9a54b88980c25f4a865b39884f06b24",
                  "author": "李宗恩",
                  "time": "2021年03月08日 12:51",
                  "content": "<p>我不清楚。</p>",
                  "level": 3,
                  "highlight": true,
                  "children": []
                }
              ]
            }
          ]
        }
      ]
    },
    {
      "id": "7211592bacbe7bed764e4d735512a86d",
      "author": "明遠",
      "time": "2021年01月11日 12:10",
      "content": "<p>李醫師 您好:</p>\n<p>脾胃不好補肝血的效果有限，之前聽您說過如果肝有毒素，肝血補不進去。請問大概還有那些常見原因會影響到補肝血的效果?</p>\n<p>謝謝</p>",
      "level": 0,
      "highlight": false,
      "children": [
        {
          "id": "91f5435d89a7e9204a88d70dd2a908b0",
          "author": "李宗恩",
          "time": "2021年01月13日 15:04",
          "content": "<p>你得自己回去好好學習，就好像問頭痛常見的原因有什麼，沒有針對性的問題，我無法一一回答。另外，我很少用「肝有毒素」這樣的字句，我不喜歡中醫師老是說什麼毒、什麼排毒的，學問得專精一些。</p>",
          "level": 1,
          "highlight": true,
          "children": []
        }
      ]
    },
    {
      "id": "1d76b2c2b701d08d2d2e97c7c34edea7",
      "author": "明遠",
      "time": "2021年01月13日 22:26",
      "content": "<p>我的提問確實有很多不當之處，想到什麼就問什麼，應該系統化學習好消化吸收有不懂再問，我要學習的還很多，但是…，我這樣說請勿介意，我不知道您明天是否還會在網上回答問題?等我學習好，有問題想問時不知是否還有機會能問?我見其他人不少問題其實與醫學無關，但您也會回復，所以我想有這種機會就好好把握，有問題趕快問，因緣何時結束不知道。後面我會注意。</p>",
      "level": 0,
      "highlight": false,
      "children": []
    }
  ],
  "page": 21,
  "order": 8,
  "filename": "data\\page21\\page21_order7_2892479546314ffd51ce2af7cfe66168.json"
}