{
  "article_url": "https://andylee.pro/wp/?p=9287",
  "title": "一家四口都感染新冠病毒",
  "content": "<p>美國新冠肺炎疫情隨著天氣轉冷而再度飆升，加州大多數的郡都已轉列爲最嚴重的紫色區域。理髮店、健身房等强制關閉，餐廳只能外帶，連室外用餐也禁止了。同時，晚間十點後宵禁，非政府定義的「必要人員（essential workers）」不准在外走動。許多醫院的加護病房（ICU）已接近飽和，不但幾乎無法再接收新冠肺炎危急病人，連車禍及其他嚴重疾病的病人也無法接收。</p>\n<p>不到兩周前，一位舊病人和診所咨詢，年幼的老大有發燒和感冒症狀，我聽了一下，認爲不嚴重，讓她給小孩子服用葛根湯科學中藥粉劑。幾天後，這位病人又和診所咨詢，說老大好了，變成更年幼的老二出現類似症狀，我聽了一下，要她還是使用葛根湯。</p>\n<p>一周前，這位舊病人又和診所咨詢，兩個小孩子都好了，變成她自己生病了，比小孩子之前的情況嚴重，因而診所安排遠距看診。我仔細問診後，認爲和一般感冒及季節性流感不一樣，有可能是新冠肺炎。這位舊病人幾個月之前就已經買了診所的新冠基本治療通方（列在文章後段），雖然我覺得可以開一個更針對病人特定情況的藥方，既然手邊已經有治療通方，也還挺對症的，那就不要耽誤時間，先直接趕緊服用半碗治療通方，如果沒有不適，加量到正常的一次一碗。</p>\n<p>過幾天後，病人和診所回報。她服用治療通方半碗兩次後，改服用四分之三碗，病情改善許多，自己決定降回一次半碗，結果病情又開始反復。而上次遠距離看診後，當天先生也出現了相同的症狀，卻比她更嚴重。先生認真服用一次一碗的治療通方，三天不到，已經好了，還急著出門買咖啡喝。另外，上次遠程看診後，病人全家立即去做檢測，證實全家四口都感染新冠病毒。根據病人推敲，小孩子上的育幼園兩周前有小朋友確診，應該是小孩子先被傳染，再傳染給全家的。</p>\n<p>這個時候，病人手上已經沒有診所的治療通方，遠程看診後，我針對病人現在情況開了一個藥方，請病人找人到診所來取。藥方的大方向和治療通方一樣，以射干麻黃湯加石膏為主，不過，把石膏的劑量加大許多，改葶藶子為大戟。另外，既然是針對病人開的藥方，不需要像治療通方加那些未雨綢繆的藥材，整個藥方也就精簡許多。</p>\n<p>這幾天診所一直追蹤病人情況。病人回報，先生和兩位小朋友好了，自己情況大幅改善，已經沒什麽症狀，體力還差一些，期待再休息個兩天就能恢復正常。</p>\n<p>診所準備的「基本治療通方」，是我二月根據治療中國大陸及其它地區新冠肺炎病患經驗來設計了。這大半年來，已經有很多病人因爲來不及看診或寄藥而服用過治療通方，效果挺不錯的，不失為醫療資源不足下的一個變通辦法：</p>\n<p>射干9克 麻黃9克 紫菀9克 款冬花 9克 細辛9克</p>\n<p>生半夏9克 生薑4片 紅棗15克 五味子12克 葶藶子6克</p>\n<p>石膏18克 麥門冬18克 杏仁15克 白朮12克 茯苓12克</p>\n<p>炙甘草9克 炙黃耆18克 黨參9克 柴胡12克 黃芩9克</p>\n<p>9碗水煮成3碗，調整火力約一小時煮好</p>\n<p>斟酌病情嚴重情況，一次1/2～1碗，一天服用2～3次</p>\n<p>服用後儘快連絡診所，安排正式遠程看診</p>\n<p>診所的「基本治療通方」和中國中醫藥管理局推薦的「清肺排毒湯」很像，藥性稍微加重了一些。之前提過，我們早在武漢封城前就已經提出以射干麻黃湯、大青龍湯、葶藶大棗瀉肺湯等加減來治療新冠肺炎。我們在通許縣人民醫院的病例及治療方法，從一開始就受到中國中醫藥管理局的大幅關注。我們的病人病毒核酸檢測轉陰後，中醫藥管理局推出「清肺排毒湯」專案試點，進而大力推動「清肺排毒湯」。因此，診所的通方和「清肺排毒湯」很像，也就沒什麼奇怪了。</p>\n<p></p>",
  "article_time": "2020年12月10日 14:58",
  "comments": [
    {
      "id": "4fb04b66fcf7d55371348219c3f5e608",
      "author": "中医爱好者",
      "time": "2020年12月11日 19:10",
      "content": "<p>美国新冠死亡人数超30万，如中医药能有效治愈，救百姓于危难之中，力应多宣传，力求让中医出世.</p>",
      "level": 0,
      "highlight": false,
      "children": []
    },
    {
      "id": "817765a3691958cbfdfe5273196f53fb",
      "author": "Steve",
      "time": "2020年12月21日 16:48",
      "content": "<p>你好！李醫師！在香港很難找到生半夏，只有製半夏。另外，葶藶子亦配不到。請問如缺少這兩味草藥，會不會沒有效果？謝謝！</p>",
      "level": 0,
      "highlight": false,
      "children": [
        {
          "id": "78cdf737d98fdb1ccc01ddbd52910bf3",
          "author": "李宗恩",
          "time": "2020年12月22日 13:49",
          "content": "<p>效果差許多，但仍有幫助。</p>",
          "level": 1,
          "highlight": true,
          "children": [
            {
              "id": "ea96a2e71e076cb68ca038ce0089ff42",
              "author": "steve",
              "time": "2020年12月23日 04:27",
              "content": "<p>謝謝你的回覆。請問有否其他的草藥可以替代？</p>",
              "level": 2,
              "highlight": false,
              "children": [
                {
                  "id": "fc0f878ccd7f58ab56f615744dc50077",
                  "author": "李宗恩",
                  "time": "2020年12月24日 16:05",
                  "content": "<p>這就得看個案決定。</p>",
                  "level": 3,
                  "highlight": true,
                  "children": [
                    {
                      "id": "ae274d8e550f01c89c07576781f47964",
                      "author": "steve",
                      "time": "2020年12月25日 14:15",
                      "content": "<p>好的，謝謝您！聖誕快樂！</p>",
                      "level": 4,
                      "highlight": false,
                      "children": []
                    }
                  ]
                }
              ]
            }
          ]
        }
      ]
    },
    {
      "id": "e042578e976aaff302a690a2ad183ec2",
      "author": "傳承",
      "time": "2021年01月02日 07:55",
      "content": "<p>李博士，我看網上報道，紐約的華裔死亡率是白人的兩倍，比黑人還高。數據還刻意把華裔和亞裔區分開，其心可誅。外加洋奴和漢奸的造謠，抹黑，破壞華人的形象。如今疫情更加肆虐，病毒變異，一些海外華人華僑處境應該比較困難。你們要多加小心啊。</p>",
      "level": 0,
      "highlight": false,
      "children": [
        {
          "id": "a66e71a8d8e787a72555e6e0f338261f",
          "author": "李宗恩",
          "time": "2021年01月03日 09:06",
          "content": "<p>感謝你的關心，美國疫情大幅凸顯了美國政治問題及多方面的衝突。</p>",
          "level": 1,
          "highlight": true,
          "children": []
        }
      ]
    },
    {
      "id": "11d81466d9eb664ac857627305cdd189",
      "author": "疑惑者",
      "time": "2021年05月27日 23:29",
      "content": "<p>請教李醫師,您的基本治療通方需要加桂枝嗎?</p>",
      "level": 0,
      "highlight": false,
      "children": [
        {
          "id": "8d4d1d4c3498893521362e80da07cdb4",
          "author": "李宗恩",
          "time": "2021年05月28日 18:44",
          "content": "<p>不用加桂枝，但是通方是沒有辦法下的辦法，用來應急，還是應該找中醫師看診。</p>",
          "level": 1,
          "highlight": true,
          "children": []
        }
      ]
    },
    {
      "id": "dc0d58cf008eddac2cc25b46bae89534",
      "author": "陸仁賈",
      "time": "2021年06月04日 23:05",
      "content": "<p>李醫師，現在台灣買不到生半夏，不知您是否有推薦的管道可以弄到，煩請私下寄信告知</p>",
      "level": 0,
      "highlight": false,
      "children": [
        {
          "id": "cb23359ded76ca455770a0835eb13b93",
          "author": "李宗恩",
          "time": "2021年06月05日 21:21",
          "content": "<p>台灣本來就不准許生半夏，得用薑半夏、制半夏來代替，效果差許多。</p>",
          "level": 1,
          "highlight": true,
          "children": []
        }
      ]
    },
    {
      "id": "5421793f5b6b004699f7449df09eef40",
      "author": "陸仁賈",
      "time": "2021年06月05日 04:33",
      "content": "<p>李醫師您好, 目前台灣疫情嚴重, 雖然您提供了這個藥方, 但是台灣的牙醫部長把生半夏給禁掉了, 等於根本無藥可用, 是否還有其他不用生半夏的藥方, 或者是有甚麼管道可以讓大家買到生半夏的, 可否私下郵件回覆一下?謝謝您<br/>\nPS:之前有留言, 但好像網路斷掉, 沒有成功, 若重複留言, 麻煩您刪除重複的留言</p>",
      "level": 0,
      "highlight": false,
      "children": [
        {
          "id": "27f49d5adf9a8ba81143c138d490c2a4",
          "author": "李宗恩",
          "time": "2021年06月05日 21:23",
          "content": "<p>台灣本來就不准許生半夏，雖然這是個錯誤，並非現在才禁用，得用薑半夏、制半夏來代替，效果差許多。</p>",
          "level": 1,
          "highlight": true,
          "children": []
        },
        {
          "id": "79075acc1e5238fcfe1ea12fe96a228e",
          "author": "明遠",
          "time": "2021年06月06日 12:39",
          "content": "<p>生半夏一般藥房沒賣，在台北迪化街買得到，店家會提醒只能外用。</p>",
          "level": 1,
          "highlight": false,
          "children": []
        }
      ]
    },
    {
      "id": "95fb3caf43f278cd6a12268722d7ac87",
      "author": "陸仁賈",
      "time": "2021年06月06日 17:38",
      "content": "<p>感謝提供信息,其實其他藥房也不是沒賣,但我私下問了,自從去年盛唐中醫事件後, 各類藥材的管制變得更嚴格了, 沒有藥房敢再賣這類藥材, 真是害人不淺…</p>",
      "level": 0,
      "highlight": false,
      "children": [
        {
          "id": "e07c32932891c7910038f3916e8d8500",
          "author": "明遠",
          "time": "2021年06月07日 02:57",
          "content": "<p>我最近一次購買的日期是今年4月3日，店家沒這麼說(不能賣)，或許是因為我是熟客，所以還會賣我。</p>",
          "level": 1,
          "highlight": false,
          "children": []
        }
      ]
    },
    {
      "id": "199ea31940a7177bb2311b66233d2e97",
      "author": "樺",
      "time": "2021年06月06日 23:58",
      "content": "<p>李醫師請問小孩服用葛根湯科學中藥粉劑的劑量是多少?</p>",
      "level": 0,
      "highlight": false,
      "children": [
        {
          "id": "288bdc294b3f3c9e70ee75c4f3fe7d11",
          "author": "李宗恩",
          "time": "2021年06月07日 10:16",
          "content": "<p>這得看小孩子的情況，你得就近找中醫師看診。</p>",
          "level": 1,
          "highlight": true,
          "children": [
            {
              "id": "68c7c8207c514400acc32c9f4d28f584",
              "author": "樺",
              "time": "2021年08月19日 23:29",
              "content": "<p>新加坡規定有感冒症狀的病人中醫診所都不能接收看診。</p>",
              "level": 2,
              "highlight": false,
              "children": [
                {
                  "id": "2e3ffdd923a4a79b36d1b21b0ac0de9f",
                  "author": "李宗恩",
                  "time": "2021年08月25日 13:34",
                  "content": "<p>中醫整體無法提升，政府也就無法相信中醫可以治療新冠，很多中醫師也確實無法治療新冠。</p>",
                  "level": 3,
                  "highlight": true,
                  "children": []
                }
              ]
            }
          ]
        }
      ]
    },
    {
      "id": "8486f6ceb6e92435bdc2e223a75801a5",
      "author": "Keiko",
      "time": "2021年07月21日 03:59",
      "content": "<p>請問：新的印度變種疫病<br/>\n也適用嗎？</p>\n<p>大戟是怎樣的症狀下才用？</p>",
      "level": 0,
      "highlight": false,
      "children": [
        {
          "id": "353d4a6d0910c6b11a0817158a4f94aa",
          "author": "李宗恩",
          "time": "2021年07月26日 15:35",
          "content": "<p>通方是應急用的，還是應該即使找中醫師看診。以目前的資訊看來，Delta變種比較偏向葛根湯證，通方依然可以應急，但得注意反應。如果你不知道什麽情況下得加大戟，那你就不應該使用大戟。</p>",
          "level": 1,
          "highlight": true,
          "children": []
        }
      ]
    },
    {
      "id": "b907624c7f8f43d22187e7602aefab9d",
      "author": "Keiko",
      "time": "2021年07月22日 22:03",
      "content": "<p>李醫師請問：新的印度變種疫病<br/>\n也適用嗎？</p>\n<p>大戟是怎樣的症狀下才用？</p>",
      "level": 0,
      "highlight": false,
      "children": []
    },
    {
      "id": "22002dd05fe4f1f8ed54d21d81de9611",
      "author": "經方中醫愛好者",
      "time": "2021年09月04日 21:06",
      "content": "<p>李醫師您好，我居住在澳洲墨爾本。一直是中醫的愛好和支持者，也一直在學習倪師的視頻。真希望中醫的抗疫的成就能被西方社會喝政府所接受，可惜醫學的話語權一直被西醫掌控，中醫一直被打壓。加上一些無良騙子或時方中醫，誤導大眾對中醫的認識。</p>\n<p>非常感謝您給的抗疫通方，可是我所在的澳洲卻禁用了麻黃，細辛。我知道缺了青龍會很大程度影響抗疫效果，請問這種情況，澳洲得同胞是否有其他藥方替代？</p>\n<p>再者，我知道抗疫還是需要經方，而非時方。但是我不知道我所在的墨爾本是否有真正的經方中醫。我知道開業的中醫診所不少，但是大多是時方中醫。請問您的聯絡網路中是否您認識或知道的在澳洲墨爾本得經方中醫，如果有，麻煩您幫忙介紹一下。萬分感激</p>",
      "level": 0,
      "highlight": false,
      "children": [
        {
          "id": "d4768da4a8a2813d4112d533b4e01edd",
          "author": "李宗恩",
          "time": "2021年09月07日 20:23",
          "content": "<p>我對澳洲中醫師情況不了解。澳洲應該沒有禁止麻黃、細辛等中藥材，我在澳洲的病人們還是買得到。</p>",
          "level": 1,
          "highlight": true,
          "children": []
        }
      ]
    },
    {
      "id": "b0f7f457fa87f30ccb3dd83fa8f00868",
      "author": "劉威志",
      "time": "2022年04月06日 04:56",
      "content": "<p>李醫您好，沒法買到生半夏，只有薑半夏，請問將改生半夏換成薑半夏，此半夏的劑量要增多少?</p>",
      "level": 0,
      "highlight": false,
      "children": [
        {
          "id": "736d6d322a1e833f8f3287b2c7fa3ed9",
          "author": "李宗恩",
          "time": "2022年04月11日 11:39",
          "content": "<p>無法知道你買的藥材品質，可以先同等劑量試一試。</p>",
          "level": 1,
          "highlight": true,
          "children": []
        }
      ]
    }
  ],
  "page": 21,
  "order": 1,
  "filename": "data\\page20\\page20_order10_dc0d58cf008eddac2cc25b46bae89534.json"
}